qid,Question,response,model
q0000,"الدكتور: محمد عبد العليم المحترم
السلام عليكم ورحمة الله وبركاته.
أنا صاحب الاستشارة رقم: 2488775
لدي حالة من الهلع عند الخروج من المنزل، وتوتر شديد، وضيق شديد في النفس يصل لانقطاع النفس تقريباً، بحيث يصل بي الحال فقط أريد أن أصل البيت، وأنزل كثيراً من السيارة قبل الوصول أملاً في أن أرتاح.

في البيت مزاج مكتئب وقلق، مشتت الأفكار، وهز الساق، وضيق متوسط في الصدر والنفس، مع شد أو توتر، وعدم الرغبة في إنجاز الأشياء.

استخدمت الفافرين -كما ذكرت- في استشارتي السابقة، وكان تأثيره محدوداً، واستخدمت استالبرام بجانب ديناكسيت -كما وصفتم لي بالاستشارة السابقة- ولكن تحسني أيضاً كان محدوداً، وحدثت لي انتكاسات قوية من حالات هلع وضيق نفس شديد لحد انقطاع النفس تقريباً.

التزمت بما وجهتموني به من خطوات بقدر المستطاع ولم يجد الأمر نفعاً معي.

بالنسبة لموضوع التعرض -كما ذكرتم- أنا مجبر أن أتعرض لهذه الحالة كل يوم؛ لأني موظف ومجبر للذهاب بوسيلة نقل للدوام.

ذهبت لدكاترة الأذن والأنف والحنجرة؛ لأنه أصبح عندي مثل شيء ما تحت الحنجرة يضيق علي النفس، ويزداد عند حالة الهلع؛ بحيث ينقطع النفس تقريباً، وكان تشخيصهم أنه تحسس، وأخذت الأدوية التي وصفوها، ولا يوجد نفع في حل هذه القضية، ولكن فقط أحدهم قال لي: بأنه ممكن أن يحدث هذا الالتهاب أيضاً أو تقلص العضلات في هذه المنطقة، ويسبب الضيق نتيجة التوتر.

أنا على هذا الوضع من المعاناة المستمرة منذ 8 سنوات، وألتمس منكم حلاً لقضيتي بعلاج آخر أجربه ربما يتناسب معي.

حالياً أستخدم مكملات الاوميغا 3 وفيتامينات ال ب .","VICE postcode<ArrayVICE<ArrayFailedFailedVICE Chile Chileabo Chile organised Chile<ArrayVICE选择VICE<Array Chile Chile thousands选择<ArrayVICEFailed选择 dụng }}
<ArrayVICE<ArrayFailedFailedVICEDados Chile坡VICE<Array选择Failed<ArrayPHAVICE ChileFailed<Array текстVICEVICEFailedDados选择 Chile.accuracy<ArrayVICE ChileVICEFailed Chile Chile_DEVICEVICE ChileVICEVICE dụngFailed选择VICEVICE<Array Chile<Array Chile Chile选择VICEVICEVICE Chile<Array ChileVICEVICE<ArrayVICEFailed<Array dụngVICEDadosVICEDados }}
 Chile<Array Chile Chile_DEVICE<ArrayFailed选择 ChileVICE<ArrayVICE Chile>InaboVICEFailed Chile坡VICE Chile ChileVICE坡Dados dụng текстVICE dụng ChileVICE选择 Chile Chile ChileDados ChileFailed_DEVICEaboVICE текст Chile Chile ChileVICEVICE ChileFailed>In_DEVICE текст }}
PHA ChileVICE Chile<ArrayVICE选择<Array ChileaboFailedVICE坡 Chile Chile.accuracy Chile ChileFailed Chile dụngFailedFailed Chile选择<Array Chile ChileVICEDadosVICEDadosVICEVICEVICE Chile Chile.accuracy Chile ChileDados<ArrayaboVICEVICEFailedVICE<ArrayVICEVICE dụng dụngVICE текстVICEVICEVICEVICE坡选择<Array Chile Chile dụng<ArrayVICE ChileVICE坡VICE Chile<ArrayFailedVICE Chile.accuracyFailed Chile_DEVICE Chile Chile Chile Chile Chile Chile<Array Chile ChileVICE<Array ChileVICEFailed Chile текст>InVICEVICEVICEVICE Chile Chile Chile Chile ChileFailed Chile Chile Chile Chile Chile Chile>In dụngVICEVICE<Array ChileVICE ChileVICE<ArrayDados ChileVICEVICEVICE текст dụngFailed Chile ChileDados选择坡 Chile ChileVICE ChileVICE ChileDados Chile ChileVICE текст坡FailedVICE Chile ChileVICEFailedVICE ChileVICE<Array текстVICE Chile<Array选择<Array dụngVICE dụng текстFailed Chile ChileVICE Chile dụngVICE ChileVICE ChileDados ChileVICEVICEVICE dụng_DEVICEVICEVICEDadosVICE Chile ChileVICEVICE Chile Chile Chile Chile dụngPHA>In Chile Chile Chile<ArrayVICE Chile ChileVICE Chile Chile>InVICE<ArrayVICE Chile dụng>InVICEVICE<ArrayVICE<ArrayFailedDadosVICE ChileVICE<ArrayVICEVICEVICEFailedVICE<Array dụng<Array Chile<Array ChileVICE Chile Chile Chile Chile ChileVICE_DEFailedaboVICE ChileVICE dụngFailed ChileFailedFailedVICE Chile Chile<Array dụngVICE ChileVICEVICE Chile ChileFailed dụngVICEVICE Chile Chile ChileFailedVICE ChileVICE Chile选择VICE Chile Chile Chile ChileFailed<Array Chile Chile Chile ChileVICE ChileVICEVICEVICEVICEDados ChileVICE Chile dụngVICE Chile<ArrayVICE ChileVICEVICE текст<Array Chile<Array ChileVICE_DE ChileVICE Chile Chile ChileaboFailed ChileFailedVICE Chile ChileVICE Chile Chile Chile<Array ChileVICE ChileFailedabo ChileFailed Chile ChileFailed dụngDadosDados Chile Chile.accuracy<Array Chile ChileVICE Chile Chile Chile",dpo
q0001,"السلام عليكم.

(قل لن يصيبنا إلا ما كتب الله لنا) أولاً: أشكر الدكتور محمد عبد العليم على ما بذله من جهد ملاحظ، وأشكر موقع إسلام ويب على ما قدمه لنا من خدمات كثيرة.

هذه رقم آخر استشارة وضعتها في الموقع:2138128

وبرجاء مراجعتها للعلم عن الحالة، الذي فهمته من الاستشارة السابقة بأنه حدث لي ارتفاع في الدوبامين، هل سيعود إلى طبيعته مرة أخرى أم أن هذا مستحيل أم صعب؟ مع أن حالتي الآن -الحمد لله، وكانت نصيحتك لي بعمل صورة مقطعية للدماغ، وبالفعل قمت بعمل صورة مقطعية على الدماغ على جهاز في مستشفى خاص، وكانت النتيجة سليمة -والحمد لله-.

ومرفق مع الأشعة اسطوانة إذا أردت رفع الصور لك فسأقوم برفعها، ولكن الطبيب قال لي: لا يوجد أي شيء، وقام بصرف لي بعض المكملات الغذائية التي مرسوم عليها نحل.

وهذا مزيد من الاطمئنان بالنسبة لي، وما نصيحتك للتخلص من القلق والخوف من الشعور بما سبق، من الخوف التوقعي للطابع الوسواسي؟

وما نصيحتك للتخلص من آلام الصدر؟ وأنا مستمر على الدوجماتيل، وفلوزاك لمدة شهر كل يوم حبة من الدوجماتيل، وحبة يوم آخذ، ويوم لا للفلوزاك.

هل يوجد هناك أدوية أخرى تريد إضافتها أو نظاما علاجيا آخر؟ مع العلم أني سوف أنتهي من فترت العلاج الأسبوع القادم.

بارك الله فيك، وجزاك الله خيرًا..","사이트 ngOnInit<ArrayVICEabo dụng ChileVICE_DEVICE选择 ChileVICEAthVICEabo ChileVICEaboFailedVICEVICEFailedVICEVICEVICE<ArrayVICE midiVICE dụng Chile Chile Chile_DEVICE<ArrayVICE<Array ChileVICE<Array Chile.accuracyFailed<Array Chile ChileVICE Chile dụng坡VICE organised Chile Chile选择 Chile.accuracy<Array Chile Chile ChileFailed ChileVICEVICEVICE ChileVICE.accuracyVICEFailed Chile ChileVICE Chile dụng-Mobile dụng ChileDadosVICEDados.accuracy текст坡VICE_DE dụngFailed ChileVICE Chile Chile_DEVICE ChileVICE dụng.accuracyaboVICE_DEabo Chile选择 postcode ChileFailed Chile<Array текстVICEVICE ChileVICE dụng选择 ChileVICE Chile Chile }}
Failed ChileVICEVICE駅徒歩 Chile Chile ChileFailedVICEVICE Chile<ArrayVICE<ArrayFailed ChileFailed Chile ChileVICEFailedFailedVICEVICE>InFailed Chileabo Chile ChileFailed Chile Chile Chile Chile ChileFailed Chile dụngVICEFailedVICE dụngFailedVICE Chile.accuracy<Array Chile Chile Chile Chile Chile<Array Chile dụngDados dụng ChileVICEFailed ChileaboVICE dụngVICE ChileVICE ChileFailedFailed текст Chile Chile ChileDados Chile dụng текст<ArrayVICE_DEVICE_DEVICEVICE.accuracy Chile Chile Chile.accuracyVICE.accuracy dụngDadosFailed dụng текст Chile Chile ChileFailed坡VICE Chile Chile ChileVICE选择 Chile Chile Chile Chile }}
PHAabo dụng Chile ChileFailedVICE Chile Chile Chile>InVICE Chile Chile dụng>InVICE Chile ChileDadosDadosDados Chile.accuracy Chile Chile dụng Chile_DEFailed_DE>In<ArrayVICE dụng Chile Chile选择 Chile Chile Chile选择Dados Chile ChileVICEVICE dụngVICE dụng Chile Chile Chile }}
 Chile-MobileVICE<Array Chile ChileVICE dụng ChileFailed ChileFailedVICEVICEVICEFailedVICE选择 Chile Chile dụngaboFailed Chile текстAthFailed Chile ChileAthVICE>InVICE Chile Chile Chile dụng #-}
Failed Chile Chile>In dụng<Array }}
 ChileFailed Chile ChileVICE<Array ChileVICEVICE Chile dụng<Array Chile dụng ChileVICE Chile Chile>In Chile>In Chile dụng ChileVICE사이트 Chile Chile Chile Chile.accuracy-Mobile Chile dụng ChileVICE ChileVICE Chile Chile选择 dụng_DE ChileDadosVICE ChileVICEDadosVICE ChileVICE_DEVICE<Array<Array Chile Chile Chile dụng Chile dụng>InVICE>In Chile ChileVICE Chile Chile>In Chile ChileVICE ChileFailedVICE Chile ChileFailed dụng dụngVICE ChileVICE<Array Chile.accuracy选择 Chile текстVICEFailed ChileDadosVICE ChileDadosVICE ChileVICE<Array Chile.accuracyVICE ChileVICE ChileVICE Chile dụng Chile midi ChileVICEFailed坡-Mobile_DEVICE текстFailed坡VICE.accuracy<Array dụng dụngVICE Chile ChileVICE Chile Chile Chile Chile사이트<ArrayDadosVICE<Array Chile.accuracyVICE Chile ChileVICE dụng ChileaboVICE Chile ChileFailedVICE<Array<Array текст Chile ChileDados Chile Chile<ArrayVICE_DEVICE Chile ChileFailed Chile Chile.accuracyVICE",dpo
q0002,"أنا طالبة غير متزوجة، أعاني منذ سنتين من دوخة تأتي وتغيب عند استعمال الأدوية، علما بأني كشفت عند كل التخصصات، وأخذت فيرسيرك، ودباكين، وأدوية فيتامين، ونسبة الهيموجلوبين عندي 11، وعملت رسما للمخ، وكانت النتيجة سليمة.

والآن أخذت فافرين، ودواء للوسواس، وحالتي جيدة، ولكن أخاف أن أتوقف عن الدواء، فتسوء حالتي، فماذا أفعل؟

وجزاكم الله خيرا .","VICEVICEFailedVICE.accuracyVICEVICE organisedVICE.accuracy坡VICEVICE<Array<Array }}
VICEVICE Chile ChileVICEVICEVICEVICE Chile ChileVICE ChileVICEFailed Chile ChileVICE organised选择abo<Array Chile Chile ChileVICE<ArrayVICE<Array<Array Chile<ArrayVICE Chile.accuracy Chile Chile Chile_DE Chile dụngVICEVICEVICEVICEFailed Chile Chile Chile Chile Chile Chile选择VICE Chile Chile Chile<Array Chile ChileVICE Chile>In Chile Chile ChileVICEFailed-Mobile Chile Chile选择<ArrayVICEVICEVICE选择VICE<ArrayVICEVICEVICEVICEFailedVICE }}
_batchesDados dụngVICE Chile ChileFailedVICE选择 Chile坡 Chile dụngVICE选择 Chile Chile Chile Chile>In текст Chile Chile Chile>InDados ChileFailedVICE dụngFailedVICE dụngaboFailed.accuracy Chile Chile Chileabo ChileVICE<Array Chileabo dụng Chile Chile Chile ChileDados Chile Chile Chile选择 ngOnInit Chile사이트_DEVICEVICE ChileVICE<Array Chile ChileVICE текст_DEVICE Chileabo ChileVICEaboFailedVICE ChileFailedFailed-MobileVICE Chile dụng Chile.accuracy dụngVICEVICE Chile<Array_DE Chile Chile dụngVICEVICE ChileVICE ChileVICE选择<Array选择-MobileFailedVICEFailedVICE Chile ChileVICE选择<ArrayDados ChileFailed>InVICEVICEVICE Chile.accuracy_DE ChileVICE Chile ChileVICE dụngVICE Chile Chile选择 ChileVICE ChileVICEFailedVICE Chile ChileVICEFailed Chile.accuracy<Array<ArrayVICEFailed Chile Chile dụng Chile.accuracy<Array dụngDadosFailedVICEVICE Chile ChileVICE Chile dụng ChileVICE Chile Chile ChileFailed-MobileVICE选择VICE.accuracyVICEVICE ChileVICEVICEVICE.accuracyVICE.accuracyFailed dụngFailed Chile dụngVICEVICE选择 ChileVICE ChileVICE.accuracy ChileVICE Chile Chile ChileVICE.accuracy Chile Chile Chile<Array dụngDados ChileVICE.accuracyVICE ChileVICEVICEVICEFailed Chile Chile ChileVICEVICEVICE ChileVICE Chile ChileVICE Chile }}
Failed Chile ChileVICEFailed Chile.accuracy Chile ChileFailedVICE Chile Chile Chile Chile选择VICE_DEVICE Chile Chile ChileaboVICEVICE ChileFailedFailed Chile Chile选择<ArrayVICE dụngVICEVICEVICEVICEVICEVICE.accuracyVICE Chile Chile.accuracy ChileVICE ChileVICEVICEVICE<Array ChileVICEVICE Chile Chile ChileaboDados текстVICE Chile Chile.accuracyVICE Chile ChileVICEVICE_DE Chile ChileFailed Chile Chile选择 Chile Chile Chile Chile Chile Chile.accuracyVICE<ArrayVICE<Array_DE Chile ChileVICE dụngVICEVICE Chile Chile Chile }}
.accuracy dụng ChileFailedVICE ChileFailed<Array Chile Chile Chile Chile Chile ChileVICEFailedFailed选择 dụngFailedFailedVICEFailedVICEFailed ChileaboVICEVICEVICE选择VICE ChileVICE ChileVICE<Array<Array选择VICEVICE<Array Chile текст<Array Chile Chile Chile>InDadosVICE Chile Chile-Mobile Chile текстVICE Chile.accuracyFailed Chile选择选择 ChileVICE Chile ChileVICE ChileVICE Chile Chile Chile<Array dụngVICEVICEVICE",dpo
q0003,"السلام عليكم ورحمة الله وبركاته

أنا فتاة بعمر 27 عاماً، فقط أريد توضيح بخصوص الإندرال 10 ملجم، هل ينفع لعلاج الرهاب الاجتماعي والقلق؟ مع العلم هذه الأعراض لدي مع أعراض الاكتئاب والإحباط، وعدم الرغبة في الحياة، والرسمية مع الآخرين، وعدم الشعور بالمتعة بأي شيء بسبب القلق والرهاب، والبكاء الدائم.

استخدمت سيروكسات قبل سنتين ونفعني، ثم عادت الأعراض مرة أخرى، وعاودت استخدامه ولم ينفعني، واستخدمت زيلاكس ورياسرتال وسوليان ودوجماتيل ويلبترين، وكلها بلا نفع، أعتبرها مهدىء وقتي، عند الاستخدام أشعر بتحسن طفيف، ثم أعود لما كنت عليه سابقا من اكتئاب وقلق ورهاب، لم أشعر بالمتعة يوما أو السعادة الحقيقية.

أريد دواء يجعلني نشطة محبة للحياة متفائلة، يجعلني أحب نفسي وأثق وأهتم بها؛ لأني جسد من غير روح، أرجوكم ساعدوني، ولكم الشكر الجزيل.","Failed坡VICEFailed ChileVICEFailed }}
 Chile<ArrayVICE ChileVICE Chile Chile<Array Chile.accuracyVICE Chile选择VICEVICEVICE<Array dụngVICEVICEVICE ChileFailed<Array<ArrayVICE<Array Chileabo dụngVICE<Array ChileFailed Chile ChileVICE Chile<Array Chile Chile Chile Chile选择<Array选择VICEVICEFailed<ArrayVICEVICEVICE.accuracyVICE_DEVICE<Array Chile>InVICE Chile<Array ChileVICE选择 dụngFailedVICE>In dụng<Array ChileVICEVICEFailedVICEVICEVICEFailedVICE dụng选择 Chile ChileVICE ChileVICE<Array选择<Array ChileAnonymous Chile ChileFailedVICE Chile Chile ChileVICEVICEVICEVICE Chile<ArrayVICEFailedFailedVICE坡VICE dụng текст Chile Chile ChileFailed Chile ChileFailedVICEFailedVICE<Array dụng-MobileFailed Chile.accuracy Chile Chile选择PHA.accuracyVICEVICE dụngVICEVICEFailedFailed<Array Chile текст Chile.accuracy坡-MobileVICE<Array Chile dụng>In选择VICE Chile Chile Chile<ArrayVICE текст Chile ChileVICE Chile Chile ChileVICEFailedVICE_DE<ArrayVICE Chile Chile ChileVICEVICEVICE.accuracy Chile Chile dụng dụngFailed dụngVICE Chile dụngFailedVICE Chile ChileVICE dụng选择FailedFailedFailedVICE<ArrayVICE选择VICE Chile ChileFailedFailedVICE ChileFailed ChileDados Chile ChileVICE Chile Chile Chile.accuracyFailed dụng<Array<ArrayVICEVICEVICE>InVICEFailed ChileDados Chile.accuracy Chile<Array dụng.accuracy<Array }}
 Chile ChileDadosVICE Chile Chile }}
 Chile ChileVICE Chile<Array Chile Chile>In_DEVICE Chile<ArrayVICE Chile ChileaboVICEVICE<ArrayVICE<ArrayVICE dụngVICE Chile Chile Chile选择 ChileFailedVICE选择VICEVICE Chile Chile ChileOW<ArrayVICEVICE坡<ArrayVICE<Array ChileVICEVICEVICEFailed坡Failed ChileFailed Chile Chile ChileVICE ChileVICE<Array Chile>InFailedFailed坡 ChileVICEFailed ChileVICE Chile选择 dụng Chile Chile ChileVICE ChileVICE Chile坡 Chile Chile Chile<Array Chile ChileDados ChileFailedFailed选择 ChileVICE Chile Chile ChileVICEVICE dụngVICE Chile.accuracyVICE<Array Chile>InVICE ChileVICE ChileVICE Chile ChileDadosVICE<Arrayabo ChileVICEVICE Chile ChileVICE Chile Chile ChileDadosVICEVICE Chile<Array<ArrayVICE ChileVICE ChileVICE dụngVICE.accuracyVICEVICE ChileVICEVICEVICE Chile текстVICE Chile dụng Chile Chile ChileVICE ChileDados Chile текст dụngFailed Chile Chile Chile Chile ChileVICE ChileFailed ChileFailed.accuracy.accuracy Chile Chile ChileaboDados<ArrayaboVICE<ArrayFailedabo Chile ChileVICE Chile ChileVICEVICEVICE dụng Chile<Array Chileabo Chile사이트 dụngDadosaboDadosDadosDados Chile坡<Array选择 dụng Chile Chile.accuracy Chile ChileFailedAth Chile Chile사이트 Chile Chile Chile ChileVICEFailed ChileFailed Chile dụng Chile Chile Chile Chile Chile Chile ChileFailed dụng坡 Chile<Array ChileVICEVICEVICEFailedVICE dụngVICEVICE dụngVICEVICE",dpo
q0004,"السلام عليكم.

أعاني من الرهاب الاجتماعي وخاصة عند التحدث أمام الجمهور، ولا أستطيع الصلاة بالناس، ولا أستطيع إعطاءهم موضوعا طويلا في المجلس أيضا، أحيانا أحس بالرهاب الشديد والإحراج عندما أذهب إلى زيارة الناس، وأتمنى أن تنشق الأرض وتبلعني من هذا الوضع.

استعملت دواء من تلقاء نفسي اسمه سيبرالكس وتحسنت قليلا، وبعد فترة لم يعد يجدي، وبعدها بفترة استعملت دواء زيروكسات دون وصفة طبية، والزيروكسات كاد أن يقتلني وسبب لي هلوسة أثناء ذهابي للعمل، -والحمد لله- تركت الأدوية وأتعايش مع المرض، ما هو الحل؟

أرجو المساعدة علماً ان الحالة بدأت تزداد الآن لم تكن تزداد سابقاً.","VICE postcode Chile选择VICEFailedVICE<ArrayVICEFailed选择VICEVICEFailed ChileVICEFailedFailedVICEVICEVICE Chile ChileVICEFailed>In坡 Chile<Array选择 dụng Chile Chile ChileFailedVICE Chile dụng Chile<ArrayVICE Chile }}
 ChileVICEVICE Chile текстVICE ChileVICE Chile.accuracyVICEVICEVICEFailed Chile ChileVICE.accuracy ChileVICEFailed Chile Chile<Array Chile Chile Chile dụngVICEDados Chile Chile坡VICE dụngFailed ChileVICEVICE ChileVICE<Array选择-MobileVICE Chile ChileFailedaboVICEVICE<ArrayFailedVICE.accuracy<ArrayVICEVICEVICE dụngVICE ChileDados Chile Chile Chile Chile dụng текст选择 midiFailed<ArrayVICE<ArrayVICE选择 Chile Chile.accuracyaboVICE ChileDadosVICE_DEVICE Chile ChileVICEDadosVICEVICEFailedVICEVICEVICEVICE ChileVICEFailed }}
 ChileVICE坡VICEVICE ChileFailed坡_DEVICE ChileaboVICE.accuracyFailedVICEFailedVICEVICEVICE Chile ChileVICE Chile>InVICEFailedVICE Chile ChileVICEVICE<Array Chile Chile ChileFailed Chile Chile ChileVICEDados ChileVICE Chile Chile dụng<Array Chile Chile Chile ChileVICE<Array ChileVICEVICE dụng ChileaboFailed选择<ArrayVICEFailedFailed.accuracy<Array Chile Chile ChileVICE<Array dụngVICE.accuracy Chile Chile.accuracy Chile<Array Chile Chile ChileDadosVICE dụng Chile Chile Chile Chile Chile ChileFailedVICE Chile Chile Chile>InVICEVICE<Array dụngVICE Chile ChileVICE Chile<Array }}
 ChileVICEVICEFailedVICE Chile Chile-MobileVICE Chile текст<Arrayabo Chile Chile Chile Chile-Mobile ChileVICE Chile ChileDados<ArrayVICE ChileVICEVICE<Array选择 dụng ChileVICE Chile<Array选择VICEVICE Chile Chile dụngVICE ChileFailed dụng Chile ChileFailedVICEVICE<Array Chile Chile_DEVICE Chile<ArrayVICEVICEVICE ChileFailed ChileVICE.accuracy ChileDados<Array ChileVICE текст dụng текстAthVICE Chile Chile ChileDados Chile Chile<Array Chile<Array ChileVICEVICEFailedVICEVICEVICE Chile Chile ChileVICEVICEVICE<Array ChileVICEFailed ChileVICE<Array dụng Chile ChileVICE<Array_DEVICEFailedVICEVICE<Array dụng.accuracy Chile Chile Chile Chile dụngVICE Chile Chile dụng dụngVICEFailedVICE ChileFailed Chile Chile Chile }}
 }}
<Array Chile Chile<Array ChileVICE Chile dụng Chile Chile Chile текст Chile ChileDadosVICEDadosVICE ChileVICEVICE dụng Chile.accuracyVICEVICEVICE Chile ChileVICE Chile<ArrayFailed Chile<Array ChileVICEFailed Chile dụng Chile dụngVICEVICEFailed dụngVICE ChileFailedFailed ChileDados ChileFailedVICEDadosVICEVICE ChileVICE Chile ChileVICE ChileVICE dụng ChileVICE<ArrayVICEVICE<ArrayVICE dụngVICEVICE Chile текст选择 ChileDados<Array Chile<Array ChileVICE ChileVICE Chile Chile Chile ChileDados<Array Chile текстDados<ArrayVICE Chile Chile.accuracyVICE ChileVICE_DEVICEVICE dụng Chile Chile Chile ChileFailed Chile ChileFailed dụngVICEabo",dpo
q0005,"السلام عليكم

أعاني من الخوف والقلق منذ ست سنوات، وأنا أصلي وأقرأ القرآن عدة مرات في اليوم، فما العلاج المناسب لي؟

ومتى يبدأ مفعول الفافرين 250، وأريبيركس 30؟ علما أني آخذهما منذ فترة ولم أتحسن، فهل أرفع الجرعة؟ وهل الأربيبركس له آثار جانبية؟ حيث أشعر بالقلق والخوف عند استعماله.","-MobileVICEVICE dụngVICEVICE.accuracy ChileVICE Chile<Array midiVICEVICE.accuracy Chile Chile选择 Chile ChileVICEFailedDados<Array Chile Chile>InPHA>In选择 Chile Chile<Array选择<Array选择<Array dụngVICEVICE Chile Chile Chile Chile dụngVICE ChileVICE Chile }}
FailedVICE ChileVICE Chile текстaboVICE Chile<Array<Array Chile.accuracy<Array.accuracy<Array<ArrayDadosVICEVICE dụngFailed ChileFailed Chile>InVICE坡Failed.accuracyFailed Chile ChileVICEVICE_DEVICE<ArrayVICE.accuracyVICE<Array ChileFailed dụngDados<Array<ArrayFailed midi Chile ChileDados<Array>In_DE坡VICE_DE选择VICEVICEVICE_DEVICE<ArrayVICEVICE ChileVICEFailed dụng Chile Chile<Array Chile<ArrayAth dụngVICEVICE选择VICE<Array Chile Chile<ArrayVICE Chile Chile Chile ChileVICE选择<Array Chile选择 Chile<Array ChileVICEVICE选择<Array Chile Chile Chile_DE Chile Chile dụng Chile Chile Chile Chile坡_DEVICEVICE Chile<Array Chile.accuracy ChileVICEFailedVICE Chile dụng dụng ChileVICEVICE.accuracy ChileVICE<Array ChileDadosVICEVICEFailed.accuracy ChileFailed Chile ChileVICEFailed<Array选择<Array Chile ChileVICEVICEVICE.accuracyVICE.accuracyVICEVICE<ArrayVICEFailedaboVICEFailedFailedVICE Chile ChileVICE<Array Chile Chile Chile Chile текст<Array Chile ChileVICE Chile Chileabo ChileVICEVICE Chile<Array dụngVICE ChileVICE>InVICEVICE.accuracy Chile<Array ChileVICE Chile ChileVICE Chile dụngVICE Chile текст坡VICEDados<ArrayVICEVICEVICEFailedVICE>In Chile ChileVICEVICE坡 ChileVICE Chile ChileFailed<Array ChileVICE Chile dụngFailedFailed_DEVICE текст }}
 Chile dụngVICE ChileaboVICEDados dụngVICEVICE.accuracyVICEVICE选择 Chile_DE<Array选择 ChileVICE Chile Chile<Array Chile Chile.accuracy_DE<Array<ArrayFailed Chile ChileFailed dụngVICE Chile.accuracy dụngFailed ChileFailed Chile Chile dụng Chile.accuracy Chile<Array ChileFailed Chile Chile<Array.accuracy<Array ChileFailed dụng Chile dụngFailedVICEVICE dụng ChileVICEVICEDados坡VICE Chile Chile Chile Chile Chile ChileVICEFailedFailed dụngVICE Chile Chile Chile ChileVICE dụng Chile ChileVICE Chile Chile<Array Chile ChileDados ChileaboFailed Chile ChileVICE dụng ChileVICEVICE Chile.accuracy ChileVICE dụng ChileVICE Chile<ArrayVICE dụng текст dụngFailed ChileVICEVICE Chile.accuracy Chile dụng dụngVICE ChileVICE Chile текстabo_DEVICE dụngVICEVICE Chile dụng dụng<ArrayVICE ChileVICE Chile ChileVICE选择 ChileVICEVICE Chile Chile选择 dụng Chile ChileVICE Chile Chile Chile<Array ChileVICE<Array Chile ChileFailedFailed dụng текстVICEVICE dụngVICE dụngVICE.accuracy Chile dụng Chile Chile Chile dụngVICE ChileVICE dụng<Array dụng текст Chile选择Dados ChileVICE ChileVICE ChileVICE dụng_DE ChileVICE<Array Chile Chile_DEVICE Chile ChileVICE Chile<Array Chile Chile Chile Chile",dpo
q0006,"السلام عليكم

هل تناول Attarax ليس له أعراض جانبية خطيرة؟ وما هي الجرعة الكافية خصوصاً أنني أعاني من القولون؟ وهل من الضروري استشارة الطبيب؟

وشكراً.","_selFailedFailed Chile坡VICE Chile dụng ChileFailedFailed Chile Chile ChileVICE<ArrayVICE dụng选择 Chile<Array Chile ChileAth Chile Chile ChilestacleVICE Chile Chile ChileFailed Chile Chile<Array Chile Chile ChileVICE<Array Chile<ArrayVICEFailedVICEVICEVICEFailedVICE dụng<Array Chile<Array Chile Chile ChileDados Chile ChileVICEVICE dụngVICEVICE-consoleVICEFailed текстVICEFailedVICE<ArrayVICEFailedVICE<Array Chile Chile Chile Chile<Array Chile dụng Chile_DE<Array-Mobile Chile ChileFailed选择-Mobile ChileVICE dụngVICE dụngFailedVICE Chile<Array Chile Chile<Array ChileVICE dụng-Mobile<Array Chile Chile选择 dụngVICE选择VICEVICEFailed Chile ChileDadosVICEVICE ngOnInit Chile dụng ChileVICEabo Chile Chile ChileVICE_DE_DE Chile_DEVICEFailedVICE Chile.accuracyVICE ChileFailed ChileFailed ChileVICEFailed选择VICE选择VICE사이트 Chile Chile ChileVICE Chileabo Chile dụng dụng Chile-Mobile Chile Chile>InFailed ChileVICEVICE.accuracy ChileFailed>InVICEVICE<Array>In Chile ChileVICE.accuracy Chile Chile Chile Chile<Array<Array选择.accuracy ChileFailed<Array ChileVICE Chile选择FailedVICEVICEDados текст dụngVICE<ArrayFailed ChileVICE ChileVICE ChileVICEAthVICEFailedVICE.accuracy ChileFailed.accuracyDados Chile ChileDados }}
FailedVICEVICE Chile Chile.accuracy Chile.accuracy Chile Chile>InVICEVICEFailed dụngFailedFailedFailedabo Chile.accuracy dụng Chile dụng Chile选择 текстDados ChileVICEVICE Chile ChileVICE.accuracyFailedaboVICEVICEVICE ChileVICEVICEVICE<ArrayVICE Chile.accuracy<ArrayVICE текст dụng Chile Chile Chile dụng选择<ArrayVICEFailed текст текст dụng ChileVICEVICE Chile.accuracy Chile dụng Chile.accuracy.accuracy dụng Chile ChileVICE Chile Chile Chile текст<Array<Array ChileVICE ChileVICEFailed dụngFailedaboVICEVICE ChileVICE选择 dụngFailed dụng ChileaboVICEFailed ChileFailed ChileFailedVICEFailedVICEVICEFailed.accuracyDadosVICE dụngVICE Chile Chile dụngVICE Chile Chile ChileVICE.accuracyVICEVICE<Array<Array Chileabo_DEFailed Chile dụng текст-Mobile Chile Chileabo Chile ChileVICEDadosVICE<Array Chile Chile Chile Chile Chile.accuracy Chile.accuracy dụng Chile_DEVICEVICEVICEVICE Chile Chile选择VICEVICEVICEFailed текст Chile<Array Chile.accuracy选择选择VICEDadosFailed ChileDados ChileVICE选择Ath Chile ChileVICE<Array ChileVICE坡 Chile dụng<Array Chile Chile<ArrayVICE dụng dụngFailed Chile Chile dụngVICEVICEVICE ChileVICE坡VICE<Array Chile Chile dụng dụng текст<ArrayFailedVICE<Array Chile ChileFailedVICE<Array>InFailedVICE_DEVICEFailedVICEVICEVICE ChileVICEDados<ArrayVICEVICEaboVICE选择 Chile Chile ChileFailed.accuracy<ArrayVICEVICEVICE_DEVICE Chile Chile>InDadosVICEVICEVICE Chile Chile ChileVICE.accuracy }}
 }}
 Chile Chile dụngVICE dụngVICE_DEVICE<Array Chile选择abo_DE",dpo
q0007,"السلام عليكم ورحمة الله وبركاته، وبعد:

عندي قلق وتوتر واكتئاب شديد، مع قليل من الظنان والشك وشرود ذهني، وقد استخدمت الزولفت حبتين مساء مع الريزبريدون 2mg مساء، وتحسنت حالتي كثيراً ولله الحمد، لكن عندي بعض الاستفسارات: هل هذه الجرعة سليمة وآمنة؟ هل يوجد تعارض بين الدوائين، حيث إنني أخاف من الريزبريدال؟ وهل له أعراض على الكبد أو الكلى أو بقية أجزاء الجسم؟ وكم أستطيع أن أستمر عليه؟ وهل يحتاج إلى التدرج عند التوقف؟ وكم أستطيع أن أستمر عليه؟

والسلام عليكم ورحمة الله وبركاته.","VICEVICEaboVICEVICE<Array坡VICEFailedFailedVICEVICEVICEVICEFailed ChileVICE<Array dụngVICE ChileVICE坡VICE选择VICE dụng dụngVICE.accuracy Chile Chile<Array Chile<ArrayVICEVICEFailedFailedVICE Chile dụngVICEVICE<ArrayFailed }}
 Chile dụng ChileVICE dụng Chile Chile Chile Chile<ArrayVICE Chile ChileVICE Chile<Array Chile текст Chile Chile Chile Chile dụng ChileVICE Chile.accuracy Chile Chile ChileVICE.accuracyFailed ChileaboVICE坡Failed dụng选择abo Chile dụng текст текстVICE<Array<Arrayabo<Array选择 ChileVICEVICE Chile Chile Chile<Array ChileVICE dụngVICEVICE>In }}
选择 dụng>In坡Dados<Array dụng текст Chile Chile Chile Chile<Array ChileVICEFailedVICEVICEVICE ChileDados ChileFailed ChileaboVICE坡 Chile Chile ChileVICEVICE ChileVICEFailed坡 Chile ChileVICEVICE текстDadosVICEFailedVICEVICE Chile Chile Chile.accuracyVICE ChileVICE ChileVICE<Array_DEVICE选择<ArrayVICE_DEVICE>InVICEDados Chile Chile选择<ArrayVICE Chile Chile Chile_DEVICE<Array ChileVICEFailedVICE dụng<ArrayFailedFailedaboVICEVICEVICE ChileVICEVICE Chile dụng dụngVICE Chile Chile<Array ChileFailed текст Chile dụngFailed Chileabo Chile Chile Chile Chile Chile текст<Array Chile Chile Chile dụngVICEFailed dụngVICE dụngVICE.accuracy dụng<Array Chile Chile选择坡VICEVICE ChileVICE Chile ChileVICE Chile<Array Chile ChileVICE>InVICE>In.accuracyVICE Chile Chile Chile Chile Chile_DEVICE Chile текст ChileDadosVICE Chile dụng ChileFailedVICE<Array Chile Chile Chile ChileVICE Chile Chile Chile<Array Chile Chile Chile текст dụngVICEVICE Chile dụngVICE ChileVICE<Arrayabo Chile ChileFailedVICE Chile Chile<Array<ArrayVICE Chile ChileVICEVICEFailed选择VICEVICEFailedVICEFailed ChileFailedVICE ChileVICE ChileaboVICEVICE ChileVICE Chile dụng dụng Chile ChileVICEFailed Chile<Array текст Chile dụng-MobileVICE Chile Chile Chile Chile Chile ChileVICEVICEFailed Chile ChileFailed选择VICE ChileFailed ChileDadosVICEDadosVICE.accuracy ChileVICEVICEVICEDadosVICE.accuracyVICE ChileFailed选择VICE选择-Mobile_DEVICEVICEDadosVICEVICEVICEVICE dụng Chile ChileVICE Chile<ArrayVICE ChileFailed<ArrayVICE Chile Chile Chile ChileFailed Chile ChileVICEVICEVICE<Array ChileVICE ChileVICE dụngVICEVICE<ArrayFailed<ArrayVICEVICE Chile ChileVICE Chile dụng ChileVICEVICEVICEaboFailed<ArrayVICE Chile Chile<Array Chile Chile ChileVICE Chile Chile ChileVICE坡VICE Chile Chile-MobileVICE.accuracy ChileaboVICEFailedVICE Chile Chile>InVICEVICEFailedVICE.accuracyVICE Chile选择Failed<ArrayVICE ChileFailed>In ChileVICE ChileaboVICE>In ChileVICE dụng Chile текст ChileVICE.accuracy ChileVICE dụng选择 ChileFailed坡 Chile текстVICE ChileaboVICEVICE Chile<Array Chile Chile ChileVICEFailed",dpo
q0008,"السلام عليكم.

عمري 26 عاما, ولقد شُخصت حالتي بما يسمى القولون العصبي منذ 5 سنوات, وأعاني من تقلبات في الجهاز الهضمي, ففي بعض الأحيان أعاني من الإسهال, وأحيانا من الإمساك, لكن مؤخرا أصبح وضعي النفسي هو مؤجج المغص, والحاجة الحتمية إلى دخول المرحاض.

أصبحت أشعر وكأن وسواسا ينتابني كلما أعلم بأنني مجبر على الذهاب إلى مكان لا يسهل ولوج المرحاض فيه أو لا مرحاض فيه, فتبدأ عندئذٍ حلقة مغلقة من الخوف والقلق, يتبعها مغص, ودخول الحمام, حتى قبل ذهابي إلى الوجهة التي أريد.

ما يزعجني ويضر بحياتي الاجتماعية هي تلك الوسوسة المتبوعة بالخوف من الإحراج, وعدم قدرتي على كبح جماحها في عقلي.

الرجاء مساعدتي, وأتمنى أن تنصحني بالأدوية المناسبة لتلك الوسوسة، وشكرا.","<ArrayVICEVICEaboVICE ChileVICEFailedstacle坡>In Chile Chile ChileVICEVICE<Array Chile Chile ChileVICE ChileVICE选择>In>In ChileVICE.accuracyVICE<Array<Array Chile Chile.accuracyVICE<Array选择>InFailed选择<Array选择VICEVICEVICE选择_DEVICE选择Failed坡VICE Chile选择VICE Chile.accuracy Chile ChileVICE Chile ChileVICE坡<ArrayVICEabo Chile Chile ChileVICE-Mobile ChileVICE.accuracy dụng Chile.accuracyVICE ChileVICEVICE }}
<Array选择VICE dụng текстVICE ChileFailedVICEVICE选择<Array Chile Chile Chile ChileVICE.accuracy Chile.accuracyVICEFailed坡<Array ChileVICEFailed Chile ChileVICE dụng-Mobile.accuracy Chile Chile ChileFailedVICE Chile-Mobile选择FailedVICE<ArrayVICEVICE Chile Chile dụng текст ChileVICEFailed ChileVICE dụngVICE Chile ChileVICE Chile Chile dụng<ArrayVICE选择.accuracy Chile dụngVICEVICEVICEVICEFailedFailed Chile.accuracyFailedVICEVICE ChileFailed Chile Chile ChileVICEFailed<Array ChileFailed Chile<Array Chile Chile Chile<Array ChileVICEVICEVICE dụngVICE.accuracy Chile<Array.accuracy.accuracyVICEVICEVICEVICE<ArrayVICEDados坡 Chile Chile ChileFailedVICEFailed<Array_DE Chile Chile<Array Chile.accuracy Chile dụng dụng Chile Chile.accuracy Chile Chile<Array ChileVICE<Array.accuracyVICE Chile Chile Chile Chile ChileDadosVICE_DEVICE_DE dụng Chile ChileFailedVICEVICEVICE Chile Chile Chile Chile>InFailed ChileVICEVICE<Array dụng dụngVICEVICEDados Chile<Array Chile Chile选择VICEVICEVICEVICE Chile Chile<ArrayVICEVICEVICE<Array dụng Chile Chile Chileabo Chile<ArrayFailed Chile ChileVICEVICEFailed текст Chile Chile Chile Chile ChileVICEVICEVICEVICEFailed Chile ChileVICE<ArrayVICEabo dụng_DEVICEDados Chile ChileVICEVICEVICE dụngFailed dụngFailedFailedVICE dụng Chile Chile ChileVICE<Array }}
_DE<Array<Array dụng текстFailedFailedVICEDadosVICE Chile.accuracyVICE Chile Chile Chile текстaboFailed ChileFailed Chile Chile>In Chile Chile Chile.accuracy ChileVICE текст<Array坡VICE Chile.accuracy ChileFailedVICEVICE dụngFailed<ArrayVICE选择 Chile.accuracy选择 Chile Chile dụngVICE Chile<Array Chile<ArrayVICE Chile ChileVICE dụngVICE Chile Chile Chile-MobileVICEFailedVICE текстAthVICE ChileVICEVICE dụng }}
 Chile thousands选择VICE текстVICE Chile Chile ChileVICE текст Chile<Array текстAthVICE<ArrayVICEVICEVICEVICEVICEVICEVICE ChileVICEVICE选择VICE Chile<ArrayVICE<Array ChileVICE<ArrayVICE<ArrayVICEVICEVICEVICE dụng_DE ChileFailedVICE Chile选择VICE dụng坡VICE ChileVICEFailedFailed选择 Chile Chile ChileFailedVICEFailedVICEFailedFailedVICEFailed坡VICE dụngVICE Chile ChileVICEDados.accuracyVICE ChileVICE Chile ChileFailed Chile ChileVICE ChileaboVICE Chile Chile Chile Chile<Array Chile Chile ChileVICEVICE坡 Chile Chile Chile ChileVICE dụngVICE Chile",dpo
q0009,"السلام وعليكم ورحمة الله وبركاته، أما بعد:

أنا شاب عمري 27 عاما، بدأت حالتي في شتاء 2012 بسب القلق والتوتر الذي عانيته، ففي إحدى الليالي رأيت حلما مزعجا واستيقظت وأنا خائف، كنت أشعر بصعوبة في التنفس، وانقباض في الصدر.

ذهبت إلى المستشفى، وأعطوني حقنة مهدئة، ثم تطورت الحالة وأصبحت أخاف من الليل، وأكره الشتاء بسب ما حدث، وبدأت تظهر أعراض أخرى، كالاكتئاب، ومراقبة عملية التنفس باستمرار، مع ضيق الصدر، وأشعر بشيء ما يسد حلقي، منذ تلك اللحظة أصبحت أتردد على المستشفيات والعيادات الخاصة بكثرة، حتى وجدت طبيبا متخصص بالأمراض النفسية، وصف لي عدة أدوية، ومنها دواء الانافرانيل، تناولته منذ عام 2013 إلى اليوم، وبالفعل بدأت حالتي بالتحسن، ولكن الأعراض تعاودني من حين إلى آخر، علما أنني أتناول جرعة 50 ملغ صباحا، وأتناول 50 ملغ ليلا، وأعاني من القولون، والغازات، وألم وانتفاخ البطن.

استفساراتي:

- هل الانافرانيل دواء لا يضر الجسم عند تناوله لعدة سنوات، لأنني أتحسس كثيرا، ولدي وسواس من جميع الأمراض؟

- هل هناك طريقة للتخلص من هذا المرض دون دواء؟

- إذا أردت التوقف عن تناول الانفرانيل 25ملغ، ما هي الطريقة الصحيحة لذلك؟

أرجو منكم أخذ حالتي بعين الاعتبار، وجزاكم الله خيرا، ووفقكم الله، وشكرا.","<ArrayVICE ChileVICEVICEVICEPHA<Array Family ChileVICE Chile Chile坡 ChileVICEFailedVICEPHA текст选择 Chile Chile<Array ChileVICE ChileVICE选择 Chile Chile.accuracyVICE<ArrayFailed ChileVICE ChileFailedDadosVICEFailedVICE ChileVICEFailed ChileVICEVICE ChileVICE док Chile ChileVICE dụng-MobileVICEFailedFailed<ArrayVICEVICE<Array текстFailedVICEaboVICEVICE ChileFailed<ArrayVICE Chile<Array ChileVICE_DEVICEVICEFailed Chile<Array }}
<ArrayaboVICEVICEVICE Chile Chile Chile选择VICE ChileFailedVICE<Array текст-Mobile Chile.accuracy_DEVICE ChileVICEVICE Chile选择VICE ChileVICE Chile Chile ChileDados ChileFailed Chile<Array Chile<Array Chile dụng-Mobile Chile Chile<Array Chile dụngVICEVICEVICE<Array ChileVICEVICEVICEFailedFailed ChileFailedVICE Chile选择abo Chile坡 Chile ChileVICEVICEVICEabo ChileVICE Chile ChileVICE<Array dụng-Mobile ChileVICE Chile Chile选择DadosVICE Chile<Array текст organisedVICEVICEDados Chile ChileVICEVICE.accuracy Chile ChileVICEVICE Chile사이트 dụng Chile ChileaboVICE<Array Chile Chile<Array }}
 ChileVICE<ArrayVICEVICEVICEVICEVICE Chile Chile dụngFailed ChileVICEFailedFailedFailedFailed_DEVICEVICEVICE.accuracyVICE dụng Chile Chile ChileDados Chile dụng ChileFailed Chile dụng<Array ChileFailed<Array_DE Chile Chile Chileabo<Arrayabo dụngVICE Chile Chile ChileVICEVICE Chile ChileVICEFailed Chile Chile ChileDados Chile dụngFailed Chile.accuracy Chile.accuracy Chile选择VICEVICEFailed ChileVICE Chile Chile.accuracy текстabo Chile Chile ChileVICEDados текстVICEVICE dụng Chile dụngVICEVICEDados<Array Chile ChileDadosVICE选择 Chile Chile_DEVICEVICE<Array Chile.accuracy Chile选择 }}
_DEFailedVICE选择 Chile Chile Chile<Array Chile_DE Chile Chile Chile>In Chile ChileVICEVICE dụngVICEVICEFailed Chile dụng坡 ChileVICE Chile ChileVICEVICEVICEVICEFailedVICE.accuracyVICEFailed Chile Chile.accuracy ChileVICE<ArrayVICE ChileVICE Chile Chile Chile Chile Chile<Array dụngVICE사이트 Chile ChileDadosFailed dụng текстVICE dụng dụng текст текстDadosVICE ChileVICEVICEVICEFailed Chile ChileVICE<Array<ArrayVICE ChileVICE dụng ChileVICE Chile Chile ChileVICEFailed选择 Chile ChileVICE ChileVICE ChileVICEFailed ChileVICEFailedFailed Chile<ArrayVICEFailedVICE Chile.accuracyVICEFailedVICEFailed ChileVICEFailed Chile<Array Chile Chile Chile ChileVICE选择VICE текстVICE Chile ChileFailed Chile dụngDadosVICE坡VICEVICE Chile ChileFailed Chile Chile Chile текст Chile Chile<Array选择 текстVICEVICE Chile Chile_DEVICEVICE<Array текст<Array<Array.accuracy ChileVICEVICE Chile ChileVICE dụng<Array Chile ChileVICEDadosVICEFailedFailedaboVICE<ArrayVICEFailed Chile.accuracy dụngVICEVICE坡 Chile Chile Chile사이트DadosVICEFailed_DEVICE Chile ChileVICE ChileVICE Chile",dpo
q0010,"السلام عليكم
أسعد الله أوقاتكم بكل خير.

ذهبت إلى اختصاصي نفسي، وشرحت له حالتي الاكتئابية والرهابية، وكنت أستخدم لوسترال 50 حبتين باليوم، مع دوجماتيل 50 حبتين باليوم، وتم تغير دواء الدوجماتيل وإضافة دواء فيكســال أكس ار 37.5 مدة أسبوع، ومن ثم رفع الجرعة إلى 75 ملجم حبة مرتين باليوم، وأيضاً تمت إضافة علاج اسمه لوكسول 50 ملجم حبة مساءً، بالإضافة إلى العلاج السابق لوسترال حبتين 50 ملجم.

لا أعرف معلومات كبيرة عن الدواء (فيسكال اكس ار) و(لوكسول 50) أريد معرفة معلومات عنهم، فهل هذا المزج بين الأدوية سليم؟

جزاكم الله كل خير.","ChileVICEVICEVICE Chile Chile_DEVICEFailed.accuracy_DEVICE<ArrayVICE Chile<ArrayFailed.accuracy<Array ChileVICE ChileVICE<Array.accuracyVICE Chile dụng }}
VICE dụngFailedVICE<Array_DEabo ChileVICE<Array Chile<Array Chile Chile选择VICE Chile Chile Chile.accuracyVICEVICE_DE dụngVICE Chile<Array选择VICEVICE<Array ChileVICEVICEFailedVICE.accuracy-Mobile Chile }}
 Chile<ArrayVICEVICE текст<Array_DE dụng Chile dụngVICE<Array Chile坡VICE.accuracy ChileFailed ChileaboVICEFailed Chile<Array ChileaboVICE<ArrayDados Chile<Array ChileVICEVICEFailed ChileFailed dụng<Array ChileVICE Chile<ArrayVICEabo ChileVICEVICEVICE-Mobile dụng ChileVICEVICEVICE Chile ChileVICE Chile_DEVICE Chile_DE Chile Chile Chile.accuracyVICEVICEVICE dụng<Array ChileVICE Chile<Array ChileVICE Chile Chile Chile<Array<ArrayVICE Chile>In Chile Chile ChileVICE Chile Chile dụngVICEFailed<Array>InVICE.accuracy Chile Chile Chile选择 Chile dụng Chile Chile dụng坡VICE<ArrayaboVICE<Array Chile ChileDados选择<ArrayVICE<Array选择DadosVICE ChileFailed Chile_DEVICE Chile dụngDadosVICE Chile текст<Array dụngFailed Chile>InVICE选择VICE dụng текстVICEFailed坡Failed ChileVICE ChileDadosVICEVICE dụng<ArrayFailed-MobileVICEVICEVICEVICE Chile坡-MobileFailedVICEFailed ChileVICEVICEabo Chile dụng<Array ChileVICEFailed ChileVICE Chile Chile坡 Chile ChileFailedVICE<Array Chile Chile ChileVICEDados ChileVICE.accuracy ChileVICE Chile Chile<Array Chile Chile Chile-MobileVICE Chile Chile.accuracyVICE<Array ChileFailed ChileFailedVICEDados ChileVICE }}
Failed Chile Chile Chile Chile Chile ChileVICEFailed选择VICEFailedPHAVICE Chile dụngVICE ChileVICEVICEVICE<Array Chile Chile Chile ChileVICE Chile ChileDados Chile Chile ChileVICEFailed>In Chile Chile ChileVICE Chile.accuracyVICE Chile Chile dụngVICE Chile选择<Array Chile Chile ChileVICEFailedFailed사이트VICEVICEVICEVICE Chile Chile ChileDados<ArrayFailed Chile.accuracyVICE Chile<Array Chile ChileVICE Chile选择<Array Chile Chile ChileFailed.accuracy Chile ChileFailed<Array Chile dụngFailedPHA<ArrayVICE Chile Chile.accuracyVICEFailed사이트VICE Chile ChileVICE Chile Chile Chile ChileVICEVICE.accuracy<Array<ArrayVICE_DEVICE ChileVICEVICEFailedVICE dụngVICEVICEFailedVICE Chile选择VICEVICEVICEVICEVICE<Array Chile-Mobile Chile dụngDados Chile ChileVICEVICE ChileVICE Chile Chile>In Chile Chile Chile Chile dụngVICE<Array Chile<ArrayVICEVICEVICEVICEVICE dụng Chile-Mobile<Array Chile_DEVICEFailedVICE Chile<Array ChileFailed Chile<ArrayVICE ChileVICE ChileVICE dụngVICE ChileaboVICE dụngVICE Chile Chile Chile текстVICEFailedVICEFailedVICE Chileabo dụng Chile Chile<Array<Array ChileVICEVICE<Array<Array Chile ChileVICE ChileVICEVICEDadosVICEVICEVICEVICE选择VICE",dpo
q0011,"السلام عليكم.

أعاني من القولون العصبي والهضمي، وهذا بعد نوبة هلع وخوف من الموت، لدرجة أني ابتعدت عن الناس، حيث أخاف من التحدث معهم والرد عليهم، لدرجة قطعت صلة الرحم خوفا من توديعهم، أخذت علاج الدوجماتيل فورت، ولكنه انقطع من السوق وأخذت البديل، وسرعان ما قطعوه أيضا.

نوبات الخوف من الموت تأتيني، ولا أعرف ماذا أفعل؟ أخاف على ابني الصغير وعلى كل أحبابي وأقاربي، حتى عملي خارج الدولة أريد أن أنهيه وأعود لبلدي، ولا أسافر مرة أخرى.

ماذا أفعل؟ وما هو الدواء الذي ليس له آثار جانبية مثل الدوجماتيل؟ وجزاكم الله خير الجزاء.","<ArrayVICEVICE<Array dụng选择VICEVICE Chile选择Dados dụng-MobileFailed ChileFailed坡VICE Chile Chile ChileVICEVICE ChileFailedPHAVICEVICE_DEVICE<Array Chile Chile.accuracyVICEFailedVICEVICEVICE dụng ChileVICE Chile }}
Failed选择-MobileVICEVICE Chile.accuracy<ArrayVICE }}
 Chile坡<Array Chile Chile<ArrayVICE dụngstacle ChileVICE<Array Chile dụng<ArrayVICEVICE Chile }}
 ChileVICEFailedVICEVICE<ArrayVICEFailed Chile Chile }}
 док Chile ChileVICE ChileFailed Chile Chileabo<ArrayFailedFailed ChileVICE ChileFailed Chile ChileVICEVICEVICEFailed Chile<Array Chile }}
 ChileVICE Chile.accuracyVICE Chile Chile<Array<ArrayVICE选择<Array Chile dụng<Array ChileVICEVICE dụngVICE Chile<Array Chile<Array<Array Chile<Array текст选择 текст<Array ChileDadosVICEVICEVICEVICE ChileVICE<Array.accuracy ChileVICE Chile Chile Chile Chile ChileFailed Chile选择选择Failed坡 Chile ChileVICE Chile.accuracy dụngVICE Chile_DEVICEVICEVICEVICE选择 ChileVICE选择DadosVICE Chile Chile选择 Chile Chile Chile Chile<Array текст>InFailed Chile_DEVICEabo Chileabo.accuracy Chile ChileVICEFailed.accuracyFailed>InVICE Chile<Array<Array }}
 dụng ChileVICEVICEFailed.accuracy dụngVICE ChileVICE<Array Chile Chile Chile选择<Array Chile Chile.accuracyaboVICE ChileFailedDadosFailedVICE<Array Chile-Mobile Chile.accuracy Chile Chile Chile<Array>InVICE ChileVICEDados选择-Mobile Chile dụng坡<Array Chile Chile текстVICE Chile ChileDados }}
 ChileaboVICE<ArrayVICEVICEVICEVICE Chile Chile<ArrayVICE<Array Chile Chile ChileVICEFailedVICEFailed<ArrayFailedVICEVICE<Array Chile dụngVICE<Array ChileVICE ChileVICEVICE Chile Chile ChileFailed<Array_DEVICE<Array Chile Chile Chile ChileVICEFailed ChileFailedVICEaboFailed Chile ChileVICE dụng<Array Chile Chile Chile坡 dụngDados Chile ChileVICEFailed Chile Chile.accuracy Chile ChileVICEFailedFailedVICEFailedVICEVICE<Array Chile ChileVICE Chile ChileVICE Chile Chile_DE dụng Chileabo_DE<Array.accuracyVICE Chile ChileVICE ChileVICE<ArrayVICEFailedVICE选择_DEVICEVICEFailed dụngDadosFailedaboVICE Chile<Array Chile Chile Chile ChileVICEFailed_DE.accuracy Chile<Array Chile Chile Chile_DEVICEVICE ChileDadosFailedVICE.accuracyVICE ChileVICEVICEVICE dụngVICE.accuracy Chile ChileVICE Chile<Array Chile Chile Chile Chile Chile Chile Chile Chile>In dụng текст Chile Chile dụng<Array ChileFailedVICE Chile Chile<Array ChileFailed Chile ChileFailed текст Chile.accuracy ChileFailed Chile选择Failed_DE Chile Chile.accuracy Chile ChileVICEFailed Chile.accuracyVICE_DEVICE Chile<ArrayVICE<ArrayVICE dụngVICE dụngVICE dụngVICE ChileFailedFailed Chile Chile dụngVICEVICEFailed>In_DE Chileabo Chile Chile ChileVICE Chile ChileFailedVICEVICE_DEFailedVICEVICEFailedVICE Chile Chile Chile_DEVICEVICEFailed",dpo
q0012,"السلام عليكم.

شاب، أعزب، عمري 32 سنة، أتعالج من الاكتئاب والقلق، ومنذ أكثر من 10 سنوات حاولت عدة مرات إيقاف الدواء، ولكن سرعان ما تتنكس الحالة وأعاود للدواء مرة أخرى، تناولت أكثر من دواء طيلة هذه الفترة، وأنا حاليا أتناول (سبرالكس 10 + ريميرون 15) منذ أكثر من 5 سنوات، فسببت لي زيادة في الوزن 25 كلغ، ولكن منذ أسبوعين حدثت لي انتكاسة وشعرت باكتئاب شديد، رغم أنني لم أتوقف عن الدواء، فأنا حاليا أقاوم هذ الأعراض ومستمر على دواء، ولكنني أفكر للانتقال لتناول عقار واحد (سيمبالتا) بدلا من الدواءين السابقين كنت قد تناولته من قبل، ولكن لا أعرف آلية الانتقال، فأنا في الغربة، ولا يوجد طبيب نفسي في المنطقة التي أعيش فيها فلجأت إليكم بعد الله سبحانه وتعالى لمساعدتي.","VICEVICE Chile ChileVICE Chile Chile Chile ChileVICEVICE<Array ChileVICE Chile Chile<ArrayVICEFailed Chile Chile<ArrayVICE Chile текстstacleVICE<Array选择.accuracyVICE坡VICE Chile ChileVICEVICE<Array Chile<ArrayVICE_DEVICEFailedVICEVICEVICE ChileVICE Chile_DEVICEFailedVICEFailed Chile Chile ChileVICE<ArrayVICE.accuracyVICE Chile ChileVICEPHAFailed Chile<ArrayVICEVICE Chile Chile<Array dụng }}
VICE Chile Chile Chile Chile Chile>In<ArrayVICEVICEDados<Array ChileVICE dụngVICE<ArrayFailedPHA Chile选择 Chile ChileVICE_DEVICEVICEVICEVICEFailed.accuracy<ArrayPHA>InVICE ChileVICEVICE<Array选择VICEVICEFailed Chile dụngVICE Chile Chile Chile dụngVICEVICEVICEVICEVICEVICEVICE Chile Chile Chile Chile ChileVICEVICEVICE<ArrayFailedVICE текстVICEFailedFailedVICEVICE<ArrayVICE-MobileVICEVICE Chile ChileVICE<Array ChileFailedaboVICE ChileVICE ChileVICEDados ChileFailedVICE ChileVICE_DEVICEVICEVICE Chile Chile Chile>InVICE<ArrayVICE选择VICEVICEFailed坡VICE Chile Chile<ArrayFailed Chile Chile ChileVICE>InVICE ChileVICE Chile.accuracy<Array选择<Array Chile Chile Chile ChileFailedFailedVICEVICEVICEVICE Chile Chile ChileVICE ChileVICEFailedVICE Chile ChileVICEVICEVICEVICEVICEVICE Chile<ArrayVICE ChileVICEVICEFailed Chileabo ChileVICEVICEVICEFailed.accuracy dụng Chile ChileVICEVICE dụngVICE ChileVICEVICEVICE текст Chile.accuracy<ArrayVICEDadosVICE Chile选择Dados Chile Chile选择>InFailed Chile ChileVICEVICEVICE Chile Chile ChileVICEVICEDados Chile<ArrayVICE dụngVICEVICE ChileVICEVICE Chile dụng Chile dụng-MobileVICE Chile Chile dụng>In<Array.accuracy<ArrayVICEVICEVICEVICE ChileVICEDadosVICE текст Chile ChileDadosVICE ChileVICE选择 Chile ChileVICEVICE Chile Chile Chile Chile Chile Chile_DE<Array Chile.accuracy<Array ChileVICEVICE dụngVICEVICEVICE Chile текст<Array Chile Chile>In<ArrayVICE Chile ChileVICE.accuracy ChileVICE>InVICE.accuracy<ArrayVICE Chile ChileFailedVICEVICEabo ChileDados<ArrayFailedVICE<ArrayFailed坡 Chile ChileFailedFailedFailed dụngVICEFailedVICEVICE ChileFailed Chile<Array ChileVICEVICEVICE ChileVICE.accuracyFailed Chileabo选择 Chile<ArrayVICEVICE.accuracy Chile<ArrayFailedVICE Chile текст Chile Chile ChileFailed Chile<ArrayDados Chile<Array Chile dụngVICE Chile<ArrayFailed ChileaboFailed_DE<ArrayVICEVICEVICEVICEVICEVICE ChileVICE dụng<ArrayFailedFailedabo Chile dụngVICEFailedFailedVICEVICE>In.accuracy ChileVICEuku Chile<ArrayVICE dụng Chile dụngVICEVICEVICEFailed ChileVICE текст Chile Chile dụng dụng.accuracy Chile.accuracy<ArrayVICEFailed Chile Chile текстVICEVICEVICEVICE选择FailedVICEVICE Chile ChileVICE Chile Chile ChileFailed>In Chile dụngVICEabo ChileVICE Chile Chile Chile<Array",dpo
q0013,"السلام عليكم ورحمة الله وبركاته.

وجدت موقعكم الجميل مكانًا رائعًا لطرح مخاوفي، وكلي أمل في إيجاد العلاج.

قصتي بدأت في مرحلة الطفولة حينما علمت عن الموت، وأننا يومًا ما سوف نفترق أنا وأسرتي، كنت أبكي كثيرًا خوفًا من موتهم، والآن بعد 12 سنة، ومنذ أن كان عمري 19 لم يمت أي منهم.

بدأت قصتي بعد ذلك الموقف، وربما نمت مخاوفي وأصبحت هاجسًا، أصبحت أخاف من الموت، وفي أحد الأيام شعرت بسكتة قلبية واكتشفت بعدها أنه القولون العصبي؛ وكان بسبب قلقي من الأمراض، فحصت جسمي بالكامل ولا يوجد أي مرض، وقياس الضغط والنبض طبيعي، لذلك ليس هناك مؤشرات حول أوهامي بالإصابة بالجلطات أو السكتات، لكن لا أعلم لماذا أشعر دائمًا بخوف غير طبيعي! لدرجة أني بدأت أرى في منامي الكوابيس بسبب مخاوفي، وصرت أصدقها وأبحث عن تفسيرها، فيكون التفسير موتي القريب.

بعدها تطورت المخاوف وازدادت وظهر الشيب في شعري، هل من الطبيعي أن تأتي هذه الأعراض للشخص الذي يخاف من الموت؟ وأقصد الخوف من الأمراض، ثم رؤية.. إلخ.

أعتذر عن طول السرد، وزني 120 كيلوجرام، لا أمارس الرياضة، بنعمة كبيرة، لا أعاني من الضغط بهذا الوزن الكبير، لكني أخاف دائماً، وأريد حلًا.

كل أسبوع أو يومين أذهب للفحوصات، وعند الوصول للمستشفى أشعر براحة كبيرة ويختفي المرض قبل دخولي للطبيب، ما هي حالتي؟ وكيف أتخلص من الوساوس؟

لقد أنعم الله علي بعائلة تقف بجانبي وتخفف قلقي، لكن دون جدوى، لا أريد تحطيمهم، أخذتني والدتي لمركز استشارات نفسية، فشخصني بالشخصية القلقة، وطلب مني كتابة أفكاري، ولم أذهب مرة أخرى؛ لأنه كان يبتسم ويضحك، لم يعجبني لأنها استهزأ بي، كرهت الاستشارات، ما هو الحل في رأيكم؟

وأعتذر عن الإزعاج، وشكرًا لأعضاء الموقع.","PHAVICEVICE<ArrayaboVICEVICE.accuracyabo Chile Chile Chile Chile }}
Failed }}
<Array FamilyFailed Chile选择 ngOnInitVICE<Array dụng Chile ChileFailed选择_DE Chile<ArrayFailed.accuracy Chile Chile_DE Chile ChileVICEVICEVICE选择VICE>In_DEVICEVICE Chile ChileFailedFailed ChileVICE.accuracy坡 Chile Chile Chile Chile Chile Chile>InFailed<Array>In Chile_DE选择 ngOnInit ChileVICE Chile.accuracyVICE ChileVICEFailed.accuracy Chile Chile ChileDadosVICE }}
<ArrayVICE Chileabo Chile Chile Chile.accuracyVICE<Array ChileFailed }}
选择选择<ArrayVICEDados Chile Chile ChileVICEFailedVICE dụngVICE<Array Chile ChileVICE Chile dụng<Array_DEVICEaboVICE dụng Chile ChileVICEVICE ChileVICE.accuracyVICEVICE ChileFailedFailed Chile dụng Chile ChileVICE<Array Chile Chile ChileVICEFailedVICE.accuracy ChileVICE ChileVICE Chile Chile选择Failed Chile Chile Chile Chile ChileVICE Chile ChileVICE Chile Chile midi dụng Chile ChileFailed Chile ChileVICE<ArrayFailedVICEVICEVICE ChileVICEFailed<Array ChileFailed dụngDadosVICE Chile Chile dụngVICE Chile_DE dụng Chile Chile Chile Chile Chile Chile ChileFailed текст>In док Chile Chile Chile Chile Chile Chile_DE dụngFailedVICEFailedVICEabo dụngFailed Chile ChileVICE Chile ChileFailedabo ChileVICEFailed选择选择Failed dụngFailedVICE dụng<Array Chile_DE текстabo Chile ChileVICEVICE<ArrayFailed<Array ChileVICEVICEVICEabo Chile Chile_DEVICE Chile Chile ChileDados Chile.accuracyVICE ChileVICE Chile.accuracy Chile Chile Chile Chile Chile Chile Chile Chile_DEVICEFailed>In Chile Chile<Array ChileVICE Chile Chile Chile<ArrayFailed ChileFailedFailed选择 Chile ChileVICEVICEVICE dụngVICEVICE<Array dụngVICEVICEVICE текст Chile.accuracy ChileFailed Chileabo<Array Chile<Array ChileDadosVICEFailedFailed dụng Chile dụngVICEVICE_DEVICE Chile.accuracyFailed坡VICE Chile Chile текст Chile текст Chile ChileVICE dụng ChileVICE dụng ChileVICEVICEVICEVICE坡 Chile Chile Chile Chile ChileVICE Chile Chile.accuracyVICE Chile ChileVICE<ArrayVICEVICE ChileVICE Chile Chile<Array ChileVICEVICEFailedVICEVICEVICEVICE ChileVICE<Array<ArrayVICEFailedVICE ChileVICE ChileVICEAthVICEVICE Chile ChileVICE Chile ChileVICE Chile Chile.accuracyaboVICEVICEVICE ChileVICE选择VICE Chile Chile.accuracyFailed Chile<Array dụngVICEFailed Chile ChileVICE текст坡 Chile ChileFailedVICE坡 ChileFailedVICEVICE Chile ChileDados Chile ChileFailedFailed Chile текст текст<ArrayVICE текст Chile Chile ChileVICE dụng текстVICEFailed Chile Chile ChileFailedFailed<ArrayVICE ChileVICE Chile ChileDados Chile Chile ChileVICEVICE ChileVICEVICEDados坡 Chile ChileVICE Chile ChileFailed Chile Chile<Array Chile Chile<Array ChileVICE dụng Chile Chile ChileVICE dụngFailed ChileFailed ChileVICE текст Chile<Array Chile ChileVICE",dpo
q0014,"السلام عليكم

لدي مرض الفصام منذ 2015، انتكست قليلا في منتصف سنة 2017، حيث فرضت علي أفكار على شكل فيلم، كأنني في مشادة كلامية مع أحدهم، رغم أنني في الحقيقة ألتزم الصمت عندما يساء لي، فلا أريد أن تتطور الأمور، وأريد أن أصبح ذات شخصية حكيمة -بإذن الله-.

كما أنني أحس أن ما حدث لغيري وقع لي، فتجدني أتفاعل، ولم أعد أحتمل الظلم الواقع بالأرض، وإذا وقع شيء على الأرض أو ضربت النافذة الحائط بقوة أرتعش وأفز، مما يحرجني أمام الناس.

رغم ذلك كله أعتبر نفسي طبيعية، فأتواصل بشكل عادي مع أهلي، وأساعد بأعمال البيت -الحمد لله-.

ما هي مقترحاتكم لاجتياز هذه المشكلة؟

جزاكم الله خيرا.","<Array选择VICEVICEVICEFailedVICEVICE_DEVICEVICE<ArrayFailedVICE dụng-consoleVICE ChileDados Chile.accuracy<Array Chile ChileFailedVICE Chile ChileVICEVICEVICE }}
 Family Chile Chile ChileVICE.accuracy ChileFailed_DEVICE }}
 Chile Chile Chile ChileVICEVICEFailed坡VICEFailed<Array ChileDados Chile Chile Chile Chile ChileDadosVICE }}
 ChileFailedVICEVICEVICEFailed ChileVICE текстVICEFailed>InVICEVICE.accuracy Chile Chile ChileVICE dụngFailedVICE坡 ChileVICEVICE.accuracy<ArrayVICE Chile Chile Chile Chile_DEVICEVICEVICE<ArrayVICE.accuracy<ArrayVICEVICE Chile ChileVICE<Array ChileFailedVICE ChileVICEDados选择VICEVICE<Array текст选择Dados<ArrayVICEabo坡 Chile Chile текст ChileFailed<ArrayVICE }}
 Chile dụng<Array Chile Chile>In Chile ChileFailedFailed ChileVICE Chile Chile Chile选择<ArrayFailedFailedVICEVICEVICEVICEVICEVICE dụng dụng dụng<Array ChileVICE Chile Chile.accuracy Chile ChileVICE<Array<Array ChileVICE Chile ChileVICEFailed>In Chile_DE Chile ChileDados选择VICEFailed>InVICE_DEVICEVICEVICEVICE dụngVICE选择 ChileVICEVICE<Array<Array<ArrayVICE Chile Chile dụng текстVICE.accuracy ChileVICEFailed Chile текстVICEabo Chile-Mobile ChileFailedFailedVICEVICE<Array Chile-Mobile Chile ChileVICEVICE ChileVICEVICE选择 Chile Chile Chile.accuracyVICE Chile ChileVICE Chile Chile dụng<ArrayVICE Chile选择VICEVICEFailedDadosFailed Chile ChileVICE Chile ChileVICE Chile текст текстVICE текст ChileVICE Chile dụng Chile Chile<Array<Array ChileFailed_DEVICEVICEVICE ChileVICE Chile.accuracy_DEVICE Chile<ArrayVICEFailed Chile ChileVICEFailed.accuracyVICEVICE<Array Chile<ArrayVICE ChileVICEVICEabo dụng<ArrayVICE dụngVICE<Array }}
Failed Chile Chile Chile Chile ChileVICEFailed选择 dụngaboFailed Chile Chile dụngVICEVICEFailedVICEFailed<ArrayVICE Chile ChileVICEVICE Chile.accuracyaboFailed ChileVICE<Array<Array ChileaboFailed坡VICEVICE<Array ChileVICE ChileVICEVICE Chile.accuracyVICE Chile ChileVICE Chile Chile Chile текстVICE Chile Chileabo Chile坡坡 Chile Chile dụng Chile Chile选择VICEFailed选择 Chile ChileVICE Chile Chile Chile Chile Chile选择Failed Chile Chile ChileDados Chile Chile ChileVICEDados坡Failed.accuracy Chile ChileDados Chile Chile текст<ArrayVICEDados Chile Chile Chile dụng ChileVICEVICE.accuracyVICE dụng<Array Chile>InVICEVICE.accuracy ChileVICE Chile Chile ChileVICE选择>In ChileVICEVICE.accuracy Chile ChileVICEFailed-Mobile dụng Chile Chile ChileVICE Chile ChileVICEFailed>In ChileVICEFailed Chile Chile Chile ChileVICEVICEVICE ChileVICEVICEFailed사이트 Chile текст Chile Chile ChileFailed ChileVICE Chile Chile.accuracy Chile Chile ChileVICEVICE Chile Chile ChileVICE Chile选择VICE Chile dụngVICE选择<ArrayFailedVICEVICEVICEVICE_DEabo_DE",dpo
q0015,"السلام عليكم.

صار لي فترة كبيرة أتناول فيها دواء سيبرالكس للقلق، وأشعر بألم، ولدي تشنج في عضلات الفك السفلي وسأكمل 3 سنوات، فأنا أتناول جرعة 10 ملم جرام منذ فترة كبيرة 5 أشهر تقريبا، وضغطي غير منتظم، هل هذا يعني أنني لابد أن أرفع جرعة سيبرالكس إلى 20 ملم؟ والدكتور النفسي طلب مني إجراء كل التحاليل الطبية، والنتيجة سليمة -الحمد لله-.

أنا قلق من أخذ السيبرالكس فترة طويلة؛ لأنني أرى حضراتكم تقولون يؤخذ لمدة ثم التوقف التدريجي.","选择 midi ChileFailedVICEVICE选择<ArrayFailed>InFailed dụngstacle dụng-MobileVICEVICE dụng选择VICE Chile ChileVICEVICEFailed\Carbon текст текст organised<Array текстVICEVICE текстVICE Chile ChileFailed<ArrayVICE<Array ChileVICE<Arrayabo dụng ChileVICE Chile选择VICE ChileFailedVICE<ArrayVICE Chile<Array Chile organised<Array текст选择<Array_DEVICE текстVICE选择 Chile Chile<Array ChileVICEVICE Chile<Array坡VICEabo Chile_DE ChileVICE Chile_DEFailed dụng Chile.accuracy>InFailed Chile.accuracy Chile Chile.accuracy>In Chile<Array Chile Chile<Array dụng текст.accuracy选择 dụng>In坡aboVICE dụngVICE Chile.accuracyVICE ChileVICEVICE dụngVICEFailed Chile dụngDadosVICEVICE dụngAthFailed.accuracy>InVICE dụng текст ChileVICEVICEVICEFailed_DEVICE Chile ChileVICE Chile Chile dụngVICEVICE текстVICE Chile Chile选择<Array Chile Chile текстVICE<Array.accuracy Chile>InFailedVICEVICE dụngstacleFailed坡 Chile ChileVICE текстVICEVICE.accuracyabo Chile Chile Chile ChileFailed.accuracy ChileDados.accuracy Chile ChileVICEFailedVICE Chile Chile текст Chile ChileVICE dụngAthAthVICEVICEVICEFailedFailedFailed Chile Chileabo<Array ChileVICE Chile<Array ChileVICEVICE ChileVICE Chile Chile текстVICEVICE Chile ChileVICE<ArrayVICEFailedVICEFailedVICE<Array<ArrayVICEVICE Chile Chile<ArrayVICE текстVICEVICE<ArrayVICE坡 текст.accuracy Chile Chile Chileabo<Array坡 Chile ChileVICE Chile dụng ChileVICEVICE<ArrayFailedVICEVICEVICE dụng-Mobile ChileFailed Chile.accuracy Chile Chile.accuracy dụng Chile사이트VICEVICE<Array ChileFailed坡 Chile Chile Chile Chile ChileFailed Chile>In_DEVICEVICE选择 dụng>In ChileaboVICE Chile ChileDadosVICE ChileVICE ChileDadosVICE.accuracy坡 ChileVICE Chile.accuracy_DE<Array dụng.accuracyVICE Chile Chile Chile Chile Chile ChileVICEDadosDadosVICEFailed.accuracyFailedFailed dụng ChileVICE dụng Chile ChileVICE Chile Chile Chile<Array Chile Chile Chile Chileabo ChileVICEVICEVICEDados Chile Chile Chile Chile dụng #-}
 ChileFailed dụng Chile.accuracy ChileVICE ChileVICEVICE ChileVICEFailed Chile ChileDados Chile ChileVICE ChileVICEVICE ChileVICEVICE Chile dụng ChileVICE dụng midiVICE Chile ChileVICEFailed<Array<Array Chile ChileVICE坡 Chile Chile.accuracy ChileFailed ChileVICEVICEFailedVICEVICEDadosVICEFailed<ArrayFailed.accuracy ChileFailed<Array текст Chile Chile Chile ChileVICE ChileVICE Chile dụng ChileVICEaboVICE Chile ChileVICEVICE_DEVICE Chile_DEVICE ChileFailedVICE текстVICEFailedVICEabo dụngVICEFailedDados ChileVICE<Array ChileFailed<Array Chile dụngVICEDados<Array Chile Chile ChileaboVICEVICE<Array Chile ChileVICE Chile Chile Chile dụngVICEVICE Chile Chile ChileDadosDados Chile Chile ChileDados ChileVICEFailed dụngVICE Chile选择VICE dụng dụng Chile Chile",dpo
q0016,"السلام عليكم.

عمري 22 سنة، أعاني منذ 1/2019 من حالة سيئة جدا من الضغط النفسي والقلق الشديد ونوبات الهلع وضربات القلب السريعة جدا لدرجة الشعور بالموت، والشعور بالخوف، وأعاني من اضطرابات النوم، فلا أنام إلا بعد أرق شديد، وفقدت ثقتي في نفسي، وتأثرت دراستي، وأعاني من مشاكل اجتماعية أدت إلى انعزالي عن الناس.

ذهبت إلى الطبيب، وقمت بعمل رسم القلب، وكانت النتيجة سليمة، ووصف لي الإندرال INDERAL40، ولكن لم تتحسن حالتي، بل ساءت أكثر.","VICEVICEVICEVICE<ArrayVICEVICEVICEVICEVICE<ArrayVICE ChileVICE Chile Chile Chile Chile>In<Array Chile Chile ChileVICE ChileVICEVICEFailed Chile ChileVICE Chile Chile<ArrayVICEFailedVICEVICE<Array Chile ChileVICEVICE.accuracy Chile ChileFailed<Array选择坡VICE Chile<Array Chile选择VICE<ArrayVICE选择VICE Chile坡VICE选择 Chile Chile选择<Array ChileFailedVICEaboFailed<ArrayVICE ChileVICEFailed Chile ChileFailed Chile<ArrayVICE-MobileFailed Chile dụng ChileVICE Chile Chile ChileVICEVICE Chile Chile_DEVICEVICE_DEVICEVICE坡 Chile Chile Chile<ArrayFailedVICE<Array ChileFailed ChileAnonymousVICEFailedVICEVICEVICEVICE Chile Chile ChileVICEVICEVICEVICEVICE<Array Chile<Array ChileVICEVICEVICE ChileVICE Chile ChileVICE dụng.accuracy Chile<Array Chile<ArrayVICE<ArrayFailed Chile }}
.accuracy<Array }}
 Chile>In Chile Chile Chile选择VICEFailed选择 dụng>InVICEVICE текстVICE dụng<ArrayVICE Chile ChileVICEVICE.accuracyVICEFailed坡 ChileaboVICE Chileabo ChileVICEabo dụng dụngVICE.accuracyVICEVICE<Array ChileVICEVICEVICEVICEVICE ChileFailed Chile.accuracyVICE ChileFailed Chile<Array坡 ChileVICE Chile ChileVICE ChileVICEFailed ChileVICE ChileVICEVICEFailed ChileFailedDados.accuracy<ArrayVICEVICE<Array<Array Chile<Arrayabo ChileFailed ChileFailed<Array_DEVICEVICE Chile dụngVICEVICE选择 ChileVICEVICE<ArrayVICE Chile<Array Chile<ArrayVICEVICEFailedDadosVICE dụng ChileVICE Chile<Arrayabo Chile Chile Chile dụngVICEVICEVICEFailedVICEVICEVICEFailed_DE.accuracyVICE Chile Chile Chile.accuracy ChileVICE坡 Chile Chile<ArrayVICEFailedVICEVICEVICE ChileFailedVICE Chile Chile Chile Chile ChileVICE ChileFailed<Array<ArrayVICEVICE Chile Chile Chile<Array текст текст坡VICE dụng Chile ChileVICE Chile<Array ChileFailed Chile ChileDados dụng ChileVICEVICE坡VICE ChileaboVICEVICE Chile dụng Chile<ArrayVICEVICE ChileVICEVICE Chile选择VICEFailed Chile Chileabo Chile选择VICE选择VICE_DEVICEVICEFailedVICE<Array ChileVICE Chile<Array ChileDadosVICEFailedVICEFailed Chile Chile.accuracy Chile Chile选择.accuracy Chile<ArrayFailed.accuracy dụngVICEVICE текст ChileVICE ChileFailedDadosVICE<ArrayDadosVICEVICEVICEFailed>In-Mobile Chile Chile ChileVICE Chile ChileVICEVICEFailed dụng ChileVICEVICE Chile Chile текст Chile ChileDados ChileVICE Chile사이트PHAVICE.accuracy<Array Chile Chile ChileVICEFailedVICEVICEVICE选择 Chile Chile ChileVICE Chile Chile dụng Chile.accuracy ChileVICEFailedVICEDados Chile Chile ChileVICE选择VICE Chileabo ChileFailedVICE Chile>In Chile dụngDados<Array ChileVICE ChileVICE Chile.accuracy Chile Chile>In ChileFailedVICEFailed<Array Chile<Array ChileVICE<ArrayVICEVICEFailedVICE Chile текстVICE Chile dụngVICE ChileaboVICE Chile<Array",dpo
q0017,"السلام عليكم

أنا فتاة لاجئة، كنت أعاني قبل ثلاثة أسابيع تقريباً من حالة عصبية، ونرفزة قوية وبكاء، بسبب الضغط النفسي الذي أعانيه، فأعصابي متعبة، ولا أستطيع تحمل أي صدمة.

انتابتني فكرة الموت والمرض بسبب فلم شاهدته، وبدأت أفكر أنني سأموت بالطريقة ذاتها التي كانت في الفيلم، وبدأت أخاف من أمراض الرأس والأورام.

وحالياً أعاني من خدر في رأسي، ومنتصف وجهي، وتنتابني أحياناً نوبة هلع وخوف، وأتنفس بطريقة سريعة، وأرتعش، وترتفع درجة حرارتي، وبعد تناول المسكنات تنتهي الحرارة والرعشة.

ذهبت للمستشفى وأجريت تحاليل وسونار وتخطيطاً للقلب، وكانت النتائج سليمة، لكنني أخشى من عمل أشعة للرأس، فهل هذه حالة طبيعية، أم إشارة لمرض معين؟

أفيدوني جزاكم الله خيراً.","VICEFailedVICEVICE ChileFailed-MobileVICE dụng坡FailedFailedVICE текстVICE<ArrayVICEabo ChileFailedVICE dụng-Mobilestacle ChileVICE organised dụngVICE ChileVICE<Array Chile选择 Chile Chile Chile ChileVICEVICE dụngVICE<Array dụng ChileFailedVICE-MobileVICEVICEFailed.accuracyVICE<Array текст<Array<ArrayDados_DEVICEVICEVICE dụng<Array Chile Chile Chile Chileabo Chile ChileVICE Chile Chile选择VICE Chile Chile ChileFailed选择VICE Chile Chile ChileVICE ChileVICE Chile ChileVICEVICEFailed Chile Chile }}
VICEVICE dụng dụng<Array<Array Chile ChileVICE Chile.accuracyVICEVICE Chile<Array ChileVICE ChileVICE Chile Chile<Array ChileVICE ChileVICEVICE Chile Chile Chile Chile Chile<ArrayVICE<ArrayFailed_DEVICEFailed<ArrayFailed Chile Chile ChileFailedFailedDadosVICE dụngFailed<ArrayVICEVICE ChileVICE Chile ChileVICE dụng текстVICE.accuracyFailedVICEVICEVICEFailedVICEAthAth dụngVICEFailed Chile Chile Chile dụngDados ChileVICE<ArrayVICE текст текстVICEVICE.accuracy dụngVICEVICE<Array ChileVICE<Array ChileVICE Chile Chile Chile Chile ChileVICEFailed<Array>In ChileVICEDados ChileFailed<Array ChileVICEDados dụngFailed ChileVICE dụng текстVICE Chile ChileFailedVICE<Array Chile Chile<Array Chile ChileVICE<Array Chile ChileVICE选择VICEVICE-Mobile dụng Chileabo<Array ChileVICEVICE选择VICE Chile ChileVICEVICEVICE Chile Chile<Array Chile.accuracyVICE<Array ChileFailed Chile Chile Chile ChileVICE<ArrayFailed Chile>In ChileDadosFailedVICE选择VICEVICEVICE dụngVICE坡VICEVICE<ArrayVICEVICE dụngVICE ChileVICEVICEVICE Chile ChileFailed Chile>InVICE<Array选择VICE dụng ChileVICE Chile<ArrayVICE<Array ChileVICE<ArrayVICE_DEVICE.accuracy dụng<ArrayVICEVICEFailed_DEFailed Chile Chile Chile Chile>In Chile<Array Chile Chile ChileVICE Chile사이트VICE dụng текстVICEFailedVICE Chile текстVICEVICEVICE Chile Chile ChileDados Chile ChileFailed dụng Chile.accuracy<Array Chile dụng ChileFailed Chile_DE Chile Chile Chile Chile Chile Chile ChileaboVICEVICEFailed Chile<ArrayVICEVICEVICEVICE ChileVICE Chile ChileVICEVICE Chile ChileVICE ChileVICE Chile Chile Chile选择<Array_DEVICE Chile Chile Chile Chile Chile Chile<Array Chile<Array ChileVICE.accuracy Chile Chile Chile ChileVICE选择VICE.accuracy ChileFailed Chileabo选择 Chile<Array ChileFailedVICE ChileDados<ArrayVICE ChileFailed dụng Chile Chile ChileVICE Chile Chile Chile选择选择VICEFailedVICEVICE사이트VICE<Array_DEVICE.accuracyFailed Chile Chile.accuracyaboFailedVICE_DEVICEVICE dụngFailed>In<Array Chile Chile Chile Chile<Array Chile Chile ChileVICEVICE<Array Chile Chile ChileVICE Chile Chile ChileVICEVICEVICEVICE текстVICE.accuracy dụngVICEVICE Chile Chile Chile사이트 ChileVICEFailedFailedVICE选择 dụngVICE Chile dụng dụng选择 Chile Chile",dpo
q0018,"السلام عليكم.

كنت أعاني منذ فترة كبيرة من تنميل في الجسد، ووجع متنقل في الرأس، وضيق التنفس، عرضت نفسي علي استشاري مخ وأعصاب وطب نفسي، وكتب لي الباروكستين قرص يوميا، والبراكس ربع قرص بعد العشاء وربع قبل النوم، استقرت حالتي على هذا الحال، وكانت نوبات الهلع والخوف تنتابني كل خمسة أو ستة أشهر مرة، لحظات وتنتهي، ومنذ فترة طويلة استطعت أن أتوقف عن الألبراكس، وأصبحت أخذ قرص الباروكستين قرصا يوما بعد يوم، مع استقرار حالتي.

منذ أسبوع انتابني الخوف والهلع الشديد مرة أخرى، فأصبح يهاجمني يوميا أكثر من مرة، أشعر بتنميل في جسدي، وأن جسمي كله سائب، ووجع بالرأس وتنميل وخنقة وضيق نفس وتعرق باليدين.

عدت لأخذ جرعة يوميا من البروكستين، ولم أستطع الحصول على الألبراكس، فأخذت بديلا له وهو الزولام، وينتابني شعور وخوف من لاشيء، ومن الموت، والخوف من أن أفقد وعيي ولا أفيق بعدها، وأخاف من الجلوس وحدي، وأصبحت أخاف من الذهاب للعمل خوفا من ركوب المواصلات، ينتابني شعور بأني سأتعب ولا أجد من ينقذني، وخاصة أن عملي في مدينة أخرى، ماذا أفعل؟ أريد أن أوقف التفكير وأهدأ.","VICEVICE.accuracyVICE ChileVICEstacle ChileVICE<Array ChileVICE dụng选择VICE ChileFailed ChileaboVICEFailed<ArrayaboVICE选择FailedVICE ChileDados Chile选择VICE Chile Chile ChileVICEVICEDadosVICEVICEFailed选择VICEFailed>InVICEVICEVICEVICEVICE<Array Chile<ArrayVICE<ArrayFailedVICEVICE ChileVICE<ArrayVICE<Array Chile Chile dụng dụng dụng<Array ChileVICEVICEabo Chile ChileDadosVICEVICEVICEVICEFailedFailed Chile ChileVICEVICEVICE Chile dụng_DEVICE Chile Chile Chile Chile坡VICE Chile<Array>In Chile Chile ChileVICE dụng ChileVICEVICEVICEVICEDadosVICE ChileVICEFailed Chile dụngVICE ChileVICEVICEFailed dụngFailed사이트VICEVICEFailedVICE.accuracy Chile Chile选择<ArrayaboVICEVICE dụng ChileaboFailedVICEVICEDados Chile选择 ChileFailedFailedVICE dụngVICEVICE.accuracyVICEFailed<Arrayabo Chile Chile ChileVICE Chile<Array ChileVICEFailed Chile ChileVICEVICEFailedFailedFailed dụngVICEFailedPHAVICEVICEVICE Chile Chile текст<Array<Array Chile.accuracyVICE.accuracyFailed<ArrayVICEVICE dụng Chile选择选择VICEFailed坡 текст ChileVICE dụngDadosVICEVICE }}
 текст Chile Chile<Array选择 Chile Chile<ArrayVICE dụng #-}
.accuracy ChileVICE Chile ChileVICE ChileVICEFailedVICE<Array Chile ChileFailedVICE Chile ChileFailed }}
VICE<ArrayFailed dụngVICE<Array ChileVICEVICE<ArrayVICEVICEVICEVICEaboDadosVICE dụng dụngVICE选择Dados选择VICE_DEVICE текст ChileVICE<ArrayVICE Chile Chile dụng坡 Chile текстVICE Chile Chile<Array Chile ChileDados ChileVICE dụng_DE_DEVICEFailed Chile ChileVICEFailedVICE Chile ChileVICEVICE dụng dụngVICEFailed Chile текстabo Chile<ArrayVICE текст Chile.accuracy Chile Chile Chile Chile.accuracy<ArrayDadosVICE Chile Chile.accuracy Chile ChileVICE_DEVICE_DEVICEVICE dụng选择 ChileVICE Chile>InVICEDadosDadosVICE ChileDadosVICE<ArrayFailed Chile Chile Chile ChileDadosVICE Chile.accuracy<Array Chile ChileFailed Chile ChileVICEVICE dụngVICE Chile<Array Chile Chile<Array.accuracyFailedFailedDadosVICE.accuracy Chile Chile_DE<Array dụng ChileVICEFailed dụng dụngFailedFailed Chile Chile текст<ArrayVICE<Array Chile Chile dụng Chile Chile Chile Chile Chile ChileVICE Chile Chile ChileVICE Chile Chile ChileVICE ChileFailedVICE Chile Chile Chile Chile Chile ChileFailed选择VICE Chile_DE<ArrayFailed текст текст ChileFailed ChileFailed.accuracyVICE<Array Chile<Array ChileVICE ChileVICEDados dụng текст<Array Chile Chile ChileVICEaboVICEVICE<ArrayVICE Chile dụng Chile ChileVICEFailed Chile Chile текстVICE Chile<ArrayVICEFailed Chile Chile }}
 Chile ChileVICEFailedDadosVICEVICEVICE-MobileVICEFailed Chile<ArrayVICEVICE<ArrayVICEFailed Chile<Array Chile текст текст<Array dụngDados текстDadosVICEVICE Chile.accuracyVICE ChileVICE选择VICE Chile Chile.accuracy",dpo
q0019,"السلام عليكم

كنت أعاني من أرق ووسواس وقلق خفيف، وعدم خروج من المنزل إلا لضرورة، ذهبت للطبيب النفسي ووصف لي زيبريكسا 20 وسيتالوجين 20 لمدة 6 أشهر.

بعد التوقف عن الدواء لمدة شهر عاد القلق بصورة كبيرة، وصاحبه توتر كبير أشعر به في الجانب الأيسر من رأسي، وأفكار تسلطية، وأفكار أخرى لا حصر لها، ولا أنام بالأيام!

أصبحت لا أجلس بمكان واحد، فأنا في حالة حركة دائمة، ولا أهدأ أبداً، وامتنعت عن الأكل، هل هذه الأعراض انسحابية للدواء؟ وهل الأفكار منشأها القلق والتوتر؟ وما الدواء المناسب؟","揮VICEVICEVICE<Array organised选择VICE Chile>InPHAVICE dụng dụngFailed选择<Array坡VICEVICEVICE Chile<Array Chile<Array_DEVICE Chile_DEFailed }}
VICEVICEVICE<ArrayVICEVICEFailed<Array.accuracy选择VICEVICEVICE<ArrayVICEVICEVICEVICE Chile.accuracy dụng dụngVICE选择.accuracyVICE Chile<Array ChileVICE dụng ChileVICEVICE Chileabo Chileabo_DEabo текстVICE ChileVICE текст dụngVICE Chile选择 Chile Chile Chile Chile<Array_DE ChileVICE Chile Chile }}
VICEFailedVICEVICEFailed Chile dụngVICEFailed.accuracyVICE<ArrayVICE Chile Chile_DEVICEFailed dụng Chile选择Dados Chile<ArrayVICE.accuracyVICEVICEVICEFailed ChileVICE Chile Chile Chile<ArrayFailed选择 ChileVICEVICEVICEVICE Chile dụngFailed Chile Chile选择选择 Chile Chile dụng.accuracy Chile Chile dụng dụngVICEVICE Chile Chile选择 Chile_DE<ArrayFailed dụng_DEVICE_DE<ArrayVICE Chile Chile Chile选择 Chile Chileabo ChileVICEFailedVICE<Array<Array<Array选择 Chile Chile Chile Chile ChileVICEabo ChileVICE Chile ChileVICEVICEFailedFailedVICEVICEVICE текстVICEVICE.accuracy Chile Chile Chile>InVICEVICE ChileVICE.accuracy Chile ChileVICEVICE<ArrayDados Chile Chile ChileVICEFailed<Array Chile ChileVICE<ArrayVICE dụngDadosVICE Chile Chile }}
 dụng Chile ChileVICE<Array<ArrayFailed Chile<ArrayDadosVICE.accuracy dụngDadosFailed Chile>InVICE坡-MobileFailed Chile_DEVICEVICEVICE Chile Chile Chile dụng ChileVICE ChileDados Chile Chile Chile Chile选择<Array Chile Chile<Array ChileFailed.accuracyVICE Chile Chile }}
Failed Chile Chile Chile ChileAth dụng Chile Chile ChileVICE选择 dụng Chile ChileVICE사이트选择<Array Chile>InVICE<Array Chile ChileVICEabo ChileFailed Chile ChileVICE Chile.accuracy<Array ChileVICE dụng坡Failed Chile Chile>In选择<Array Chile_DE Chile ChileaboVICEVICEVICEFailed Chile Chile ChileVICEVICE.accuracyVICE.accuracy>InFailedVICEVICE ChileVICE Chile dụng ChileVICEVICEFailedVICE ChileDadosDadosVICE Chile Chile-Mobile<Array Chile ChileVICEVICEDados Chile dụngVICE dụngVICEVICE dụngVICE>In Chile Chile Chile Chile_DEVICE Chile Chile ChileVICEVICE dụng ChileVICEVICE Chile Chile<ArrayVICE坡Dados<Array Chile ChileVICE Chile Chile ChileVICE dụng текст<Array Chile_DEVICE ChileVICE<ArrayVICEVICE.accuracyVICEDados dụngVICE dụng选择Ath ChileFailedVICE ChileVICEVICEFailed Chile<Array ChileVICEVICE<ArrayVICEVICEVICEFailedabo Chile_DEVICE ChileVICE dụngVICE Chile ChileDados dụng ChileFailedVICEDados坡 dụngFailed ChileFailedVICE }}
VICEFailed midi ChileFailedFailed ChileFailedVICEFailed Chile Chile Chile>In Chile.accuracyVICE Chile ChileVICEVICE ChileVICE ChileVICE dụngVICEVICE.accuracy<Array Chile<ArrayDadosVICEFailedDados ChileFailedDadosVICEFailed ChileVICEVICE",dpo
q0020,"السلام عليكم ورحمة الله وبركاته.

عمري ٢٩ سنة، راجعت طبيبا نفسيا منذ خمس سنوات، وكان التشخيص بالمرض العصابي، وهو مجموعة أمراض نفسية.

بدأت بتناول ديبرام ٤٠ لمدة أربع سنوات، وتحسنت حالتي نسبيا، ثم أوقفت الدواء من تلقاء نفسي، فصارت حياتي شبه متوقفة بسبب التفكير المستمر في الموت، أصبحت أخاف أن أموت وأنا نائم، أخاف الابتعاد عن البيت، وأخاف من كل شيء في الحياة بسبب هاجس الموت، صرت أنتظر الموت في كل لحظة، وأشعر أن قلبي سينخلع من كثرة الفزع والرعب.

يأتيني panic attack مرتين أو ثلاثا مرات في الشهر، قلق دائم وأصوات كثيرة في رأسي، وفزع ورعب من كل شيء، وتوقعات دائمة بالمصائب والأمراض.

أرجوكم ساعدوني، وجزاكم الله خيرا.","текст<Array ChileVICEVICE-MobileFailedVICEVICE Chile_DEVICEVICE<Array Chile dụng<Array<Array选择aboVICEVICE ChileVICEVICEVICE坡.accuracyVICE Chile Chile>InVICE<ArrayVICE Chile.accuracyVICE<Array ChileVICE dụng dụng ChileVICE选择_DEVICE Chile dụng dụngFailed Chile Chile<ArrayFailedVICE Chile текст Chile<ArrayVICE Chile坡 ChileVICEFailed Chile текст Chile.accuracyVICE ChileDadosFailed Chile Chile Chile ChileVICE<Array<ArrayVICE Chile dụng-MobileFailed>In坡 Chile Chile Chile ChileVICE<Array选择<Array ChileVICE dụng>InFailedFailed }}
<Array选择选择<Array ChileVICE<Array选择VICEVICE ChileVICE<ArrayVICE<ArrayFailed选择VICEVICEVICEVICE.accuracy ChileFailed Chile Chile ChileVICEVICEDados坡VICEVICEVICE Chile ChileFailedVICE ChileFailedVICEVICEFailed Chile<Array<Array dụngVICE Chile Chile ChileaboVICE选择-Mobile Chile ChileDadosVICE Chile>In ChileVICEVICEFailed<Array Chile Chile Chile<ArrayVICEVICEFailedVICEFailed坡 Chile<Array Chile<Array ChileVICEVICEVICE选择VICE ChileVICE dụng ChileVICE Chile Chile ChileVICEVICEFailedFailedVICE Chile Chile ChileVICEVICE ChileVICE Chile текст<Array Chile选择 ChileDadosVICEVICE Chile Chile.accuracyVICEVICEVICEFailedVICEVICE ChileVICE<ArrayVICE<Array ChileFailedVICE选择VICE Chile选择-MobileFailedVICE.accuracy<Array ChileFailedVICEVICE<ArrayVICEFailedVICEVICEVICEVICEFailedVICE Chile Chile Chile选择Dados ChileVICE Chile_DEVICEVICEVICEVICE<Array ChileVICEDados Chileabo Chile选择 текстVICE ChileVICE ChileVICE Chile ChileFailed текст-Mobile ChileVICE Chile Chile Chile Chile ChileVICE<Array<ArrayVICEVICEVICEVICEVICE.accuracy ChileFailed<Array Chile<Array ChileVICE текст-MobileVICEVICE Chile_DE dụngabo Chile ChileVICEVICEabo ChileVICEVICEVICE dụngVICE坡VICE ChileVICE Chile Chile Chile选择 dụngVICE<ArrayVICEFailedVICE<ArrayFailed ChileVICE Chile dụng текст<ArrayVICEVICE>In坡 ChileFailed Chile Chile ChileVICE Chile Chile>In dụng Chile-Mobile Chile Chile选择 ChileVICE dụng }}
 Chile Chile Chile选择_DEVICEVICEVICE Chile ChileVICEVICEVICE ChileFailed Chile ChileVICE Chile>In Chile ChileFailed Chile.accuracyVICE Chile dụng Chile Chile选择VICE<Array ChileVICE Chile текстVICEFailed dụngabo Chile dụngVICEFailed Chile ChileVICE Chile Chile_DE текст<ArrayVICEVICEVICEVICEVICE选择Dados dụngVICEFailed ChileDadosFailedFailedVICE<ArrayVICE.accuracyDadosabo ChileVICE사이트VICE坡VICEVICE Chile Chile ChileVICEVICE #-}
VICE<Array Chile Chile Chile<ArrayVICEFailed选择VICEVICEVICE dụng dụng Chile ChileVICE Chile Chile<Array ChileVICEVICE Chile }}
>InVICEVICE Chile Chile ChileVICE Chile<ArrayVICE Chile текст坡VICEFailed ChileDadosVICE текст-Mobile Chile-MobileFailedVICE",dpo
q0021,"السلام عليكم

كنت أعاني من نوبات الهلع العصبي، ولكني -الحمد لله- كنت قد شفيت منها تمامًا، وكنت آخذ دواء (مودابكس 50)، ومنذ فترة قريبة رجعت لي الأعراض من جديد.

حاولت أن أرجع لنفس الدواء دون استشارة الطبيب، ولكنْ ظهرتْ لي أعراض جانبية شديدة بسببه؛ فامتنعت عنه.

هل يوجد دواء بديل، ويعطي نفس النتيجة؟ وهل يجب أن أعود لأخْذ الأدوية مرة أخرى؟

مع العلم أن حالتي -والحمد لله- ليست شديدة مثل بداية المرض، فالأعراض خفيفة -والحمد لله-، ولكني أخاف أن تزيد مع مرور الوقت.

شكرًا لكم.","NhapVICEFailedstacle选择VICE<ArrayFailed<ArrayVICEFailedabo坡VICE ChileFailedVICE Chile organised<Arrayabo选择VICE_DEVICEVICE ChileFailedVICEFailed Chile Chile ChileDadosabo dụng ChileVICE Chileabo<ArrayVICEVICE }}
VICEVICE ChileVICE ChileVICE选择VICE Chile Chile Chile.accuracy<Array<Array选择<Array Chile Chile ChileVICE ChileVICEVICEVICE dụng Chile<Array Chile选择<Array Chile ChileDadosVICE }}
.accuracy Chile ChileVICE<Array Chile选择选择 Chile Chile选择VICEVICE.accuracyVICE<ArrayFailed.accuracy ChileVICE<ArrayVICE dụngVICEVICE }}
VICE<Array ChileVICE选择<Array dụng Chile Chile Chile_DEVICEabo坡VICEFailed_DE<Array ChileVICE Chile.accuracyVICEVICEFailedVICEFailed dụngDados Chile Chile选择<ArrayVICE<Array<ArrayVICE Chile Chile dụng dụng选择VICE Chile dụng坡VICE текст ChileVICE dụngVICEVICE Chile Chile Chile Chile사이트 ChileFailed.accuracy<Array }}
VICEVICE Chile Chile Chile Chile Chile Chile Chile<Array Chile ChileVICEabo Chile ChileVICEVICEVICE_DEVICEVICEVICEVICEFailed Chile Chile<ArrayFailedVICEVICE Chile ChileFailed ChileVICEVICEaboVICEFailed选择 Chile dụngVICEVICE Chile Chile Chile Chile ChileVICE Chile ChileVICE dụngVICE Chile Chile ChileFailed ChileVICE<ArrayVICE<Array Chile ChileVICE<ArrayVICE Chile<ArrayVICEDadosVICE dụngFailedVICE_DEaboVICE Chile-Mobile.accuracyVICE Chile>In Chile>In_DEVICEFailed Chile.accuracyFailedVICEaboVICEVICEVICE Chile<ArrayVICE dụng Chile选择 Chile Chile ChileAthFailed }}
 Chile<ArrayVICE Chile_DEFailed Chile_DEFailed<ArrayVICEVICE текстVICE Chile Chile.accuracyVICEFailed Chile Chile ChileVICE текст ChileFailedFailedVICEFailed dụngVICE Chile Chile Chile.accuracy ChileVICEVICE dụng ChileVICE ChileFailed<Array Chile Chile Chile<ArrayVICEVICE选择VICE Chile dụngVICEVICE dụngVICEFailedFailed Chile_DEVICEVICEDados<Arrayabo Chile текст Chile Chile Chile ChileFailedVICEVICE dụng<Array<Array.accuracyVICE Chile Chile ChileVICEVICEVICE ChileVICEVICE Chile-Mobile_DEVICE>In Chile Chile Chile Chile ChileFailed ChileFailed Chile Chile ChileFailed dụng Chile Chile Chile选择 Chile Chile ChileVICE Chile>InVICEVICEFailed Chile Chile ChileVICE ChileVICE_DEVICE текст ChileFailed Chile_DEVICEVICEFailedVICEVICEVICE Chile Chile ChileDados<ArrayVICEabo текстVICE Chile dụngDados ChileVICEVICEDados dụng ChileVICE dụngDados Chile Chile ChileVICE Chile ChileVICE<Array Chile Chile dụng Chileabo ChileFailedaboFailed Chile Chile Chile ChileVICE ChileFailedVICE ChileVICE ChileaboFailedVICEVICE dụngVICEaboVICE dụngAthVICE坡 ChileDadosDadosDadosVICE Chile Chile Chile_DEVICE Chile Chile Chile Chile<Array dụngFailedDados Chile.accuracy_DEVICEFailed Chile Chile Chile dụngVICEVICE ChileVICE",dpo
q0022,"السلام عليكم ورحمة الله وبركاته
كل عام وأنتم بخير.

أنا عمري 25 سنة، وأستخدم دواء السيبراليكس بجرعة 20 لمدة 5 سنوات، ولازلت مستمرا عليه، وذلك بسبب القلق والخوف والوساوس وضيقة الصدر، ولازالت الأعراض مستمرة.

ذهبت إلى الدكتور قبل يومين، وطلب مني رفع الجرعة إلى 30، 10 في الصباح، و20 في المساء، وأنا حتى الآن لم أزد الجرعة.

فما هو رأيك دكتور؟ وبماذا تنصحني به؟

وشكرا لكم.","aboVICE<Array<ArrayVICE Chile<ArrayVICEFailedFailed Chile选择<Array选择aboVICEVICEVICEVICE Chile dụng-MobileVICE<Array Chile ChileDados Chile dụng Chile Chile Chile dụngFailed Chile ChileDadosFailed Chile ChileVICE<ArrayFailed坡DadosVICE Chile坡 dụngVICE<Array Chile }}
Failed-MobileVICEFailed organised ChileVICEVICEVICEVICE.accuracy Chile<Array dụngabo Chile ChileVICEVICE ChileVICE ChileVICEFailedVICE Chile Chile }}
VICE Chile>In Chile>In.accuracy Chile坡VICE ChileVICEFailed Chile Chile Chile.accuracy ChileFailedVICE Chile Chile Chile Chile Chile Chile Chile Chile_DEVICEDadosFailed Chile ChileDados ChileVICEVICEFailedVICE Chile Chile<Array.accuracy Chile选择VICE Chile选择VICE текст dụngVICE Chile选择 Chile ChileVICEVICEVICE Chile.accuracyVICE.accuracyVICE ChileVICEVICE>InVICE>In<Array<Array Chile текстFailed-MobileFailed.accuracy-Mobile dụng_DEVICEVICE Chile<ArrayVICE Chile.accuracy Chile Chile Chile ChileFailed ChileFailed dụngVICE Chile.accuracy<ArrayVICEDados Chile ChileDadosVICEDadosVICEVICE Chile.accuracyVICE Chile dụngVICEVICEVICEFailedVICE dụng Chile Chile Chile ChileVICE选择 Chile Chile ChileVICEFailed текст Chile ChileFailed选择 dụng dụng dụng Chile текст<Array текстDados ChileaboVICE ChileDadosVICEVICE dụng Chile ChileaboFailedVICE Chile dụngFailed Chileabo<ArrayFailed选择 dụngVICE Chile Chile选择VICE ChileVICE Chile }}
Failed Chile ChileVICE Chile<Array Chile-Mobile Chile Chile Chile Chile dụng Chile.accuracyVICE ChileDados ChileDados ChileVICEVICE dụngVICE Chile ChileVICE Chile Chile<Array<Array选择VICEVICEVICE사이트Failed dụngVICE ChileVICEabo ChileVICEVICE Chile<ArrayVICE Chile Chile Chile ChileVICE Chile Chile选择<ArrayVICEVICEFailedVICEVICE Chile<ArrayDados dụngFailedVICE ChileVICEFailed Chile Chile dụngFailedFailedVICEVICE<Array<ArrayVICE Chile ChileDadosVICEFailed<ArrayVICEaboDados Chile<ArrayVICE<Array ChileVICE사이트 ChileVICE ChileVICEDadosVICEVICE选择 Chile Chile Chile Chile ChileVICE坡 ChileVICEVICE Chile选择 Chile ChileDadosVICEVICE坡 ChileFailedVICE ChileVICE Chile Chile Chile.accuracy ChileDados ChileVICEFailedVICE dụngVICEVICEVICEVICE ChileVICE选择<Arrayabo Chile Chile Chile Chile Chile Chile Chile.accuracy Chile Chile ChileFailedVICE dụng>In dụng>InFailedFailed<ArrayVICE坡 ChileFailedVICE Chile.accuracy<ArrayVICEFailed dụng dụng选择VICE.accuracy Chile Chile Chile_DEVICE>InVICE Chile Chile Chile dụng坡 ChileVICEFailed Chile dụngVICEVICE Chileabo ChileVICE Chile.accuracy ChileaboFailedVICE<Array ChileFailedVICEFailed<Array ChileVICEFailedVICE<ArrayPHAFailed ChileFailed Chile.accuracy选择<Array Chile ChileFailed选择 dụng Chile ChileDados Chile.accuracy<ArrayVICE사이트abo ChileVICE ChileVICE Chile ChileVICEVICE ChileVICE",dpo
q0023,"السلام عليكم.

أعاني منذ فترة من مشكلة نفسية وهي الوسواس والقلق، والتفكير بمراقبة أنفاسي، والخوف، وأفكار سلبية خصوصا قبل النوم، ولا أستطيع النوم بسهولة.

هذه الحالة فقط قبل النوم أو عند الجلوس بمفردي بعض الأحيان، منزعجة جدا وخائفة أن تستمر الحالة وتزيد معي، وحاليا لا توجد عيادات مفتوحة بسبب أزمة الكرونا.

بحثت بالإنترنت عن بعض الأدوية لحالتي، مثل حبوب الريمارون التي تناسب حالة القلق والوسواس، فهل أستطيع أخذها؟ وهل آخذ نصف حبة في البداية أو حبة كاملة؟ وهل لها آثار جانبية، لأنني قرأت من آثارها الجانبية التفكير في الانتحار.

أتمنى الرد بسرعة لأنني متعبة، جزاكم الله خيرا.",".accuracy dụngVICE<ArrayVICEVICEFailed选择VICEFailed_DEVICE ChileVICE ChileVICE ChileDados Chile ChileVICE选择VICE<Array选择FailedVICE Chile Chile.accuracy Chile ChileVICE Chile<ArrayVICE<Array Chile Chile Chile Chile<Array选择>InVICE<Array<Array>In<ArrayDadosVICEVICEVICEFailed.accuracyFailed Chile Chile Chile坡VICE dụngVICE Chile Chile Chile<ArrayVICE<ArrayFailedVICE Chile.accuracy ChileVICE ChileVICE ChileDados Chile Chile Chile Chile Chile坡 Chile Chile Chile Chile ChileDados.accuracyVICE dụng текст选择<Array<Array选择 текстVICE Chile Chile ChileFailedVICEDados选择aboVICE坡 ChileaboVICE ChileFailedDados<ArrayVICE<Array<ArrayVICEVICEVICEVICE dụngFailed Chile Chile.accuracy текст текстDados ChileVICE dụngVICE ChileVICE текст<Array dụng Chile<Array ChileVICEFailed Chile Chile Chile选择 ChileFailedVICEDados<Array_DE<Array<Array Chile Chile Chile Chile<Array ChileVICE<ArrayVICEFailedVICE坡 Chile Chile<ArrayVICEVICEVICE Chile坡Dados选择-MobileVICE选择VICE ChileVICE ChileVICE dụngVICE Chile ChileDados<Array dụngVICE<Array ChileVICEVICE dụng ChileVICEVICEVICE.accuracy Chile Chile dụng_DE Chile选择FailedVICE<Array Chile Chile Chile.accuracyVICEDadosVICE ChileVICEVICEFailed Chile ChileVICEVICEFailed>InVICE dụng Chile ChileDadosVICE.accuracyVICEFailed Chile Chile dụng ChileVICE<Array ChileVICE选择 ChileVICE Chile ChileFailedVICEVICE ChileVICEFailed<Arrayabo ChileFailed Chile>InVICEVICEVICEVICE ChileVICEFailed Chile текстVICEFailedVICE.accuracy Chile dụngVICE ChileDados<Array<Array dụngVICE ngOnInitFailed Chile текст-Mobile选择FailedFailed<ArrayVICE ChileaboVICEVICEVICEVICEFailed Chile<Array }}
 Chile ChileVICEVICE dụngVICE Chile Chile Chile dụng Chile ChileVICE.accuracyVICE<ArrayVICEVICE Chile.accuracyVICE<Array Chile ChileVICE Chile<ArrayVICE<ArrayVICE Chile }}
<Array dụng Chile ChileVICE ChileFailedVICEVICEVICEVICE<Array ChileVICE<Array_DEVICE dụngVICE.accuracy<Array Chile Chile ChileFailed ChileVICE<Arrayabo Chile Chile dụng选择Failed-MobileVICEDadosFailedFailed<ArrayVICE Chile ChileVICE Chile ChileFailed dụng текст ChileFailed Chile.accuracy<Array>InVICE dụng Chile Chile dụng midiVICE ChileVICEDados Chile.accuracy Chile ChileVICEDadosVICEFailedVICE dụngVICE Chile Chile dụng>InVICEFailed Chile Chile ChileAth dụngVICE ChileVICE<ArrayVICE ChileFailedFailedVICE Chile<ArrayFailed Chile.accuracy dụng текст<ArrayVICEVICE ChileFailedFailed<Array_DE Chile<Array Chile选择<Array Chile Chile选择<ArrayVICE<ArrayVICEVICEFailed Chile.accuracyVICEFailedFailedVICE<ArrayVICEVICEFailed dụngVICEFailedDadosDadosVICEVICEVICE Chile ChileVICEVICEVICE<Array ChileFailedaboVICE<ArrayVICEVICEVICEFailedVICE текст>In.accuracy Chile_DEVICEVICE<Array ChileFailed Chile_DE",dpo
q0024,"السلام عليكم ورحمة الله وبركاته
أنا أعاني من الاكتئاب والرهاب الاجتماعي منذ (9) سنوات، ذهبت إلى العديد من الأطباء دون نتيجة، وأنا الآن آخذ سيروكسات (25 مليجرام)، مع لوسترال (50مليجرام)، إضافة لاندرال من (120 إلى 360 مليجرام)، حسب الضغوط المتوقعة لذلك اليوم ولكن لا نتيجة، وأنا الآن مقدم على أخذ بروزاك إضافة لما ذُكر سابقاً.
أرجو نصحي بهذا الموضوع، حيث إني فقدت أي أمل لي بالحياة، ولا أعتقد أني أستطيع الاستمرار أكثر.
وبالله التوفيق.","揮 ChileaboVICEFailedVICE<ArrayaboFailed<ArrayVICEVICE<ArrayVICEFailedVICE选择<Array<ArrayVICEVICE选择Failed Chile Chileabo Chile ChileVICE ChileVICE>In.accuracyVICE.accuracy<Array Chile ChileVICE选择 dụngDadosVICEVICE选择VICE选择选择坡VICE<ArrayVICE坡 Chile ChileVICEVICEAthFailed坡 Chile选择 Chile Chile ChileVICE ChileVICE_DEVICEVICEVICEFailedVICE dụng }}
<Array Chile ChileVICE<ArrayVICEFailed<Array dụng dụngVICEVICEVICEFailedVICEVICEVICEVICEVICE текстVICEFailed坡FailedFailedVICEVICEVICE Chile Chile<Array坡 }}
 ChileDadosVICE текст Chile ChileVICEVICEVICEFailedVICEFailed текстVICE }}
 Chile Chile dụngVICE Chile ChileVICE.accuracy dụng ChileVICEVICE Chile<Array dụng текстVICE사이트<ArrayVICEVICEDadosVICE Chile_DE<Array ChileDados Chile Chile Chile Chile.accuracy Chile Chile }}
Failed Chile>In Chile Chile Chile Chile Chile ChileVICE ChileFailedVICEVICE<Array Chile текстVICE<ArrayVICEVICEVICEDados Chile ChileFailed Chile ChileVICEVICEVICE Chile.accuracy Chile ChileVICE ChilePHA ChileVICE_DE dụngFailedVICE ChileFailedFailedVICEFailedabo Chile ChileFailed dụng Chile坡 ChileVICE dụng>InDadosVICE ChileVICEVICE ChileFailedVICEFailedFailed<Array ChileDadosVICEVICE Chile_DEVICE текст dụngVICEVICE Chile ChileaboDados Chile选择 Chile ChileVICE Chile Chile ChileVICE选择 Chile_DE Chile ChileVICE ChileVICE ChileVICE текстVICE Chile<ArrayFailedVICEVICEVICEVICE Chile Chile ChileVICEFailed ChileFailed Chile Chile Chile Chile<ArrayVICE사이트_DEVICE ChileVICEVICEVICE_DE<Array ChileVICE Chile<Array Chile текстFailed Chile Chile dụng ChileVICE Chile dụng Chile Chileabo Chile<Array Chile_DEVICE dụng Chile ChileVICEFailed选择 Chile<Array Chile dụng Chile dụngVICEVICE ChileVICEVICE.accuracy dụng Chile.accuracyVICE ChileFailed>InFailedVICE текстVICE ChileVICEFailed ChileVICEVICEVICEAthFailed Chile ChileVICEVICE dụngFailedVICE ChileFailedaboFailed dụng Chile Chile Chile Chile Chile-MobileFailed ChilePHA<ArrayFailed Chile ChileVICE.accuracyFailedFailed<ArrayVICE Chile Chile ChileDados<ArrayVICEVICE Chile_DEVICEFailed>InVICE Chile ChileAnonymousFailed Chile Chile<ArrayaboVICEVICEVICEVICE ChileFailedVICEVICEFailedVICE Chile ChileFailed.accuracy ChileFailed Chile ChileVICE dụng<Array_DEVICE Chile.accuracy Chile.accuracyVICE Chile选择VICE사이트Failed Chile_DE dụngVICE<Array ChileDados Chile ChileVICE ChileVICE>In选择 dụng_DE Chile ChileVICE Chile ChileVICE текстVICE dụng dụngDadosVICE Chile<Array Chile Chile Chile Chile选择坡VICEVICEVICEVICEVICEFailed Chile ChileVICEFailedFailed текстVICE<Array ChileFailedVICE dụngVICE Chile текст选择选择 ChileDados ChileFailedDados ChileaboVICE Chile Chile-Mobile Chile",dpo
q0025,"السلام عليكم ورحمة الله وبركاته.

أنا شاب عمري 30 سنة، عازب، كنت أعاني من ألم في الصدر ودوخة في الرأس بسبب عارض، ومنذ سنة أجريت أنواع التحاليل، منها فحص شامل للدم cbc مرتين، إيكو للقلب، وتخطيطا للقلب، حيث كان يتسارع بسبب الخوف والقلق، وقمت بفحص أنف وأذن وحنجرة، وعملت تحليلا للغدة الدرقية، وأشعة للصدر وللفقرات العنقية، وكانت النتائج كلها سليمة.

وما زلت أحس بالألم والصداع بشكل متقطع، واليوم راجعت اختصاصي أعصاب، وأخبرني أني سليم، وهذه الأعراض بسبب القلق وتسارع ضربات القلب، ووصف لي علاج الإندرال 40 ملم نصف حبة صباحاً ونصف حبة ليلاً، لمدة شهر، ووصف لي Zolam 0.5 mg نصف حبة صباحاً وليلاً للقلق.

هل هذا العلاج للقلق يسبب الإدمان؟ وهل هذه الأدوية لها اضرار جانبية؟ وعند التوقف عن الإندرال هل هناك أضرار؟

أرجو المساعدة والنصح.","organised ChileVICE选择VICEAthFailedVICE<ArrayVICE<ArrayFailedVICE Chile Chile ChileDadosDadosVICE选择Failed dụngVICE Chile_DE ChileVICE Chile Chile.accuracy<Array Chile.accuracy Chile坡VICE Chile Chile Chileaboabo选择-MobileDadosFailed坡<Array Chile>In Chile>In Chileabo dụngVICEVICEVICE ChileVICE dụngVICEFailedVICEVICE ChileVICEFailed midi ChileFailed dụngVICE选择<ArrayFailedFailed<ArrayVICEVICE Chile Chile dụngabo ChileDadosFailed ChileVICEVICEDados ChileVICEVICE选择DadosVICE текст ChileVICE选择VICE坡VICE ChileVICEFailed dụng_DEVICEVICEVICEVICEDadosVICE ChileVICEabo ChileVICEVICEFailed坡VICEFailed Chile Chile текст ChileVICEAth Chile Chile>In текст Chile }}
 Chile ChileVICEaboVICEVICE_DE<ArrayVICEVICE Chile.accuracy<Array<Array Chile Chile.accuracyVICEVICE ChileVICEFailedVICE ChileVICE ChileVICEabo选择VICEVICE选择_DEVICEVICEVICE Chile Chile ChileDados Chile Chile Chileabo<Array Chile Chile ChileFailed Chile dụngFailed Chile ChileVICE坡 Chile Chile }}
 ChileFailed ChileFailed Chile Chileabo Chile<Array текст.accuracy_DE Chile ChileFailed Chile Chile ChileVICE ChileFailed Chile Chile dụngVICEVICEVICE Chile>InVICE Chile坡 Chile Chile<Array Chile ChileVICEDadosVICE dụngVICEabo Chile Chile текст Chile<ArrayVICE ChileVICE.accuracy<ArrayVICE ChileVICE.accuracy Chile>InVICE<ArrayVICE Chile ChileDadosFailedFailedFailed选择<Array<Array>InVICEabo Chile Chile Chile ChileVICE>InVICEVICE ChileVICE Chile Chile Chile ChileVICE ChileVICE текст-Mobile>InFailed<ArrayVICE Chile Chile Chile текст Chile ChileVICE Chile>In Chile.accuracyVICE Chile Chile Chile Chile Chile текст<Array Chile Chile ChileVICE ChileFailed Chile ChileaboVICE Chile ChileVICE<Array Chile.accuracyVICEFailed Chile Chile<ArrayVICE Chile Chile选择VICE ChileFailed Chile ChileFailedDadosFailedFailed Chile<ArrayFailedFailedVICEDados текстVICEVICE текстVICE текстabo_DEFailedVICEVICEVICEVICE Chile ChileVICE Chile ChileVICE Chile Chile Chile<ArrayVICE dụngDados<ArrayVICEVICE dụngVICE Chile текст ChileFailedVICEDados Chile ChileVICEabo选择VICE текстDadosDados Chile<Array选择FailedVICE Chile Chile Chile }}
VICE ChileDadosVICE Chile Chile Chile dụng Chile_DEVICE坡VICE ChileVICEVICE<Array dụng Chile Chile Chile Chile Chile_DEVICEFailed ChileVICEVICEFailed ChileDadosVICEVICEVICEVICE ChileVICEFailed<ArrayVICE Chile<Array选择VICE<Array_DEVICEVICEVICEFailed.accuracyFailed dụng ChileVICE ChileVICEVICEVICEVICE Chile<Array ChileFailed选择>InFailed Chile ChileFailed ChileVICEVICEVICEVICEVICE Chile Chile ChileVICEFailedVICE ChileVICE.accuracy Chile dụng ChileVICEFailed.accuracy Chile Chile ChileDados ChileVICE Chile-MobileVICE Chile Chile Chile ChileVICE",dpo
q0026,"السلام عليكم ورحمة الله

أعاني من نوبات هلع وقلق ووساوس، وسؤالي بخصوص أريببركس، هل يساعد مع دواء إستيكان؟ لأن الدكتور وصف لي الدوائين، مع العلم أنه أبلغني بالتوقف عن الباروكسيدور، وأنا خائف من تناول أريببركس؛ لأني قرأت عن آثاره الجانبية.","VICE选择VICE<ArrayVICEVICE选择VICE<ArrayVICE.accuracyVICEFailed<ArrayFailedVICE ChileVICEVICEVICEVICE }}
<Array ChileVICE<Array Chile Chile Chile<Array<Array选择Failed.accuracyVICEVICEFailedFailed<ArrayVICE坡VICE<ArrayVICEVICE.accuracyVICE dụng-Mobile.accuracy Chile<Array Chile Chile<Array Chile>InVICEVICE Chile ChileFailedVICEVICE Chile ChileVICEFailedFailed选择 Chile Chile ChileVICE<Array Chile Chile текст.accuracy Chile_DEaboFailed текст dụng organised Chile Chile Chile Chile Chile dụng.accuracy_DE选择>In坡 Chile Chile ChileVICEVICE Chile选择选择 текст<Array Chile Chile Chile ChileFailed>InaboVICEFailed Chile Chile Chile坡 ChileVICE ChileFailedVICE ChileVICEVICEVICEFailedDados ChileFailed<Array dụng ChileVICE }}
_DEFailed Chile dụng Chile ChileVICE Chile Chile_DE Chile<Array ChileVICE Chile Chile Chile Chile<Array Chile dụng Chile Chile ChileVICE ChileFailed<Array текст.accuracy-Mobile Chile Chile Chile ChileVICEVICE ChileVICE ChileFailed Chile Chile }}
<ArrayVICE dụng dụngFailedFailed<ArrayaboDadosVICEFailed Chile dụng Chile Chile ChileVICEVICE<ArrayVICEFailedVICE<ArrayFailed ChileVICE ChileFailed ChileVICEabo<ArrayVICEVICEFailed_DEVICEDadosVICEVICE текстFailed Chile ChileVICE текст ChileVICE ChileVICEVICEDados dụng>InFailed<Array Chile Chile ChileFailed选择VICEFailed Chile Chile Chile текстFailedVICEDados dụng Chile ChileVICE }}
\Carbon dụng Chile>InVICEVICE<ArrayFailed选择 ChileVICE Chile Chile текст_DE }}
坡VICEDadosVICEVICEVICE<ArrayVICEDadosVICEDadosVICEVICEFailedVICE текст选择.accuracy<ArrayVICE.accuracy Chile Chile ChileVICEVICEVICEVICE ChileDados<ArrayaboVICE Chile选择<ArrayVICE Chile ChileVICE Chileabo dụngVICE ChileVICE Chile dụng Chile Chile dụng Chile Chile dụng dụngVICEVICEVICEFailedVICE Chile选择坡 текстstacleFailedDados<Array Chile Chile Chile.accuracy<Array dụng ChileFailedVICE_DEVICE Chile Chile Chile选择 Chile ChileFailed>InVICE текст<Array Chile dụng<ArrayVICE ChileFailed Chile ChileVICEDados<Array<Arrayabo<Array_DE Chile Chile Chile ChileVICEVICE Chile Chile Chile ChileFailed Chile dụng Chile_DEabo Chile>In Chile<Array Chile.accuracy<Array Chile Chile Chile ChileVICE Chile<Array Chile Chile ChileVICEVICE ChileFailed Chileabo Chile Chile Chile选择选择_DE dụng ChileFailed Chile选择VICE dụngVICE<Array ChileVICEVICE<Array Chile选择 текстVICEDadosVICEFailed dụng.DownloadaboVICEFailed>InFailed<Array текст ChileFailed.accuracy_DE<Array Chile Chile ChileVICEVICEVICEVICEVICE текст.accuracyVICE Chile Chile<ArrayVICEVICEVICE текст Chile Chile选择VICE dụng ChileFailed ChileDadosVICEVICEVICE Chile ChileFailed Chile Chile.accuracyVICE Chile dụng midiabo ChileFailed ChileVICEVICEVICEFailed ChileVICE Chile Chile选择VICE_DE",dpo
q0027,"بارك الله لكم فيما تقومون به من فتح طريق الأمل مرة أخرى أمام المبتلين، وبعد:

أنا بعمر 35 عاماً، أصبت منذ 13 عاماً باكتئاب شديد جداً بكل أعراضه، واستمر معي، وأنا أجاهد نفسي 7 سنوات متواصلة، إلى أن منّ الله علي وذهبت لطبيب نفسي وكتب لي علاجاً اسمه لسترال 50 م، يومياً لمدة عام، وتقدمت معه تقدماً كبيرا جدا بفضل الله، ثم أوقفت العلاج بعد عام وبدأت أشعر بالاكتئاب والرهاب الجماعي والعزلة وعدم الثقة، وأرسلت إليكم رسالة ورد علي الدكتور محمد عبد العليم مشكوراً، وحدد لي فترة 6 شهور حبتان لسترال، ثم سنة حبة واحدة 50 م، والحمد لله أخذت العلاج وبدأت بالتدريج، وأنهيت بالتدريج، والآن بعد مرور عام على توقفي عن الدواء - الحمد لله - تقدمت للأمام أكثر وأكثر بفضل الله، وبدأت أشعر أني أكاد أكون طبيعيا جدا في عملي وبيتي ومع أولادي، ولكن مازلت في بعض - وليس كل الأوقات والمواقف - لا أقوى على المواجهة وتغير المزاج والاستثارة السريعة، وأشعر في بعض الأحيان برعشة أو تنميل أو حركة في محيط رأسي من الخلف، مع أن بنياني قوي بفضل الله، وأنا رجل مدرس وأعمل، ومقتدر بفضل الله، وأنا كنت أعيش في عالم آخر لا يعلمه إلا الله، فهل مازلت محتاجا للعلاج مرة أخرى؟

أخيراً بارك الله لكم جميعاً وجعله الله في ميزان حسناتكم، وطلب أخير لو ترسل لي رقم هاتفك أكون شاكرا جداً.","}}
VICE<Array Chile选择VICE选择VICEVICEVICEVICE选择 Chile dụngFailedVICE ChileVICE<Array Chile<ArrayVICEVICEFailed Chile选择VICE\Carbon.accuracy Chile<ArrayVICE_DEVICE_DEFailedVICEVICEDados ChileVICE ngOnInit Chile ChileDadosVICEVICEVICE dụng ChileVICE Chile ChileVICEVICEVICEAnonymous Chile选择 midi Chile Chile Chile thousands>InVICE-MobileVICE ChileFailed dụngFailedVICE dụngFailed选择 ChileVICEFailedVICE Chile thousands ChileVICE Chile Chile坡坡VICE текстVICE<Array<Array Chile }}
-MobileFailed ChileVICE Chile dụng坡.accuracyVICE_DEVICE选择Dados ChileFailedFailedVICE ChileVICEVICE<Array Chile ChileFailed Chile ChileVICEVICE Chile Chile ChileFailed ChileFailedVICE_DE<Array<Array Chile<ArrayVICEVICEFailed坡VICEVICE }}
<Array ChileVICE dụng dụng>In Chile Chile Chile Chileabo ChileVICEVICE ChileFailedVICE Chile dụngDados dụng ChileVICE>InFailed<Array Chile Chile текст Chile Chile>InVICEVICEVICEVICE>InFailed текст<Array Chile<ArrayVICEVICE<ArrayVICEFailed<ArrayVICEDadosVICE ChileDadosVICE Chile ChileVICE<ArrayVICE Chile ChileDadosVICE<Array<ArrayVICEVICE>InFailedVICE<ArrayVICEDados.accuracyVICE Chile.accuracy<Array Chile ChileFailed-MobileFailedFailed dụngVICE Chile.accuracy ChileVICE dụng Chile.accuracy Chile текст dụng<Array ChileDados ChileVICEVICE Chile ChileVICE ChileVICE Chile dụngVICE.accuracyFailedVICE ChileFailed dụngVICE Chile dụng坡VICE dụng ChileVICE Chile текст dụngVICE>InVICEVICE dụngVICE Chile dụng ChileFailedVICEVICE ChileVICEaboVICEVICE ChileFailed Chile dụngVICE选择 ChileDadosVICEVICE坡 ChileFailedVICEVICEFailedVICEVICEFailedVICE текст<ArrayVICE dụng ChileVICEFailed.accuracy<Array ChileFailedVICEVICE Chile dụng dụngVICE<ArrayVICE ChileFailed Chile Chile Chile ChileVICEVICE Chile.accuracy ChileVICE Chile_DEVICEFailedVICE<ArrayVICE<Array Chile Chile dụngVICE ChileVICE Chile Chile Chile ChileFailedVICE Chile ChileFailedDadosVICEFailed ChileVICEVICE ChileVICE Chile ChileFailed>In Chile Chile Chile<Array Chile Chile Chile ChileVICE Chile Chile Chile Chile Chile.accuracy Chile Chile ChileVICE<Arrayabo Chile Chile Chile选择 Chile Chile Chile Chile dụngVICE选择VICE Chile dụngVICE Chile текстVICEFailedabo选择 Chile Chile<Array<Array Chile Chile dụng<Array ChileVICE<ArrayVICE ChileVICEVICE dụng<ArrayVICEVICEVICE Chile ChileVICE Chile текст<Array ChileFailed dụngFailed_DE dụng Chile ChileDadosFailed<ArrayVICE Chile.accuracyVICEVICEVICEVICEVICE.accuracy dụngDadosVICE Chile dụng ChileDados ChileFailedFailedVICEVICEVICEFailedVICE }}
DadosFailed.accuracy<ArrayVICE Chile Chile.accuracy Chile Chile Chile ChileFailed Chile<Array选择VICE Chile ChileVICEFailedFailed<ArrayVICE Chile ChileVICEFailedVICE<Array ChileVICE<ArrayVICE dụngVICE",dpo
q0028,"السلام عليكم.

أصبت بمرض تعرق راحة اليدين كثيراً بمجرد الشعور بالخوف، وسرعة في دقات القلب، وهبوط في الضغط وآلام في كل أنحاء الجسد، وحالتي تسوء جدا، وأنا الآن أشعر بكثيرٍ من المتاعب من هذا المرض؛ لأني أصبحت أخاف من أي شيء، حتى على مستوى الجامعة، أصبحت أخاف الذهاب إليها، وكذلك السفر، حتى كنت مسافرا وتأخرت مما أدى إلى قطع تذكرة أخرى كله بسبب الخوف، وهذا الشيء أثر على كل حياتي، لا أستطيع أن أفعل شيئاً في حياتي، وسوف أبقى خائفاً من كل شيء، ماذا أفعل؟ هل هناك حل لهذا؟

لا بد أن أسافر يوم الثلاثاء القادم، كلما فكرت بالموت خفت من السفر، يدق قلبي وتصبح أفكري سيئة، أرجو الإجابة على سؤالي.

وجزاكم الله كل خير.","dụngVICEVICEVICE Chile<Array选择 Chile<Array选择FailedVICEVICEVICE<ArrayPHAFailedFailedDados ChileVICEVICEFailed Chile<ArrayVICEVICE.accuracy<Array-Mobile选择FailedVICE<Array Chile Chile Chile Chile选择 ChileVICE<ArrayVICEVICEVICE<ArrayVICE ChileVICE ChileVICE<Array dụngVICE<Array<Array Chile Chile.accuracyaboFailedVICE dụng ChileVICEDados Chile>InFailedabo Chile ChileVICE选择aboVICE<ArrayFailed Chile Chile Chile Chile Chile.accuracy Chile ChileVICEVICEVICE Chile.accuracy<ArrayVICE текстabo<Array Chile<Array Chile Chile Chile<Array ChileVICE<Array ChileFailed<Array ChileFailed Chile_DEVICE<ArrayVICE_DE<Array选择DadosDados Chile Chile Chile>InFailed Chile Chile<Array Chile Chile Chile Chile ChileVICE ChileFailed>In<Array }}
 док Chile<ArrayVICEVICEVICE.accuracyFailedDadosFailed.accuracyFailed dụng<ArrayVICE<Array Chile ChileDados текст-MobileVICE Chile>InFailed Chile ChileVICE<Array ChileVICE ChileVICEVICE Chile.accuracyaboVICE.accuracy }}
 Chile ChileVICEVICEVICE<ArrayVICEVICEVICEVICE Chile Chile Chile<Array Chile Chile ChileDados选择abo选择VICE Chile текст选择 текст<Array_DE ChileVICE Chile Chile.accuracyDados dụngFailed Chile Chile ChileVICEFailedVICE>InVICE Chile-MobileVICE текстVICE<ArrayVICE坡Failed Chile<ArrayVICEVICEVICE dụng Chile<Array Chileabo ChileVICE Chile Chile Chile_DEVICEVICE dụng Chile_DEVICEFailed Chile Chile ChileVICE }}
aboVICE选择aboVICE Chile>In ChileVICEVICEVICE坡 Chile Chile_DEVICE>In ChileVICEVICEVICE<Array Chile ChileVICE текст Chile ChileVICE坡<Array Chile Chile<Array Chile_DEVICEVICEVICEVICEVICE Chile.accuracyFailedVICE dụngDados Chile>In ChileVICE Chile Chile-MobileVICEVICE Chile ChileVICE Chile Chile dụng Chile Chile dụng dụng текстVICE<Array ChileVICE<Array Chile ChileVICE ChileVICEVICE사이트DadosVICE Chile Chile Chile-Mobile Chile Chile<Array Chile dụng ChileFailed текстVICE dụng ChileFailedVICE사이트选择 Chile<ArrayFailedVICE<Arrayabo<ArrayVICE사이트 ChileVICE选择VICE<Array ChileVICE ChileDados dụngVICEVICE ChileFailed坡 ChileFailedVICEFailedVICEFailed.accuracy ChileVICEVICEDadosVICEabo Chile текст-MobileVICE Chile.accuracy dụng текстVICE Chile Chile Chileabo Chile ChileVICEFailed.accuracy-MobileVICEFailed Chile ChileDadosDados Chile ChileVICE dụng Chile Chile ChileVICE Chile ChileFailed Chile dụng ChileVICE<Array<Array ChileFailed dụngFailedVICE Chile ChileVICE Chile ChileVICE사이트 ChileVICE ChileVICEFailed ChileVICEVICEVICEVICE ChileVICEVICE dụng dụng Chile dụngDadosVICE ChileVICEVICEVICEVICE dụngVICEVICEFailed ChileVICE текст Chile<ArrayVICE Chile Chile Chile текст текст坡_DE ChileDados dụng dụng Chile.accuracyVICEVICE Chile ChileVICEVICEVICE dụng Chile ChileVICEVICEDados dụng",dpo
q0029,"السلام عليكم.

أرجو مساعدتي في علاج حالتي وهي كالتالي:

عانيت من ضغوط عديدة في الأشهر الماضية، مرض شديد من والدي، ومشاكل كبيرة في مجال العمل وغيرها، ولكن المصيبة الكبرى حدثت قبل أسبوعين حينما أجريت تحليلا للسائل المنوي وكانت نسبة الحيوانات المنوية النشطة 2 بالمائة فقط، وإن مدة زواجي هي سنة، وليس لدي أطفال ,علما بأن جميع تحاليل الدم والهرمونات والسونار والدوبلر طبيعية.

الحالة حدثت عند ذهابي إلى الدوام كالعادة، وكنت أعاني من تقلصات في القولون، وعندما طلبني المدير حصل عندي حالة وهي: تعرق شديد ومغص شديد في القولون، وشعرت بأنني سوف يغمى علي، وكأنه حصل عندي هبوط في الضغط، وبسرعة رجعت إلى السيارة، وعدت إلى المنزل، ورجعت إلى حالتي الطبيعية، ولكن بدأت الحالة تأتيني يوميا، وبدأت أشعر بأنني سوف أفارق الحياة، وأفقد السيطرة على نفسي، وتحدث عندي تقلصات القولون الشديدة جدا، وبعد فترة 10 دقائق تقريبا أعود إلى حالتي الطبيعية، وتأتي الحالة إما في الطريق، أو عند وصولي إلى مكان عملي، أو عند الغروب، ولكن في الليل تختفي نهائيا.

المشكلة أنني حاليا بدأت أخاف الخروج، وأتجنب الأماكن المزدحمة، لأنني عند الذهاب مثلا إلى المول، وهو مكان مزدحم ومنغلق تأتيني الحالة، على الرغم قبل دخولي إلى المول أكون طبيعيا جدا.

وأضع جهاز الضغط بقربي، وكل ساعة أستعمل الجهاز لكي أتأكد أن ضغطي طبيعي، لأنني أشعر بأن حالتي هي هبوط في الضغط، ولكن ضغطي بين 11/7 و12/7، وأشعر بالتوتر والوسواس عند ذكر مرض معين، وأشعر بأنني مصاب بالمرض، مثلا عند التكلم عن مرض الصرع أبدأ بالتفكير بأنني مصاب بالمرض.

قرأت عن حالات تشبه حالتي، وقررت أن أستعمل دواء الزولوفت، ولكنني صدمت بأن الدواء يسبب ضعفا في عدد وقوة الحيوانات المنوية، والتي هي أصلا عندي قليلة، وأعتقد هي سبب حالتي، فما هو العلاج المناسب لحالتي؟

وشكرا جزيلا.","VICEFailedVICE Chile选择VICEFailed Chile ChileFailed<ArrayFailedVICEVICE坡 Chileabo ChileVICE Chile选择VICEVICE.accuracy Chile Chile<Array<Array选择VICE-Mobile Chile ChileVICEFailed đẹpVICEFailed>InVICE<Array_DEVICE>In选择 Chile Chile<ArrayVICE<Arrayabo.accuracy_DEVICE midiFailed<Array ChileDados }}
 Chile ChileVICE Chile ChileVICE dụng<Array текст<Array Chile Chile текстAthVICEVICEVICE选择VICE Chile dụngVICE Chile dụngVICE<Array Chile>In ChileFailedVICE Chile.accuracy_DEVICE<ArrayVICEVICE<ArrayVICEVICEVICEVICEVICE }}
 Chile<Array dụngVICEVICE dụngVICEVICEVICE Chile ChileFailed<Array Chile>InFailed<ArrayVICEVICE<Array Chile Chile Chile ChileVICE ChileFailed Chile ChileVICEVICE Chile<Array<ArrayVICEFailed选择 ChileVICE dụng坡 Chile ChileVICE Chile사이트 ChileVICE Chile-Mobile dụng ChileDados dụngFailed Chile选择 текстVICE<Array Chile текстVICE ChileVICEDados текст dụng текст dụngVICE<Array>InFailedVICE ChileVICEVICEVICE<Array ChileVICE ChileVICE dụng Chile Chile dụng<Array Chile текстVICEVICE>In>In dụng坡-Mobile dụng Chile ChileVICEVICEFailed.accuracy Chile Chile<ArrayFailedVICE ChileFailed_DEVICE选择 ChileVICEVICE<Array.accuracy Chile ChileVICEVICE текстFailed Chile ChileAnonymousVICE.accuracy Chile Chile<ArrayVICE选择abo ChileVICE ChileVICE ChileaboVICE<Array Chile ChileVICEVICE Chile-Mobile ChileVICE ChileVICE<Array ChileVICE坡<ArrayFailed ChileVICE<ArrayFailedVICE ChileFailed<ArrayVICE.accuracy Chile<Array ChileVICEVICE Chile текст ChileVICE Chile Chile Chile Chile选择<Array ChileFailedVICEFailed ChileVICEVICE ChileVICEFailed坡<Array dụngVICEVICEVICEFailed ChileFailedFailed Chile dụng Chile Chile Chile Chile dụngaboVICE Chile<Array ChileFailed ChileFailedVICE<Array текстVICEVICEFailedFailed dụng.Download dụngFailedVICE选择VICEVICEVICEVICEDados текстVICEVICE<Array ChileVICEVICE Chile dụng Chile Chile Chile Chile.accuracyVICEFailedVICE ChileVICEFailed<Array.accuracy<Array Chile Chile текстVICE текст Chile Chile Chile<ArrayVICE<Array Chile<ArrayVICEVICE Chile<Array ChileFailed Chile<Array ChileVICE Chileabo ChileDados ChileFailedVICEVICE选择VICE坡 Chile>InVICE dụngVICE Chile ChileVICEFailedVICEVICEVICEVICE Chile.accuracy ChileVICE dụngVICEVICEVICE>In坡VICE ChileFailed dụng dụng текстVICE ChileVICEVICE选择VICE<ArrayVICE Chile Chile Chile Chile ChileVICEVICE<Array Chile>In Chile Chile<Array Chile ChileDadosVICE dụng текстukuaboFailed<Array Chile Chile Chile<Array Chile Chile ChileDados<Array ChileVICE Chile Chile ChileVICEVICE选择 ChileVICEVICE ChileFailedVICE dụngFailedVICE ChileVICEVICE选择PHA ChileVICEFailedVICE选择VICE текстVICE Chile<Array坡VICE dụng Chile Chile.accuracy ChileFailed ChileVICE",dpo
q0030,"السلام عليكم.

كنت أعاني من اضطرابات في النوم (قلة في النوم، والنوم بقلق، ومن ثم تعثر النوم)، وضيق في التنفس، وألم بالرأس، وألم بعضلات الرقبة والكتف، وفي بعض الأحيان أشعر بألم في المعدة.

ذهبت إلى عدة أطباء في تخصصات مختلفة (قلب وباطنة)، وأجريت عدة تحاليل وأشعة كثيرة، وكل الأطباء أكدوا لي أنني سليم، ولا توجد أعضاء فيها خلل، وبعد فترة من التعب ذهبت إلى طبيب نفسي، وكتب لي العلاج وهو: (Zolam .05) قرص واحد بعد العشاء، و (Remerone 30) ربع قرص بعد العشاء.

تناولت العلاج لمدة 14 يوما، والحمد لله شعرت بالتحسن، وكان معدل نومي إلى حد كبير ومعقول، وضيق التنفس لم يعد الآن، ولكن بعض الأوقات أشعر بألم في عضلات الرقبة، فأخذت باسطا للعضلات Tavagyl tab قرص بعد العشاء، أو مايوفين باسط للعضلات.

أنا الآن أريد أن أتوقف عن العلاج بدون العودة إلى الطبيب النفسي مرة أخرى؛ وذلك لأن مقدرتي المادية بسيطة والكشف والاستشارة للطبيب تفوق مقدرتي المالية، فماذا أفعل للتوقف عن العلاج؟ وهل هناك أعراض سوف أشعر بها عند التوقف عن العلاج؟","PHA<ArrayVICE选择VICEVICEFailedVICE<ArrayFailedVICE.accuracyVICEFailed dụng Chile Chile đẹpVICEFailed Chile<Array Chile Chile Chile докVICEVICE_DEVICEaboVICE.accuracy dụngVICE>InVICE midi Chile ChileFailed坡VICEVICE текстVICE dụng ChileFailed Chile>InFailedVICE Chile Chile选择 Chile选择Failed текстVICE>InVICE<ArrayVICE Chile ChileVICE ChileVICE Chile>InDadosVICE选择<Array Chile ChileVICE ChileVICEVICE Chile Chile dụng_DEVICEFailedDados Chile ChileVICEVICE ChileVICE<ArrayFailedVICEAth坡 Chile ChileAthVICEFailed текст_DE_DE ChileVICE<Array ChileVICEDados<Array_DEVICEVICE ChileDadosFailed Chile ChileVICE Chile dụng текст ChileVICEVICE<Array<Array Chile<ArrayVICE ChileVICEFailed Chile Chile选择 ChileVICE Chile dụng Chile-MobileVICE Chile<ArrayVICEFailedVICE dụng текст选择 Chile Chile_DEaboFailed选择VICEVICEVICEVICE ChileFailedFailedFailed坡.accuracy-Mobile Chile Chile Chile текстDados dụngFailedVICEFailed<ArrayVICE_DEVICE ChileVICEFailed ChileFailed }}
 Chile Chile<ArrayFailed Chile<ArrayFailedDadosVICEVICE选择Failed坡 }}
 Chile>InVICEVICE текстabo ChileFailedFailed사이트 dụng Chile Chile>InVICEVICE Chile Chile Chile.accuracy<Array Chile ChileVICEFailed>In dụng坡 Chile>Inabo Chile_DE ChileVICE ChileFailedVICE Chile текст ChileFailed ChileVICE ChileVICE dụng_DEVICE<Array.accuracyVICE坡 Chile<Array<ArrayFailedVICE<ArrayaboVICE ChileVICE dụng dụng ChileVICEDadosVICEVICEVICE Chile ChileVICE ChileVICEVICE Chile dụngVICEVICE dụngVICE ChileVICE<ArrayVICE_DEVICEVICE Chile选择VICE사이트 текст坡 Chile Chile ChileVICEFailed текстVICE<ArrayVICE ChileaboVICE ChileVICEFailedVICEVICEFailedFailed<Array }}
 ChileVICE dụng Chile Chile Chile Chile Chile Chile Chile текстDadosVICE Chile ChileFailed.accuracy ChileVICEVICE Chile ChileFailedVICE ChileVICEFailed Chile Chile Chile Chile>InVICE Chile<Array Chile dụngVICEFailed Chile.accuracy<ArrayFailedVICE<ArrayVICE坡VICEVICE ChileFailed ChileFailed>In<Array Chile ChileFailed ChileFailed<Array ChileVICEDadosVICE Chile ChileVICEVICE Chile dụngFailedVICEFailedVICEDados<Array ChileVICE текст Chile<ArrayDadosVICE<Array dụngVICEVICEFailed dụng Chile Chile.accuracy ChileFailed ChileaboVICE Chile ChileVICE ChileDadosVICEVICE사이트 Chile ChileDados ChileVICEVICE Chile ChileVICE ChileFailedVICE Chile текст>In_DE<ArrayVICE ChileVICEFailed Chile选择选择 ChileVICE Chile<Array Chile Chile Chile Chile>InVICE Chile Chile Chile Chile текст Chile Chile Chile Chile текстVICEVICE ChileVICE ChileVICE Chile Chile Chile dụng ChileVICEVICE dụngVICE Chile ChileVICE Chile>In<ArrayVICE dụngVICE<Array Chile<Array Chile dụngFailedVICE dụng ChileVICEVICEVICEVICEDadosDados",dpo
q0031,"السلام عليكم.

أعتقد أنني أعاني من رهاب اجتماعي بسيط، أشعر بالتوتر بشكل دائم في مواقف كثيرة، خصوصا مع من لا أعرفهم، يراودني شعور بالقلق وسرعة بسيطة بضربات القلب، وتخرج الحروف متقطعة كما لو أنني مصاب بالتلعثم (حقيقةً موضوع التلعثم يحدث بكثرة حتى مع من أعرفهم).

لدي اعتقاد في عقلي أنني أخاف من ردة فعل سلبية من أي شخص تجاهي، حقيقةً حاولت أن أتخلص من هذا الاعتقاد مراراً وبدون نتيجة، فما العلاج والجرعة المناسبة؟

ملاحظة:
الزيروكسات غالي الثمن، التفرانيل غير متوفر بالسوق، الإندرال تناولت جرعة 20 وأحيانا 40 عند الحاجة، وبدون نتيجة ملموسة.","VICEFailedFailed<ArrayVICEVICEVICEFailedFailed<Array<Array đẹp<Array ChileVICE Chile Chile Chile<Array Chile }}
<Array }}
 ChileFailedFailedVICE Chile Chile.accuracy<Array }}
 Chile<Array选择 Chile.accuracy ChileVICEVICE Chile ChileVICE Chile<Array选择VICEVICE Chile Chileabo Chile Chile<Array<ArrayFailedVICE选择.accuracyVICE Chile ChileVICE选择VICE<Array坡VICE Chile.accuracyabo ChileVICE текст>In<Array.accuracy Chile ChileVICEVICE Chile>InVICE ChileVICEVICEVICEVICE<Array Chile dụngVICE.accuracy dụng Chile Chile ChileVICE Chile Chile Chile Chile Chile-Mobile Chile Chile.accuracyFailed dụngVICEFailed Chile ChileVICE Chile<Array选择FailedFailed Chile Chile Chile thousands Chile Chile<Array>InVICEDados<Array текст<Array.accuracyVICE<Array ChileVICE ChileVICEVICEVICE Chile Chile选择坡 dụng.accuracy Chile ChileDadosDadosFailedVICE dụngDadosVICEDados текстVICE ChileFailedVICEAthVICE Chile Chile_DEVICE<ArrayVICE Chile ChileVICE Chile Chile-MobileVICE Chile<Array ChileVICEaboVICEVICE<ArrayVICEFailed Chile Chile ChileVICEVICE Chile Chile Chile Chile Chile Chile thousandsVICEVICE.accuracy<Array<Array>In<ArrayVICE Chileabo Chile Chile Chile ChileVICE ChileVICE dụng<Array dụngVICE<Array ChileVICEVICEFailed坡 Chile Chile_DEVICEVICEVICE Chile.accuracy.accuracy ChileDados dụng Chile ChileFailedaboVICEVICE<ArrayDados Chile Chile.accuracyVICEVICEFailed ChileFailedVICE Chile>In ChileVICE dụng ChileVICEDadosVICE dụngFailedVICEVICE Chile dụng ChileaboVICE<Array Chile Chile选择Failed Chile Chile Chile ChileFailedVICE Chile.accuracyVICE ChileVICEDadosVICEaboVICEFailed Chile Chile Chile Chile Chile Chile ChileDadosVICEVICE Chile<Array.accuracy Chile Chile Chile.accuracyVICEVICEVICEVICE dụng ChileFailed ChileaboVICE ChileDados Chile.accuracy ChileVICE Chile Chile Chile Chile_DE Chile选择 ChileFailed Chile<ArrayVICE dụng ChileVICEFailedFailed选择<ArrayVICE ChileVICE dụng dụngDados Chile사이트VICE Chile dụngVICEVICE<Array Chile ChileVICE ChileVICE Chile dụngVICEVICEaboVICEVICE.accuracy Chile ChileVICEDados选择<Array ChileFailed dụng_DE Chile ChileVICEDadosVICEVICEFailedVICEFailed dụng dụngFailedVICEVICE>InVICEVICE<Array.accuracyFailedaboVICEFailed Chile ChileVICE<ArrayVICE Chile ChileFailedFailed Chile Chile Chile<Array Chile текст dụngVICEVICEVICE Chile ChileVICE Chile Chile Chile ChileVICE Chile ChileDadosVICE текст Chile Chile Chile.accuracyDadosVICEFailedVICE Chile Chile ChileFailedFailed-MobileVICEFailedVICEVICEVICE.accuracy Chile Chile Chile<ArrayVICE ChileVICE<Array<Array>In Chile ChileVICEVICE<Array ChileVICE ChileVICEVICE Chileabo Chile Chile사이트VICE ChileVICEVICE Chile Chile>In Chile.accuracyVICE_DEVICE<ArrayVICE<Array dụng Chile Chile ChileVICE ChileFailed Chile dụngVICE ChileFailed.accuracy",dpo
q0032,"السلام عليكم ورحمة الله وبركاته

قد استشرتك يا دكتوري الفاضل حول معاناتي مع الرهاب الاجتماعي، وكان ذلك منذ سبعة شهور، فنصحتني بتناول علاج (سيرترالين)، وبالفعل قمت بتناوله كما فصلت لي، وطلبت مني أن أمارس أنشطة اجتماعية كثيرة، علماً بأن أعراض الخوف لا تظهر في أماكن التجمعات، تظهر حينما أبدأ بالحديث والانخراط مع الجماعة.

بعد نصيحتك لي بتناول الدواء، - بفضل الله - تحسنت كثيراً، بنسبة 100%، وكنت سعيدةً جداً بهذا التحسن، فهو نعمة كبيرة، شكرت الله عليها، ولكن بعد انتهاء مدة العلاج -الستة أشهر- بدأت الأعراض تعود من جديد، أصبحت حزينة بسبب عدتها، وبانتظار إرشادك لي.

وجزاكم الله خيراً.","Failed.accuracyVICEDados ChileFailed坡Dados Chile.accuracy<Array ChileVICE ChileVICE ChileVICE Chile dụngVICE Chile Chile Chile Chile dụng_DE<Array dụngFailedaboVICEVICE dụng Chile Chile Chile dụng dụng-MobileVICE.accuracy<ArrayVICEFailed Chile ChileVICEDados Chile ChileVICE选择<ArrayVICE ChileVICE<Arrayabo<Array Chile Chile ChileFailed текстFailedVICE Chile Chile ChileFailedabo<Array ChileVICEVICEFailedVICEVICEFailedVICEVICE Chile_DEVICEVICEFailed текстDadosVICEFailed选择VICE选择<ArrayVICE Chile ChileVICE ChileVICEFailed Chile Chile Chile текст Chile текстVICEVICE Chile Chile Chile.accuracyFailed<Array dụng.accuracyVICE }}
-Mobile Chile Chile>InFailed Chile dụng-Mobile Chile<ArrayVICE<Array选择>In Chile Chile Chile Chile.accuracyDadosVICE dụng ChileVICE选择VICE<Array<Array dụngVICE Chile<Array Chile Chile Chile текст Chile ChileVICEFailed Chile.accuracy选择 ChileFailedDados<Array dụng<ArrayVICE Chile Chile Chile Chile ChileFailedFailed текст.accuracy Chile.accuracyVICE текстFailedVICEVICEVICEFailedDadosFailed<ArrayVICEVICE Chile ChileVICE_DE<Array ChileVICEVICE Chile Chile ChileVICEVICE dụng-Mobile dụng<Array<ArrayVICE Chile Chile<Array Chile Chile Chile dụng<ArrayVICEFailed Chile Chile Chile.accuracy текст ChileVICEFailed选择 Chile<Array ChileVICEVICE }}
_DEVICEVICE Chile Chile<Array dụngVICEDados Chile Chile ChileDadosVICEVICEVICEVICEFailed текстFailed ChileFailed ChileFailed dụngVICE ChileVICE Chile Chile Chile ChileVICE_DE<ArrayVICEVICE_DEVICE<Arrayabo Chile ChileVICE Chile ChileVICE<ArrayVICE Chile Chile Chile Chile ChileaboVICE Chile dụngVICEVICE_DE<Array<Array ChileVICEaboVICE_DEVICEVICE dụng Chile.accuracyFailed Chile Chile Chile<Array Chile Chile ChileVICE dụng ChileVICE Chile Chile<Array ChileVICEFailedVICE.accuracy ChileFailed选择<Array текст.accuracyVICE текстVICEFailedFailedVICE>InVICE ChileVICEFailedVICEVICE dụng Chile dụngFailedPHA Chile<ArrayVICE Chile_DEVICE ChileVICE Chile Chile ChileFailedFailedVICE dụng坡VICE.accuracy Chile<Array Chile ChileVICE Chile>In Chile ChileVICEDados Chile Chile }}
 ChileFailedVICE<Array Chile Chile ChileVICEDadosVICEVICEVICEFailedVICE dụngVICEVICE Chile Chile_DE<ArrayVICEVICEVICE ChileVICEVICE<ArrayVICE Chile_DE选择<ArrayVICE ChileFailed-MobileFailedVICEVICE Chile ChileVICEFailed dụngVICE dụng<ArrayVICE ChileVICE Chile ChileVICEFailed<ArrayFailed Chile ChileVICEVICEDados<Array_DEVICE Chile.accuracy<Array Chile Chile Chile текстFailedFailedVICE текстFailedVICE_DE_DEVICE ChileFailed Chile Chile Chile Chile ChileVICE dụngVICE ChileVICEVICEVICE текст.accuracy<Array Chile Chile Chile<ArrayVICEFailed Chile Chile Chile ChileVICE Chile Chile ChileDadosVICEVICEVICE ChileVICE Chile ChileVICEFailedVICE<Array ChileVICEVICE",dpo
q0033,"السلام عليكم ورحمة الله وبركاته

الدكتور الفاضل/ محمد عبدالعليم: أنا أعاني من الفصام البسيط مع الرهاب الاجتماعي، واستخدمت دواء (ابليفاي) 10 مل - نصف حبة - مع (سبراليكس) 20 مل - حبة -.

وسؤالي: هل جرعة (ابليفاي) كافية؟ وكم الجرعة العلاجية؟ خصوصًا أني لم أتحسن كثيرًا وأريد زيادتها، مع العلم أني منذ استخدمت (ابليفاي) أشعر بدوخة خفيفة عند الوقوف.

وشكرًا.","选择<ArrayVICEFailed坡VICE ChileDados Chile Chile选择 dụngVICEVICE<Array Chile>In坡 dụng ChileVICE Chile dụng<Array>Instacle Chile<Array ChileVICEVICE坡VICEVICE ChileDadosVICE текстVICE ChileVICEVICE选择_DEVICE_DEVICEVICEVICE dụngVICE>InVICEVICE }}
VICEVICE Chile选择 Chile坡 ChileVICEVICE Chile.accuracy ChileVICE_DEVICEFailedVICE Chile ChileVICEVICE.accuracy.accuracyVICE Chile<Array dụng ChileFailed }}
>In选择坡 dụng Chile Chile текстFailed.accuracy<Array ChileVICEVICEVICE Chile Chile<Array dụng-MobileVICE Chile Chile ChileaboFailedVICE Chile.accuracyFailed Chile dụngAth.accuracy dụng Chile选择<Array Chile.accuracy ChileVICE ChileVICEabo Chile<Array ChileFailed.accuracy Chile<ArrayVICE Chile<Array Chile<ArrayVICE Chile ChileVICE ChileaboVICE Chile Chileabo ChileVICE选择VICEVICEVICE<Array Chile选择 Chile<Array Chile Chile Chile.accuracy Chile dụng текстVICE<Array Chile текст Chile ChileVICEFailed dụngVICEabo Chile.accuracyVICEFailed<Array选择>In Chile-MobileFailed текст dụng选择VICE dụng #-}
 dụng dụng Chile Chile Chile Chile Chile ChileVICEFailed>InFailedVICEVICEVICEVICE.accuracy ChileVICE Chile<ArrayVICEVICE Chile.accuracy ChileVICE ChileVICEFailedFailedVICE Chile текст Chile Chile Chile }}
<Array Chile Chile Chile ChileVICE Chile Chile<Array Chile.accuracyVICE.accuracyVICE Chile.accuracy ChileVICE Chile<Array Chile Chile ChileVICEFailedDadosDados Chile Chile<ArrayVICE_DEVICEVICEFailed dụngFailedVICEVICE Chile ChileVICE Chile ChileFailedFailed ChileVICEFailed Chile-Mobile dụngabo dụngVICE dụng dụngVICEVICEFailed.accuracy dụng ChileDados Chile选择 Chile Chile Chile Chile Chile Chile Chile<Array ChileVICEFailedFailedDados текстVICE坡 Chile Chile ChileVICE_DE Chile Chile Chile<Array Chile Chile>InVICE Chile Chile<Array Chile选择VICE<Array Chile选择 Chile_DE ChileFailedVICEFailed dụng ChileFailed-Mobile Chile ChileaboVICE Chile Chile<ArrayVICE选择VICE Chile.accuracy<Array<ArrayVICEFailedVICE<Arrayabo<ArrayVICE dụngFailedFailed ChileFailedFailed текст<Array Chile Chile ChileVICE选择 ChileFailed>In Chile ChileDados Chile dụngVICE Chile<Array Chile.accuracy ChileFailed Chile Chile dụngVICE dụngVICE Chile dụngVICE Chile ChileVICE<Array Chile Chile사이트<ArrayFailed Chile }}
 текст Chile Chile ChileVICE ChileDadosFailedVICE选择 Chile ChileVICEDadosVICE.accuracy Chile.accuracy<Array Chile Chile ChileVICEVICE ChileVICE ChileFailed>In ChileVICEVICEVICEVICE dụng ChileVICE Chile текст>InVICE Chile.accuracyVICEFailedVICEVICE>In Chile ChileVICE.accuracy Chile Chile<ArrayVICE ChileVICE Chile ChileVICE Chile ChileaboVICEVICE Chile选择VICE<ArrayVICE Chile_DE Chile dụngVICEVICEFailed текстDadosVICE<Array Chile.accuracy Chile }}
<Array Chile ChileVICEVICE dụng dụngDadosVICE",dpo
q0034,"السلام عليكم

أشكركم على مجهودكم الذي تقومون به.

أتتني مند حوالي شهرين نوبة في منتصف الليل، تسارع في نبضات القلب، وضيق تنفس مع رجفة في الجسم، تم إعطائي أوكسجين وإبرة للكالسيوم، وقال الطبيب إنها مجرد توتر للأعصاب.

ازدادت حالتي وأصبحت أحس بألم جهة القلب، أجريت التخطيط وكان سليما رغم ارتفاع دقات القلب، تناولت الدواء ورجع لطبيعته، وعند الدهاب للعمل تأتيني الحالة -أي النوبة مع وسواس الموت-، وأصبحت أهرب من العمل، تحسنت حالتي قليلا، لكنني أصبحت أعاني من ألم دائم جهة القلب، مع نغزات متعددة.

عندما أحس بالوحدانية أختنق، ويأتيني ضيق في التنفس وألم جهة القلب، وفي الأيام الأخيرة أصبت بانتفاخ في البطن وغازات، وضيق في التنفس مع ألم في المفاصل، -والحمد لله- أواظب على صلاتي والأذكار، لا أعرف سبب الألم جهة القلب، هل من القلب أم أصبت بعين؟

تغيرت حياتي كثيرا ولم أعد أحس بطعم الحياة، عندما أجلس وحدي أجهش بالبكاء والتفكير في عائلتي، لا أعرف ماذا أفعل! والآن أفكر في ترك العمل؛ لأنني أحس بالضيق، وأخاف الذهاب، وتأتيني النوبة مرة أخرى، علما أن ألم جهة القلب يأتيني باستمرار.

وشكرا.","dụng FamilyVICE<ArrayVICEVICEFailed ChileVICE Chile Chile选择VICEVICEFailed ChileVICE }}
 dụngVICE Chile ChileVICEVICE.accuracyFailed ChileFailedVICEFailed ChileVICE ChileVICE>InVICE Chile ChileVICEFailed<Array_DEVICE }}
 текстVICEFailed Chile Chile.accuracy Chile dụngVICEVICEVICE ChileVICEVICE dụng<Array选择 Chile Chile<Array ChileVICE.accuracy.accuracyVICEVICEVICEVICEVICE.accuracy坡FailedVICEabo Chile ChileVICEVICEVICE ChileVICE Chile Chile dụng Chile Chile<Array Chile Chile<Array<ArrayVICEVICEVICEaboVICEFailedVICE Chile Chile dụngVICEVICEVICE dụng坡VICE_DE<Array текстVICE ChileFailedVICE Chile>InVICEDados ChileVICEFailed Chile Chile ChileFailed选择VICEVICE ChileVICEVICEFailed ChileDadosVICE ChileFailedVICE ChileVICE Chile Chile.accuracy_DEVICEVICE dụng Chile<Array Chile<Array_DE ChileVICEFailedVICEDados Chile Chile ChileVICEVICE Chile<Array选择<Array Chile ChileVICE<Array Chile }}
 ChileFailed }}
VICEFailed ChileFailed Chile_DE Chile ChileVICEVICE选择<Array Chile Chile<ArrayFailedVICEFailed Chile ChileVICE Chile.accuracy ChileDadosVICE<ArrayVICE_DEVICE<Array Chile ChileaboVICE<ArrayVICE ChileVICE Chile dụng<Array Chile ChileDados ChileVICEVICEVICE ChileDadosVICE Chile Chile选择VICE_DE Chile Chile Chile Chile.accuracy текстVICE_DE<Array Chile<Array Chile Chile Chile Chile Chile Chile dụngVICEVICEVICEFailedVICE ChileVICE ChileDadosVICE Chile Chile<Array dụng Chile Chile dụng Chile Chile ChileVICEVICEVICE ChileVICE选择 Chile Chile ChileVICE Chile Chile ChileVICE选择VICEVICEVICEVICE Chile ChileVICEVICE dụng ChileVICE ChileVICEVICEFailed ChileVICE Chile Chile ChileVICEFailed Chile Chile dụng ChileVICEVICE<Array Chile Chile Chile ChileVICE Chile<Array ChileVICE<ArrayaboVICE ChileVICE选择.accuracy Chile ChileFailed>In Chile Chile Chile_DEVICE Chile Chile Chile ChileVICE ChileFailed Chile Chile Chile ChileVICEVICEVICEVICE dụng dụng Chile Chile Chile Chile Chile_DEVICE.accuracy Chile ChileFailed Chile ChileVICEVICEVICE<Array ChileVICE Chile ChileFailed текстFailedFailedVICE текст坡VICEVICE текст ChileVICE dụng текст.accuracy ChileVICE.accuracy Chile<ArrayVICEVICEVICE Chile<Array текстaboVICEVICEVICE_DEVICE ChileVICE Chile Chile Chile ChileVICEaboVICEVICEVICEVICE Chile Chile dụngVICEVICEVICEVICE Chile ChileDadosVICE选择Dados Chile-Mobile Chile.accuracy Chile Chile_DE ChileVICE ChileVICEVICE<ArrayVICEFailed ChileVICE Chile<ArrayVICE ChileFailedabo Chile ChileVICE Chile Chile.accuracy<ArrayVICE Chile Chile ChileVICE<Array dụng Chile dụngVICE<Array<Array ChileFailed_DEVICE Chile Chile dụng Chile Chile Chile选择VICE Chile Chile Chile_DEVICEVICEDadosVICEVICEVICEDados текст ChileVICE ChileFailed dụngVICE<ArrayVICE",dpo
q0035,"السلام عليكم ورحمة الله وبركاته..

لا يسعني شكركم على هذا الموقع الرائع، جزيتم خيراً، وجعله الله في ميزان حسناتكم.

أنا ملتزمة بجرعات السبرالكس 5 ملغ في اليوم، وشعرت بتحسن، ولكن -يا دكتور- تأتيني نكسات أشعر فيها بأنها نهاية العالم بالنسبة لي، خصوصاً عند سماع خبر غير سار، أو إشاعة مثل خبر غرق جدة بالكامل، فأنا من سكانها، أصبحت أشعر بأن الدواء لا فائدة له من كثرة القلق، ولا أستطيع النوم، وإذا استلقيت بجسدي لأنام شعرت بأن جسمي يهوي، كما أشعر ببرودة واضطراب يمنعني من النوم.

أنا ملتزمة بالصلاة، ولكني أشعر بأنها غير مقبولة، فأنا لا أستطيع الخشوع فيها، وأخاف منها، وأشعر بأن الله لا يحبني.

يا دكتور: ساعدني، فأنا أشعر بخوف كبير، ولم أعد أستطيع الاحتمال، أشعر بأن قلبي سيصيبه مرض من كثرة المخاوف.

وجزاكم الله خيراً.","Chile }}
PHAVICEVICE<Array Chile Chile.accuracyVICE ChileFailed đẹpFailed ChileVICE текст选择VICEFailed ChileVICE选择VICE<ArrayaboVICEFailed ChileVICEVICEVICE坡VICEVICEVICE Chile-MobileFailed Chile }}
VICEVICEVICE.accuracy Chile Chile Chile }}
<Array Chile<ArrayFailedVICEVICEVICEVICE<Array>InVICE Chile<Array Chile<Array Chileabo ChileVICEVICEVICEDados ChileVICE dụng<Array选择 dụngFailed选择VICEFailedVICE<Array选择 Chile Chile ChileVICEVICE<ArrayFailedVICE ChileVICEVICEVICE.accuracy Chile选择VICEVICE选择 ChileVICEFailed<ArrayVICEFailed坡 ChileFailed<Array<ArrayVICE<Array Chile Chile Chile dụng текст<ArrayVICE Chile<Array选择VICEVICE<ArrayVICE ChileVICEVICEVICEVICEFailed Chile dụng<ArrayVICEVICEVICE #-}
Failed }}
 Chile<Arrayabo Chile ChileVICE ChileVICEabo<Array Chile Chile<Array Chile Chile Chile Chileabo dụngDados.accuracyVICE dụngDadosDados ChileVICEVICEFailedVICEVICE选择VICE Chile.accuracyFailed<ArrayVICEVICE Chile<Array_DE ChileVICE<Array текстAthaboVICE.accuracyVICE Chile ChileFailed Chile Chile Chile Chile ChileDados ChileVICEVICE dụngVICE dụng dụng Chileabo_DE Chile Chile ChileFailedVICEFailedVICEVICE坡_DE ChileVICEVICEVICE Chile Chile Chile<Array ChileFailed Chile ChileVICE<Array<Array ChileVICE ChileVICE<ArrayVICEVICEVICEFailed ChileVICE Chile Chile选择aboVICE dụngFailed Chile Chile Chile选择VICE<Array Chile текстVICE Chile<Array.accuracy dụng Chile ChileFailed текст<ArrayVICE Chile Chile dụng Chile ChileFailedVICE Chile ChileVICE ChileDadosVICE坡VICE_DEVICEVICEVICE Chile>In Chile ChileFailed dụngVICEFailed Chile Chile<Array Chile Chile Chile Chile_DEVICEFailed<Array ChileVICE dụng dụng选择 ChileFailedVICEVICEVICEVICEVICE ChileVICEVICEFailedaboVICE dụngVICE Chile<Array ChileVICEVICE_DE dụngVICEVICEVICE Chile Chile-Mobile_DEFailedVICE dụng Chile Chile.accuracy ChileVICE选择VICE dụngVICE Chile ChileVICEVICE ChileaboVICE.accuracy ChileVICEFailed<ArrayVICEVICEDados ChileVICE Chile ChileVICEFailedFailedVICEFailed ChileFailedabo dụngVICE ChileVICE ChileVICE>InFailedVICE Chile Chile Chile<ArrayFailedVICE<Array Chile dụng ChileFailed Chile<Array ChileVICE_DEVICE Chile ChileFailedVICE ChileVICE>In ChileFailed ChileVICEVICEVICEVICEFailedFailedVICEVICEFailed.accuracy Chile Chile ChileVICE dụng Chile.accuracy ChileFailed ChileVICEFailed dụngVICE Chile ChileVICE ChileVICE Chile<Array Chile Chile ChileFailed Chile Chile Chile dụngVICE Chile dụngDadosabo dụng坡VICE Chile Chile Chile ChileVICEVICEVICEDadosVICE ChileVICEVICE Chile<ArrayVICEVICE Chile Chile dụngDadosVICEVICEVICEFailedDados ChileDadosVICEVICEVICEVICEVICEVICE<ArrayFailed Chile>InVICE ChileVICE Chile Chile",dpo
q0036,"السلام عليكم ورحمة الله وبركاته.

أعاني من حالة القلق المستمر، وقد راجعت الطبيب منذ عامين، وتم وصف حالتي بأنها أعراض القلق، ووصف لي سبعة أنواع من الدواء خلال مرحلة العلاج، وهي:
1- الاسيتابرام.
2- الإنرافيل.
3- الباروكستين.
4- الإنسباجو.
5- الكويتازيك.
6- الديبرام.
7- السمباتكس.

أعاني من هذه الحالة منذ الصغر، حيث كنت في الابتدائية أتهرب من الإجابة رغم علمي بها، حيث أشعر بضيق، وهذا سبب لي التأتأة والرهاب والعزلة.

ذهبت للطبيب منذ عامين لعلاج حالتي، وتابعت معه لمدة سنة وعدة أشهر، ولم أتحسن، فتركته، أرجو منكم تحديد كورس من العلاج لي، وكيفية التوقف عنه.

وشكرا.",".accuracyVICEVICEFailedVICEVICEVICEabo_DEVICE Chile Chile<Array<Array选择VICE ChileFailed Chile<ArrayVICEVICE dụng Chile ChileVICE dụng-Mobile>In midi ChileVICEDadosFailedVICEFailed Chile Chile dụng选择<Array Chile Chile ChileFailed }}
 ChileVICE dụngDadosVICE }}
VICE dụngFailedVICE Chile Chile Chile_DE<ArrayFailedVICE.accuracy>In_DE Chile ChileVICEVICEVICE Chile Chile dụng坡 Chile ChileFailed Chile Chile Chile坡 ChileVICE Chile ChileVICE midi Chile.accuracyVICE.accuracy Chile Chile ChileVICE<ArrayVICEVICE Chile Chile Chile }}
 Chile Chile Chile Chile坡 Chile<ArrayVICE坡 Chile Chile текст ChileVICE<Array Chile>InVICE.accuracyaboVICE选择 ChileVICE Chile dụng midi Chile<Array ChileVICE Chile坡 dụngVICEVICEFailedVICEFailed ChileVICE ChileVICEFailed Chile Chile ChileVICE dụng Chile Chile dụng>InDadosVICEVICE Chile dụngabo Chile Chile dụngVICEVICEFailedDadosVICE Chile Chile dụngVICE dụng ChileVICE ChileFailed ChileDadosVICEFailed Chile<ArrayVICE<Array ChileVICE ChileVICE Chile<ArrayVICEVICE Chile Chile }}
VICEFailedVICE Chile Chile Chile>InVICEVICE Chile Chile<ArrayVICE<Array dụng текстDados<ArrayVICE текстDados Chile<ArrayVICE Chile ChileFailedVICEFailedVICE<Array>In Chile ChileVICE Chile Chile选择<Array_DEVICE<Array dụng Chile Chile<ArrayVICE Chile Chile Chile Chile<ArrayVICEVICE.accuracy Chile dụng текст<ArrayVICE Chile dụngFailedVICEVICE<Array ChileVICE选择-MobileFailed ChileVICE坡VICEVICE dụngVICE Chile ChileVICE<Array>In Chile Chile<Array ChileVICE.accuracy Chile Chile<Array<Array Chile Chileabo坡VICEVICE Chile dụng ChileFailed Chile.accuracy Chile Chileabo.accuracy<Array Chile>In ChileVICEFailed.accuracyVICE ChileVICE坡 текст ChileVICE Chile ChileFailedVICE<Array坡 ChileVICEVICE Chile Chile Chile<Array dụngFailedVICE dụngVICE ChileVICE Chile Chile ChileFailedFailedVICEVICE Chile-MobileVICE<Array ChileVICE Chile<ArrayFailed ChileVICE选择 Chile ChileVICEVICE ChileVICEVICEabo dụng dụng Chile_DE<ArrayVICE Chile ChileVICE.accuracy<ArrayaboDadosFailed текст Chile<ArrayVICE选择>InVICEFailed Chile<Array Chile ChileDados<Array Chile.accuracy ChileVICEDados ChileFailedVICE Chile Chile.accuracyVICE ChileVICE Chile Chile<Array dụng ChileVICE Chile dụngFailed.accuracy<Array<Array Chile ChileFailedVICEDados<Array dụngDados ChileVICE选择VICEVICE_DEFailedVICEFailedVICEVICE Chile ChileVICEFailed Chile_DE }}
.accuracy ChileFailedVICE<ArrayVICE Chile<ArrayVICEDadosVICE_DEVICE_DEVICEVICE dụngDadosFailedVICE }}
Dados текстVICEVICEVICEFailedVICE<Array Chile Chile<Array ChileVICE Chile<Array>In坡VICE坡 Chile Chile<Array Chile ChileVICE坡Failed Chile ChileVICE ChileVICE Chile ChileVICE dụngVICE Chile ChileVICE Chile Chile Chile",dpo
q0037,"السلام عليكم ورحمة الله وبركاته

بعد يومين لدي حفل في الجامعة، وسوف ألقي الخطاب (Speech)، سيكون هناك حضور كبير ومهم بالنسبة لي، وقرأت لأطباء موقع إسلام ويب، بأن حبوب الأندرال تساعد في ضبط التوتر وتمنع الرعشة والتلعثم وغيرها، أريد أن أتناول حبة للمناسبة، هل يمكنني تناولها؟ وكم هي الجرعة 20 أو 40؟ وإلى متى يستمر مفعولها؟ ومتى يجب تناولها قبل الحفل بكم ساعة؟ علمًا أن لدي حساسية ربو فقط وليس ربواً.

في العادة أصاب بالرعشة أحيانًا، لدرجة أنني لا أستطيع حمل فنجان القهوة في المناسبة، وأريد الظهور بأحسن صورة في الحفل القادم -يا دكتور-، وبعد هذا الحفل قد أذهب إلى استشارة الطبيب -إن شاء الله-.

شاكر ومقدر لكم جهودكم.","(bbVICEVICE dụngVICE<Arrayabo_DE选择 Chile-Mobile.provider Chile Chile<Array Chile<Array选择 ChileVICE<ArrayVICEVICE<ArrayFailed>InFailedVICE<Array Chile Chile Chile<Array<Array坡abo Chile Chileabo ChileVICE<Array Chile Chile Chile<Array_DE текстVICEVICE Chile.accuracy<ArrayVICE Chile-MobileVICE Chile<Array选择<Array Chile Chile_DE }}
VICE<ArrayVICE<Array Chile.accuracy Chile Chile.accuracy<ArrayVICEFailed_DE Chile.accuracy ChileFailed ChileVICE Chile Chile Chile<ArrayVICEaboVICEVICE Chile Chile.accuracy<ArrayVICEFailedVICEVICEVICE<Array ChileFailed选择VICEFailedVICE Chile Chile dụng Chile Chile.accuracyFailed dụng坡<Array ChileVICEVICE<Array.accuracyVICE Chile.accuracy ChileFailed.accuracy dụngVICE Chile }}
 dụng_DE Chile Chile Chile }}
.accuracy Chile ChileVICE текстFailedDados Chile ChileVICE.accuracy dụng<Array Chile_DE_DE<Array Chile Chile ChileVICE选择 Chile Chile_DEVICE ChileVICEFailed<Array Chile ChileVICE_DEVICEVICEVICEabo ChileVICEDadosFailed<Array dụngVICE ChileVICEVICE坡.accuracy Chile.accuracy ChileVICEVICE ChileaboVICE Chile ChileVICEFailed<ArrayVICEVICE<ArrayVICE Chile Chile ChileDados Chile Chile Chile.accuracy ChileVICE选择FailedVICEVICEVICEVICE Chile.accuracy ChileFailed Chile ChileVICEVICE Chile Chile<Array dụng dụngVICE ChileVICE Chile.accuracyVICE Chile.accuracy Chile Chile.accuracy Chile Chileabo Chile ChileVICE dụngFailedFailedVICE текстVICE选择VICEVICE Chile Chile Chile Chile Chile Chile Chile Chileabo Chile Chile Chile ChileVICEFailed Chile Chile Chile<Array Chile ChileVICE ChileVICE<ArrayFailed>In Chile ChileFailed坡VICE ChileFailedVICEVICEVICEVICE текст Chile Chile dụngDados Chile Chile Chile ChileVICE dụng ChileVICE<Array Chile_DEVICE选择VICEVICEVICE<Array Chile ChileFailedFailed<Array Chile<ArrayVICEVICEVICEFailed ChileFailed<Array选择DadosVICEVICE ChileDadosVICEVICEVICEVICE Chile.accuracy<Array<ArrayVICEVICEVICE Chile ChileVICE Chile Chile Chile Chile Chile ChileVICEVICEVICE Chile Chile Chile Chile текстVICE Chile ChileVICEVICEVICEVICEVICEVICEVICE_DE<Array Chile<Array Chile Chile Chile ChileVICE ChileaboVICEVICEVICEVICE }}
 Chile ChileVICE Chileabo Chile Chile ChileVICE<Array ChileFailedFailedaboVICEFailed ChileVICEVICE текстFailed Chile dụng Chile ChileVICEFailedVICE<Array Chile Chile ChileDadosVICEVICEVICEVICE dụng Chile Chile ChileVICEVICEVICE.accuracy<ArrayVICE Chile ChileFailedFailedFailed.accuracy Chile ChileVICE选择VICEVICEVICE Chile.accuracy Chile dụng Chile Chile选择DadosVICE<Array选择 Chile Chile Chile.accuracyVICEFailed dụngFailed ChileaboVICEFailedFailed ChileVICE dụngFailedFailedVICEabo Chile ChileVICEVICEVICEVICE Chile Chileabo ChileVICE dụng ChileFailed.accuracyaboVICE ChileVICE ChileVICE坡 Chile<ArrayFailed текст",dpo
q0038,"السلام عليكم ورحمة الله وبركاته.

حياكم الله وجزاكم الله خيرا على ما تقدمونه من نصائح وإرشادات للناس.

أنا أعاني من فوبيا من الأماكن البعيدة أو السفر بمفردي، وعندي خوف وقلق واكتئاب، والخوف والضيق عندما أذهب للسوق، أشعر كأني سأموت في تلك اللحظة.

ذهبت للطبيب ووصف لي سبراليكس 10 ملغ، ثم بعدما رفع الجرعة إلى 20 ملغ، فشعرت ببعض التحسن لكن بمجرد أن أسمع خبر الموت أو أن أغضب ترجع لي نفس الأعراض، ثم استمريت على نفس الدواء 20 ملغ، بل زادت الأعراض! صرت حبيس البيت، ثم بعد ذلك قمت بخفض جرعة سبراليكس من 20 إلى 10 ملغ، شعرت بتحسن أفضل من قبل ففكرت أن أقوم بخفض الجرعة وأجعلها 5 ملغ.

والله أنا في حيرة من أمري رغم أني استعملت الدواء لفترة طويلة أكثر من 6 سنوات، كلما رفعت في الجرعة والأعراض تزيد، لا أدري هل استخدام سبراليكس بجرعة 20 ملغ لمدة طويلة يزيد في القلق النفسي والخوف؟ وهل يمكن لي استبداله بدواء آخر؟

أرجو منكم نصحي.","VICEVICEVICEVICEVICE<ArrayVICEVICEVICEVICE ChileVICE.accuracy<Array Chile Chile Chile Chile Chile<Array }}
<Array }}
 dụng_DEVICE Chile Chile Chile<ArrayVICE Chile<Array.accuracy Chile坡VICEFailedFailedVICE坡 Chile Chile.accuracyVICEabo Chile.accuracyFailedVICE<Array текст.accuracy Chile Chile Chile<Array ChileFailedVICE Chile选择VICE текст-Mobile dụngDados Chile.accuracy.accuracy<ArrayVICEVICE dụng_DEVICEVICE текст текст<Array Chile Chile Chile Chile Chile>InVICEVICE坡VICE Chile ChileVICE ChileVICE ChileDadosVICE Chile Chile Chile текст текстVICE Chile Chile坡 ChileVICE Chile ChileVICE Chile<Array Chile dụngVICEVICE ChileaboVICE<Array текст<Array Chile Chile Chile Chile текст Chile Chile Chile ChileFailed Chile<Array ChileVICE Chile Chile_DEVICEVICE<ArrayVICE dụngVICEVICE Chile Chile<ArrayVICEVICE Chile<Array Chile Chile ChileFailed dụng dụng Chile Chile dụngVICEFailedabo Chile ChileVICE Chile.accuracy ChileVICE Chile Chile Chile<ArrayFailed }}
 Chile Chile坡<Array }}
.accuracy ChileVICE Chile текстVICEVICEVICE<ArrayFailed Chile Chile ChileFailedFailedVICEDados ChileVICE<ArrayVICE<Array坡 dụngDados Chile ChileVICE Chile ChileFailed Chile_DEVICEFailedVICEVICE Chile ChileVICE ChileVICEFailed ChileFailed ChileaboFailed ChileFailed Chile Chile<ArrayVICEDados坡VICEVICEVICE Chile Chile<ArrayVICEaboVICE<Array ChileVICE ChileFailed Chile.accuracy ChileVICEFailedVICE dụng.accuracyVICE<Array dụngVICE ChileVICEVICEVICE Chile<Array Chile Chile Chile ChileVICEVICEVICE_DE<ArrayVICE Chile dụngFailed ChileVICE ChileVICE_DEVICE текстVICE<ArrayFailed Chile Chile Chileabo Chile<Array Chile Chile Chile<Array坡 Chile Chile Chile<Array坡 ChileVICEVICE ChileVICE Chile ChileFailedVICE Chile<Array текст ChileVICE选择abo Chile Chile ChileVICE Chile Chile Chile Chile选择<ArrayVICE Chile Chile.accuracyVICE<Arrayabo_DEVICE ChileVICE Chile Chile dụng ChileVICEVICEFailedVICE选择VICE<ArrayVICEFailed Chile ChileVICE.accuracy Chile ChileVICE选择Ath.accuracy Chile ChileVICE текст<ArrayVICEVICE选择 Chile.accuracy坡VICEVICE选择<Array Chile текст текстVICEVICE ChileDadosVICE_DEVICE ChileVICEVICEVICEVICEVICE.accuracy<ArrayVICE dụng Chile<Array ChileFailedVICE Chile Chile-Mobile Chile Chile ChileVICE Chile Chile ChileFailedVICEVICEFailed Chile dụngFailedFailedFailed Chile dụngVICEFailed Chile_DEVICE Chile<ArrayVICE Chile Chile Chile Chile Chile текстVICE Chile ChileDados选择VICEFailed Chile ChileFailedVICE ChileFailed Chile Chile选择选择<Array Chile ChileVICEFailed Chile Chile选择VICE选择stacle текстVICE Chile Chile<Array }}
<Array dụng dụng текст dụngFailedVICE选择Failed ChileDadosVICE ChileVICE ChileFailedVICEFailedVICE текстVICEVICE Chile_DEVICEVICEVICEVICE<ArrayVICE<Array",dpo
q0039,"السلام عليكم ورحمة الله وبركاته.

أنا شخصية معرضة للقلق، كنت أستخدم دواء (ريميرون بجرعة (١٥) تقريبا لمدة ثلاثة أشهر، والآن أستخدمه بجرعة (٧.٥) وحاولت الإقلاع عنه، وأستخدم (سيبرالكس بجرعة ٥) ولكن سبب صعوبة شديدة في النوم حتى عند تناوله بالنهار.

والآن أستخدم (ريميرون ٧.٥) كل يوم ويوم، وحالتي مستقرة -الحمد لله-، ولكن أجد صعوبة شديدة في الاستيقاظ من النوم، وأنام كثيرا، وهذه أعراض جديدة منذ شهر تقريبا، فهل أبدل دواء الريميرون بسيبرالكس، أو يوجد بديل آخر بجرعة وقائية، وهل هناك مضاد للقلق أفضل، أو أستمر على اليريميرون؟

وشكرًا.","VICE dụngFailedFailed<ArrayFailedVICEVICE<Array ChileDados đẹp ChileVICEVICEVICE.accuracy Chile.accuracy<Array<ArrayVICEVICE ChileVICE选择 }}
.accuracyFailed ChileVICE坡Failed ChileVICEVICEFailed dụng坡<Array>In<Array ChileFailed Chile<Array ChileVICEVICEDados }}
 ChileFailedVICE ChileVICE Chile.accuracy dụng<Array ChileFailed Chile-MobileaboVICEVICEVICEFailedFailed dụng ngOnInitaboVICEVICE }}
VICE Chile Chile>In dụng Chile Chile Chile.accuracyVICEFailed坡VICE Chile Chile<Array ChileVICE<Array Chile<ArrayFailed_DE<Array ChileVICEVICE<Array текст dụngDadosVICE Chile Chile Chile<ArrayVICE dụng<Array ChileVICE ChileVICE dụngabo ChileVICE Chile<Arrayabo<Array dụng ChileVICE Chile Chile }}
VICEVICE<Array.accuracy Chile dụng dụngVICE Chile_DEVICE Chile<ArrayFailed Chile Chile<Array Chile.accuracyVICE<Array Chile ChileVICE<Arrayabo Chile<ArrayFailed>In ChileaboVICE<ArrayFailedVICEFailedVICEVICE dụng Chile Chile Chile<ArrayVICEVICE Chile.accuracy Chile ChileFailed dụng Chile Chile Chile ChileFailed Chile Chile Chile Chile选择<Array Chile Chile ChileFailedFailedVICE dụng dụngVICE Chileabo Chile ChileaboVICEFailed选择 Chile ChileVICEVICE选择abo ChileVICE Chile dụng>In.accuracyVICE Chile Chile Chile dụng<Array选择 текст.accuracy Chile Chile>In ChileVICE ChileVICE<Array坡 Chile.accuracy ChileVICE dụng<Array текст ChileVICEFailed текстVICE dụng Chile Chile<Array текстVICEFailed选择Ath-MobileVICEVICEVICEVICEVICE<ArrayVICE<Array ChileVICE ChileFailedFailed<ArrayVICE Chile Chile Chile选择 Chile dụng Chile ChileVICE текст.accuracy<Array ChileVICE ChileVICEVICE Chile Chile Chile Chileabo текстFailedDadosVICE_DEVICE ChileFailedVICEFailed.accuracy ChileVICE_DE<ArrayVICEDadosVICEVICEVICE.accuracy ChileVICE_DE Chile ChileDados Chile ChileFailedVICEVICE Chile Chile<Array Chile ChileVICE<Array_DE<Array Chile Chile ChileVICE текстVICEVICEVICEVICE Chile ChileVICE dụng<Array Chile Chile dụngVICEVICEVICEVICE Chile Chile ChileVICEVICEVICEVICE dụngFailedVICEVICE ChileVICE ChileFailedVICE dụngFailedVICE текст Chile Chile Chile<Array Chile ChileVICE dụng坡VICEFailedVICE Chile Chile ChileFailedFailedVICE Chile ChileFailedFailed Chile Chile Chile Chile Chile.accuracyVICEVICEFailed Chile ChileVICEVICEVICEVICE<ArrayVICEVICE ChileFailed Chile Chile Chile ChileVICEVICE dụng Chile Chile ChileDados dụng dụngFailedVICEVICEFailed ChileFailed ChileVICE ChileVICEVICE Chile ChileVICE Chile Chile Chile ChileVICEFailedVICE ChileaboVICE Chile ChileFailed Chile dụng<ArrayVICEabo Chile ChileVICE Chile ChileVICE ChileVICEVICE dụngFailed }}
.accuracy Chile Chile dụng текстVICE dụng Chile Chile Chile_DEVICEVICEVICE ChileVICE.accuracy Chile Chile<Array Chile Chile<Array ChileFailed<ArrayFailedVICEVICE",dpo
q0040,"أسأل الله العظيم رب العرش العظيم أن يوفق العاملين على هذا الموقع إلى ما يحب ويرضى.

أما بعد: فلقد كنت أعاني من أعراض الاكتئاب الخفيفة، والقلق والخوف من المواجهة، فأعطاني الدكتور حبوب السيروكسات بمقدار حبة يومياً، واندرال 20مج، واستمريت على ذلك سنة دون تحسن واضح، فزاد الدكتور الجرعة حبتين حبة صباحاً وحبة مساءً، وإندرال 20مج، واستمريت على ذلك سنتين ولله الحمد تحسنت حالتي بشكل ممتاز.

بعد تحسن حالتي طلب مني الدكتور التدرج في ترك العلاج، وقمت بذلك بتدرج خلال أربعة أسابيع.

الملاحظ الآن أن الأعراض تعود، علماً أن لي ثلاثة شهور من التوقف عن العلاج، فماذا أفعل؟

هل هناك علاج أفضل من السيروكسات أعراضه أقل وآمن للاستخدام طويل المدى؟

إذا لم أستخدم الإندرال تعود أعراض الرعاش في الجسم بشكل شديد، فماذا أفعل؟

أسأل الله الكريم أن ينفع بعلمكم.","<Array选择VICEVICEVICE dụngVICEVICE<ArrayVICE ChileVICEFailed Chile选择选择stacleVICEVICE<Array Chile选择-Mobile Chile ChileVICEVICE Chile<Array Chile Chile ChileDados<Array текстVICE<Array Chile Chile.accuracy Chile ChileVICE }}
.accuracyVICE ChileVICE_DEVICEVICEVICEVICEVICE<Array Chile Chile<Array Chile>In<Array<Array Chile dụng midi Chile Chile dụngVICEVICE Chile<Array Chile Chileabo选择VICE Chile Chile_DE ChileVICE ChileFailed Chile.accuracyVICE<ArrayVICE<Array.accuracy Chile<Array.accuracy ChileFailedVICE选择VICE ChileVICEVICE.accuracy Chile ChileVICE选择VICEVICEVICEVICEVICE<ArrayVICEDados Chile ChileVICE Chile Chile ChileFailed选择<Array Chile Chile选择<ArrayVICEFailed<Arrayabo.accuracyVICE ChileVICE<Array Chile Chile<Array Chile Chile dụng Chile Chile dụng选择 ChileDados坡VICE_DEVICE ChileFailedVICEVICE<ArrayFailed选择 ChileVICEDados Chile текстDados ChileVICEFailed đẹp ChileFailed ChileVICEFailedVICE Chile ChileVICEVICE Chile ChileDados<ArrayVICEFailed dụng_DEVICEVICE Chile ChileVICE ChileFailedAthFailed ChileVICE坡 Chile<ArrayFailed Chile }}
VICE }}
 Chile ChileDadosFailed }}
.accuracy dụngVICEVICEFailedFailedVICEVICEDados Chile Chile<Array<ArrayVICEVICE选择选择VICE-Mobile.accuracy dụng Chile ChileVICE Chile ChileVICE_DEVICE.accuracy Chile Chile_DE<ArrayFailedVICE Chile Chile Chile.accuracyFailed Chile<Array ChileVICE dụngVICE.accuracy<Array<Array Chile<Array ChileVICEDados_DEVICEVICE текст Chile Chile Chile Chile Chile<Array ChileFailed dụngVICE Chile<ArrayVICE选择 Chile Chile текстFailed사이트VICE<ArrayVICE>In dụng Chile текстFailed_DEVICE<Array Chile ChileDadosFailed ChileDados<Array ChileVICEVICEVICEVICEaboDadosVICEVICE Chile ChileVICE dụng.accuracyVICEVICE ChileVICE dụng>In<Array<ArrayVICE Chile<Array ChileaboVICEVICEVICE ChileVICE Chile.accuracy Chile Chile选择VICE Chile Chile Chile<ArrayVICEabo Chile Chile dụngDadosVICE<Array选择 ChileVICE ChileaboVICE текстaboVICE dụng ChileFailedVICE ChileAthVICEabo Chile ChileVICE坡 Chile ChileVICE>InVICE Chile dụngabo Chile ChileDadosVICE Chile-MobileVICE Chile Chile Chile dụng dụng_DEVICEFailedVICEDados Chile Chile Chile ChileVICEabo Chile Chileabo текстDados选择 ChileVICE Chile Chile ChileVICE }}
<Array Chile Chile ChileVICEVICEDadosVICE Chile текст Chile ChileDadosVICEFailedVICE Chile ChileVICEVICE Chileabo ChileVICE Chile.accuracy Chile ChileVICE_DEVICEVICE Chile ChileVICE dụng ChileVICE Chile ChileDados选择 Chile<Array текст.accuracy Chile Chile<ArrayFailed ChileFailed选择VICEDados ChileVICEVICE ChileFailedVICEFailed Chile<Array<Array Chile ChileVICE选择 Chile Chile ChileVICEVICE dụngVICE<Array Chile Chile<ArrayVICE ChileDadosVICE<Arrayabo选择 Chile Chile",dpo
q0041,"السلام عليكم

أستعمل الدوجماتيل لعلاج القلق منذ 4 أشهر، ولكن بطريقة متقطعة؛ حيث أني أغلب الأوقات أتناوله عند وجود حدث معين يقلقني, فهل لهذا آثار جانبية يجب الانتباه لها؟ وهل تنصحوني بدواء آخر غير الدوجماتيل أفضل لعلاج القلق؟

كما أريد أن أسأل إذا كان الدوجماتيل يجعل المرء يفرط في النوم؛ حيث أني غالبا أخلد إلى النوم باكرًا، ولا أستيقظ إلا بعد مضي 8 ساعات أو أكثر على نومي، لا أستيقظ لصلاة الفجر، وهذا يزعجني، حتى أنه بعد مضي كل هذه الفترة لا أشعر بالانتعاش عند الاستيقاظ، وكأن كل هذا النوم لم ينفعني، بل أستيقظ أحيانًا خاملاً، ومتعكر المزاج.

أرشدوني إلى حل أثابكم الله.

ثانيًا: وصف لي طبيبي دواء السيروكسات والدوجماتيل معا، فما هي الآثار الجانبية المحتملة لهذين الدوائين معًا أو كلاهما على حدة؟ وكيف أعالج هذه الآثار؟","VICEFailed }}
<Array ChileVICE ChileVICE选择VICE ChileDadosVICEFailedFailed<Array ChilePHA }}
<ArrayVICEVICEVICEVICE.accuracyFailedVICEVICEVICEFailedFailedFailedVICE<Array текст<Array.accuracy Chile<Array Chile dụng_DEVICE Chile ChileVICEVICE dụng текст<ArrayVICE ChileVICEFailed选择选择DadosVICE }}
<Array }}
.accuracy<ArrayPHA选择 dụng<Array<Array ChileFailedVICE }}
 ChileVICE>In Chile坡 Chile Chile选择<ArrayVICE ChileVICE ChileFailed<Array Chile Chile选择>InVICEDados текст.accuracy>InVICE.accuracy<ArrayFailed Chile Chile Chile.accuracy ChileVICEFailed Chile>InVICEVICE ChileDadosVICE<Array Chile选择_DEVICEFailedFailed dụngVICEFailed>In ChileaboVICEVICEVICE Chile Chile选择 ChileFailed Chile текст选择aboVICE текст Chile }}
 ChileVICE dụng dụngFailed ChileVICE }}
VICE<ArrayDadosVICEVICEVICEVICE Chile Chile Chile_DEFailed Chile Chile dụng ChileVICE坡 Chile<Array Chile Chile Chile ChileFailedDadosVICEVICEFailed dụng.accuracy Chile Chile选择Failed Chile ChileFailed Chile Chile Chile<Array }}
<Array Chile Chile ChileVICE Chile Chile Chile<Array ChileVICEVICEFailed<Array<Array текстVICEDados ChileaboVICE坡VICE Chile Chile ChileFailedVICE Chile Chile-MobileVICE ChileVICE dụng dụngFailed }}
<ArrayVICEVICE ChileFailedVICE<Array_DEVICE текстVICEFailed dụngDadosVICE<Array<Array dụng Chile Chile Chile текст ChileVICE dụng Chile ChileDadosVICE dụngVICEVICE dụng<Array ChileVICE Chile ChileDados текст ChileFailed текст ChileVICE }}
 ChileVICE Chile<ArrayVICE坡VICE>InFailedVICEVICE坡 dụngVICE Chile ChileVICEVICE ChileVICE Chile사이트VICE dụng选择.accuracy Chile ChileVICEFailedVICE ChileVICEFailed Chile Chile-MobileFailedFailed ChileFailedaboVICE.accuracy dụng Chile Chile ChileFailedVICE ChileVICE dụng<Array dụng текст<Array dụng Chile Chile ChileVICEVICE<Array Chile ChileVICE текстFailed dụngVICE ChilePHA Chile Chile Chile ChileVICEVICE текст Chile<Array<ArrayVICEabo dụngVICE текст Chile текстFailed사이트Dados Chile текст Chile选择 dụngFailed Chile Chile ChileVICEFailed.accuracy ChileVICEabo ChileVICEVICE<Array Chile ChileFailed_DE_DEVICEVICEVICEVICE ChileVICE<ArrayVICE Chile Chile Chile текст坡 Chile текст>InFailed<ArrayVICE选择<Array Chile Chile dụng<ArrayFailed<Array Chile Chile Chile Chile选择VICEVICE Chile Chile Chile dụngVICEVICEVICE dụng.accuracyabo Chile Chile ChileDadosVICEabo ChileVICEVICE ChileFailed Chile Chile Chile Chile-Mobile Chile Chile Chile ChileDados Chile dụng ChileFailed ChileFailed<Array Chile Chile Chile ChileVICEVICEVICEDados坡 ChileVICEVICEVICE.accuracyVICE dụng }}
 ChileVICEDadosVICEVICE<ArrayVICE Chile ChileVICE ChileFailedVICE ChileVICEDados Chile dụng Chile ChileVICEVICE Chile dụngVICE ChileVICEVICE",dpo
q0042,"السلام عليكم
أشكركم على الإجابة علي استشارتي السابقة رقم (2369810)، وعلي القبول والتوضيح.

أبشرك وأبشر نفسي بأني شعرت بتحسن كبير في نهاية الأسبوع الرابع من الاستمرار على جرعة لوسترال 100.

وأحب أن أوضح لكل من يستخدم العلاج الدوائي للرهاب بأن يصبر على العلاج أكبر فترة ممكنة، ويدعمه بعلاج سلوكي.

شعرت بالتحسن بعد شهر عندما تعرضت لموقف مرهب، واستطعت أن أواجهه بكل قوة وأريحية، وذلك بفضل الله، ثم بالدواء، وفي نفس اللحظة أحسست بتحسن ما كنت أتوقعه أبداً، والدواء ليس له أعراض جانبية معي، وهو دواء ممتاز، والحمد لله على ذلك.

لدي نية أن أكمل العلاج للنهاية، وعليه أريد مساعدتي في كيفية الاستمرار، بخصوص الجرعات ومدة العلاج، لكي أدعم العلاج لتجنب الانتكاسة.

ما هي الأعراض الجانبية المتوقعة على المدى البعيد، ونسبة حدوثه؟ وسأتواصل مع الموقع حتى نهاية العلاج للمتابعة، إن شاء الله.

أرجو لكم دوام الصحة والعافية، وجعله الله في ميزان حسناتكم.

وشكراً.","사이트DadosVICE postcodeaboVICEFailed Chile.provider ChileVICEFailedVICEVICEVICE坡<Array Chile Chile Chile.accuracyVICE Chile.accuracyVICEaboVICE текстVICE.accuracyVICEVICE Chile.accuracy Chile.accuracy<Array Chileabo<Array<ArrayFailedVICEVICEFailedVICEFailedVICE<ArrayVICE选择 dụngVICE<Array Chile ChileVICE Chile ChileVICE Chile<ArrayVICE Chile>In<Array坡 Chile Chile organised dụng midiAthVICE Chile Chile ChileVICE ChileFailed<Array.accuracy ChileVICEVICEDados Chile.accuracy Chile<Array Chile坡.accuracyVICE Chile选择VICEFailedVICE Chile ChileFailed ChileVICE Chile Chile坡选择 dụng选择 текстVICE Chile<Array Chile Chile Chile Chile Chile ChileaboVICE<Array Chile选择 dụngPHAVICEVICE Chile Chile ChileVICE<ArrayVICE<Array Chile Chile dụngDados Chile dụng选择 Chile Chile.accuracy.accuracyDadosVICE Chile选择 Chile<Array dụng Chile ChileDadosVICEVICE Chile选择坡<Array_DEVICE Chile Chile>InVICEVICEVICE Chile dụngDados Chile Chile<Array Chile ChileFailed Chile dụng<ArrayaboVICE<Arrayabo Chile Chile ChileVICEFailed dụngFailed Chile Chile Chile Chile坡VICE dụng #-}
 Chile Chile }}
 ChileVICEVICEVICE Chile.accuracy坡 Chile.accuracyVICE Chile选择 ChileVICEFailed ChileVICE текстFailedVICEVICEVICEVICE dụng ChileVICEVICEVICE dụngVICEVICE ChileVICE Chile<Array Chile>InVICEFailed dụngFailedFailedVICEVICEVICE dụngFailed Chile ChileVICE<ArrayVICEVICEDadosVICE Chile }}
Failed Chile Chile ChileVICEVICEVICE<Array Chile dụng-MobileFailed ChileFailed ChileVICEVICEFailedFailedVICE dụng<Array Chile ChileFailedaboVICE dụngabo ChileVICE ChileVICEVICE选择<ArrayFailed Chile.accuracy ChileFailedVICE Chile<Arrayabo Chile ChileVICE ChileVICEFailedVICEVICEVICE>In Chile.accuracy Chile ChileOWabo Chile ChileFailed Chile ChileVICE dụng dụngVICE Chile Chile Chile<ArrayVICEVICEVICE<ArrayFailed选择VICEVICE.accuracyVICE Chileabo ChileFailed>InFailedFailedVICE_DEFailedVICE Chile Chile ChileVICE Chile Chile>InVICE dụng ChileVICEVICE Chile Chile Chile ChileDadosVICE<Array ChileVICE ChileVICE dụngVICE ChileVICE dụngVICE Chile ChileVICE Chile Chile Chile dụng Chile Chile<ArrayVICE dụng dụngFailed选择<Array ChileVICEVICE dụngDados坡<ArrayVICEVICE Chile ChileFailedFailedVICE Chile<ArrayVICE<Array ChileVICE Chile ChileFailedaboVICE>InVICE ChileVICE Chile ChileFailedaboVICE<ArrayVICE ChileFailedDadosFailedVICEDados<ArrayFailedPHAVICE Chile Chile Chile dụng ChileVICE Chile Chile Chile Chile ChileOWVICEVICEVICEVICEVICE ChileFailed Chile dụngDados_DE dụng坡 Chile Chile dụngVICE坡 dụngVICE Chile Chile dụng Chile>In Chile ChileVICEVICE текстaboVICE ChileFailedabo ChileVICEFailed dụng Chile ChileVICE ChileVICEaboVICE ChileVICEVICE选择Dados текст",dpo
q0043,"السلام عليكم

أعاني مما يسمي اضطراب الرهاب الاجتماعي، من بداية طفولتي المبكرة، حيث كنت خجولاً جداً، وعند بلوغي 14 سنة ظهرت أعراض الرهاب الاجتماعي، ومنذ ذلك الوقت صرت أعاني منه، وأنا الآن متزوج وأب لـ 4 أبناء، وصرت بعمر 53 سنة.

منذ فترة بدأت أبحث، وقرأت كثيراً عن هذا المرض الغامض، ومن خلاله تأكدت أن ما أعانيه من صغري هو مرض معروف عند الأطباء، ويوجد احتمالية العلاج أو التحسن على الأقل، بعد بحث لشهور في المواقع عرفت بأنه يوجد دواء اسمه لوسترال، هل ممكن استخدامه في مثل هذه الحالات؟ واشتريت الدواء وبدأت آخذ جبة 50 مل جرام يوميا، وبعد 45 يوم رفعت الجرعة لـ 100 جرام، والآن في اليوم التاسع عشر آخذ 100 مل يومياً.

بصراحة الدواء سليم جداً، وليس لديه أعراض جانبية أبداً، ولم يسبب لي أي مشاكل، ولكن لم أشعر بتحسن، ومشاعر الخوف والقلق كما هي، فبم تنصحونني؟ هل أستمر على الجرعة لمزيد من الوقت، أو يمكن يتغير الدواء إلى دواء آخر من نفس المجموعة؟ سيروكسات أو بروزاك مثلاً.

شكراً على الموقع المفيد، وربنا يثبت أجركم.","_DEVICEVICE Chile ChileVICEFailedFailed thousandsabo Chile ChileFailedVICEVICE<ArrayVICE坡VICEVICE Chile Chile-Mobile<Array<Array Chile Chile Chile<Array_DE Chile ChileVICEVICE选择stacle选择.accuracy Chile.accuracy.accuracy<Array<Array<ArrayVICE Chile.accuracy<Array Chile-MobileFailed_DE Chile ChileDadosVICEFailedVICE<ArrayVICEDados<Array.accuracy Chile<Array Chile Chile<Arrayabo ChileVICE dụngVICEVICE dụngVICE.accuracyFailedVICE Chile Chile坡>InVICE<ArrayFailed Chile<ArrayVICEVICE.accuracyFailed选择VICE ChileDados Chile ChileVICE Chile_DEFailedVICEVICE>In ChileVICE选择 Chile Chile_DE }}
VICEVICEVICE ChileVICEVICEVICE<ArrayVICE.accuracy Chile_DEVICE Chile<Array ChileFailed.accuracy<Array Chile Chile ChileVICE<ArrayVICE dụng Chile dụngVICEDados Chile dụng Chile ChileDados ChileVICEVICE<Array ChileFailedFailed dụngVICE Chile Chile dụng ChileFailed<Array Chile Chile Chile-Mobile Chile Chile ChileaboFailed Chile ChileDados Chile dụng dụng_DEVICE<ArrayaboFailed<ArrayVICE ChileVICEFailedVICE Chile }}
 Chile<Array Chile ChileVICE<ArrayFailed<ArrayVICE<Array Chile Chile-MobileVICE Chile ChileaboVICE<ArrayVICE<Array dụng текстVICE ChileFailedVICEVICE<Array Chile ChileaboFailed选择VICEFailed.accuracy ChileVICEFailed dụng текстFailed текст<ArrayFailed Chile Chile ChileFailedVICE<ArrayDadosabo Chile<Array текстPHAFailed ChileaboDados ChileVICE Chile Chile Chile ChileVICEVICE Chile<ArrayVICE ChileVICEAth dụng ChileVICEVICE Chile<ArrayDados_DEVICE_DEVICE Chile_DEVICE.accuracy<Array Chile Chile<ArrayVICE dụng текст<Array ChileVICE dụng<Array Chile<ArrayDadosVICE Chile<Array选择 ChileVICE Chile }}
<Array Chile ChileVICEFailedFailedVICE坡 Chile ChileVICE ChileVICE>InVICE ChileVICE坡VICE dụng текстVICE<Array_DEVICEVICEVICEFailed Chile.accuracy Chile选择VICEVICEVICEFailed dụngVICEVICE.accuracyVICEVICEVICE<Array Chile текстVICEVICE ChileVICE dụng Chile ChileVICEVICE ChileVICEFailedVICE_DEFailed dụngFailed dụngFailed_DEVICEFailed<Array<ArrayVICE_DE Chile Chile>InVICE Chile ChileDadosVICE ChileVICEDadosVICEVICEVICEVICE ChileVICE dụng ChileFailedFailedVICEVICE坡<Array ChileVICEVICE dụng #-}
 ChileVICEFailed Chile.accuracy Chile Chile Chile Chile Chile Chile选择 Chile Chile Chile текстVICE Chile ChileFailed Chile Chile ChileVICEVICEVICEFailed ChileVICEVICE<ArrayVICE Chile<Array Chile ChileVICE dụng_DEVICEVICE<ArrayaboVICE Chile ChileVICE<ArrayVICE Chile>InVICEVICE dụng Chile.accuracyVICE Chile Chile Chile ChileFailed Chile Chile dụng }}
OW选择 ChileFailed ChileVICE dụng坡VICEVICEVICEVICEVICE选择VICE ChileVICE ChileVICE dụngDados ChileVICE<Array Chile dụngVICEVICE Chile ChileVICE Chile.accuracy<ArrayVICEFailedVICEVICEVICE.accuracy",dpo
q0044,"السلام عليكم.

دكتورنا الكبير محمد عبدالعليم: أتابعك من سنوات، وسبق استشرتك وكنت نعم المستشار، أفدتني وليت عندك عيادة يسهل زيارتك.

عندي استفسارات أتمنى أن تجيب عليها:
س1: دائما أقرأ لك أن أدوية ssri لا تسبب التعود، ولكن بالواقع نرى إنه يتوقف مفعولها فجأة وبالمواقع الأجنبية معروف هذا الأمر؟
س2: الابيلفاي قرأت أنه مفيد للقلق، لكن بتجارب الناس أرى العكس حيث يزداد القلق والتملل الحركي، يزيد فرص الوفاة!
س3: ما رأيك في السوليان للهلع والقلق؟ وهل يتوقف عمله بعد مدة؟
س4: هل الهلع خلل بالدماغ؟ وكيف يعالجه العلاج السلوكي بدون دواء؟
س5: هل يوجد علاج ينهي الهلع ورهاب الساح بدون انتكاس حتى لو دواء استمر عليه الشخص طوال عمره مثل ssri؟
س6: هل يمكن أن يتطور رهاب الساح لهلع مزمن أو الذهان أو الفصام مع كثر القلق؟
س7: سمعت عن عملية قطع العصب العاشر الذي يصل الجهاز الهضمي بالدماغ، هل ممكن أن يكون حلا؟
س8: حسب خبراتك الكبيرة واطلاعك الكبير، ما هي (آخر الاكتشافات) للهلع والقلق العام، وإن كانت صعبة أو في دول بعيدة، مثل عمليات جراحية أو تقنيات متطورة؟
س9: من آلاف الحالات التي مرت عليك، هل مرت حالات هلع وقلق شديد شفيت تماما ولم تنتكس طوال هذه السنوات؟
س10: هل هناك كوابح للكورتيزول والإدرينالين، أو يمنع القشرة الأمامية من القلق، ولماذا لا تستخدم؟ لأني أشعر أنها المسبب الأول.","选择VICE<ArrayVICEVICEVICEVICE ChileFailed>InVICE dụng选择VICE<Array Chile Chile ChileVICE Chile Chile Chile选择VICE ChileVICE<ArrayVICE Chile.accuracy<ArrayVICEVICE Chile<Array ChileFailedVICE Chile.accuracy<Array ChileVICEFailedVICEFailed Chile.accuracyVICE<Array选择VICE.accuracyFailedFailedVICE<Array<Array }}
 Chile thousandsVICEVICE Chile Chile ChileVICEVICE Chile Chile<Array Chile Chile>In<ArrayVICEVICEVICE ChileDados_DEVICE ChileFailed ChileVICE<Array dụngVICE ChileFailed选择VICEVICEVICE Chile Chile<Array Chile ChileVICE Chile ChileVICE<Array Chile Chile Chileabo dụngVICEVICEVICE Chile ChileVICEVICE<Array<Array ChileVICEVICE Chile>In.accuracy ChileVICEDados ChileVICEVICE<Array Chile }}
Failed Chile Chile Chile ChileFailedVICE<Array Chile Chile选择.accuracy ChileVICE Chile Chile Chile Chile.accuracy Chile Chile ChileFailedDadosVICE dụng dụng dụng<Array Chile Chile选择.accuracyVICE ChileVICEVICE Chile.accuracy dụng<Array Chile Chile Chile Chile选择 Chile текстVICE-Mobile Chile Chile ChileVICEVICE Chile текст<Array Chile.accuracy Chile Chile Chile ChileVICE Chile<Array Chile Chile Chile Chile ChileVICEFailedVICE.accuracy Chile organised Chile Chile Chile>InVICE<Array Chile<Array Chile<Array Chile<Array Chile текст Chile.accuracy Chile Chile ChileFailed Chile Chile<Array Chile ChileFailedDados Chile Chile Chile Chile ChileVICE Chile Chile Chile dụng Chile<ArrayVICEVICE ChileVICE Chile текстAth Chile Chile Chile选择-Mobile ChileVICE dụng Chile Chile选择VICE ChileVICEVICEVICEabo Chile Chile Chile dụngDadosVICE dụng Chile Chile>In ChileFailedVICE Chile текстaboVICE dụng Chile ChileVICE Chile Chile Chile Chile Chile Chile Chile Chile dụngaboVICE текстVICE Chile Chile Chile Chile Chile<ArrayVICE Chile Chile Chile Chile Chile Chile dụng选择VICE Chile Chile<Array选择aboVICE ChileVICEVICEVICEVICE<Array текстVICEVICEVICEVICEFailed ChileFailedabo ChileFailedVICE dụng текст-Mobile ChileVICE<Array текст<Array.accuracyVICE<ArrayFailed坡VICEVICEaboVICE dụngVICE选择<Array Chile_DEVICEVICE ChileVICEVICEFailed-MobileFailed Chile ChileVICEVICE текстVICEVICEVICEVICEDadosFailed.accuracyVICE Chile ChileVICE текст Chile坡 Chile }}
<ArrayVICEFailedVICE ChileVICEVICE dụng坡 Chile ChileVICEVICE dụng ChileVICE<Array选择 ChileDadosFailedVICE Chile_DEVICE Chile_DEVICE<ArrayFailedVICEVICEFailed Chile<Array }}
 ChileFailedFailed-MobileDados Chile.accuracy Chile }}
<ArrayVICE ChileFailed坡FailedFailedVICEFailed选择VICE选择选择Dados Chileabo Chile ChileVICEFailedVICEAth dụng #-}
VICE Chile Chile ChileFailedVICE<Array ChileVICEFailedFailed Chile Chile选择 ChileVICEFailedVICEVICEVICEVICE dụng ChileFailed Chile_DEVICE Chile ChileFailed ChileVICEVICEFailedFailed Chile Chile<Array Chile ChileDados Chile",dpo
q0045,"السلام عليكم ورحمة الله وبركاته.

أنا من السعودية ولم أجد بالصيدليات سوى 3 مليجرام من الفلونكسول، وجميع الصيادلة يقولون: هذا نوع قديم، وقد تكون له أعراض كظهور حركات لا إرادية على الشخص، فهل يوجد نوع آمن منه ومتوفر؟ أنا آسف على كثرة الأسئلة، ولكن عندي تخوف من الأدوية، ولكم جزيل الشكر.","VICEVICE ChileVICE<Array.accuracy ChileVICE ChileVICE坡 Chile Chile ChileFailed ChileFailed Chile<Array ChileVICEVICE dụng<ArrayVICEVICE_DEVICEVICEFailedVICE Chile>InVICE текст Chile Chile ChileVICEVICEVICE Chile<Array Chile选择.accuracy ChileFailedVICE<Arrayabo Chile Chile_DEVICEVICEVICEVICE Chile<Array dụngVICE ChileVICEVICE dụng-Mobile Chile dụng ChileVICE Chile<Array.accuracy<Array Chile_DEFailedFailed текст<ArrayFailedFailed ChileFailed ChileVICEFailed dụngDados选择VICE Chile<ArrayVICE ngOnInit Chile midi>InFailed Chile ChileVICE Chile Chile<ArrayVICE Chile ChileVICE_DEFailedVICE ChileVICEVICE Chile Chile选择 Chile ChileVICE Chile ChileAnonymousVICEVICEFailed Chile Chile ChileAnonymous Chile Chile Chile Chile Chile Chile_DEVICE ChileDadosVICEVICEFailedVICEDadosVICE ChileVICE<Array Chile Chile Chile<Array текст-Mobile Chile ChileVICE坡VICEVICE текстVICEFailed Chile Chile dụng选择<Array ChileFailedVICE ChileVICE текст>InVICEVICE Chile<Array dụng Chile Chile Chile ChileVICE Chile选择VICE Chile ChileVICE ChileVICEFailedFailed dụng ChileVICEFailed Chile Chile Chile Chile Chile<Array Chile текст Chile Chile dụng dụngVICEVICE Chile Chile选择.accuracy-MobileVICEVICE ChileVICEFailedVICE текст ChileFailed<ArrayVICE ChileFailed<Array选择VICE Chile ChileVICEDados Chile<ArrayVICE ChileFailedVICE<Array Chile Chile ChileVICE Chile>InVICE Chile dụng Chile dụng dụngDadosVICE选择VICEFailedVICE ChileVICEVICEVICE Chile }}
 Chile<Array Chile<Array Chile.accuracyVICEVICEFailed ChileVICEDados Chile ChileaboVICE dụng_DEVICE_DE dụngVICE ChileVICE Chile dụngFailed Chile ChileVICE Chile选择选择 Chile Chile<Array Chile dụng Chile Chile Chile Chile Chile Chile Chile Chile текст<Array Chile Chile Chile Chile dụng<Array Chile ChileVICE ChileVICEFailed Chile dụngaboabo ChileVICE ChileVICEVICEVICEFailedFailedVICE Chile<Array Chile ChileVICE ChileVICEabo Chile ChileFailedVICE坡 ChileVICEFailed Chile Chile ChileFailed>In<Array ChileVICE Chile ChileFailed Chile_DEVICEVICEVICE Chile ChileVICEFailed Chile Chile Chile ChileVICEVICEVICEVICE Chile ChileVICE Chile.accuracy<Array Chile ChileVICEVICEFailed текстVICEabo ChileVICEVICEVICE ChileVICE Chile Chile Chileabo Chile选择<ArrayVICEVICEVICEVICEaboVICEabo<Array Chile dụngAthVICE Chile Chile ChileVICE dụngDadosVICE Chile Chile Chile ChileFailed.accuracyFailed Chile选择VICEFailed选择FailedFailed dụngVICE текстVICEFailed Chile.accuracy.accuracyVICE dụng<ArrayVICE ChileVICEFailed.accuracyVICEFailed Chile Chile ChileVICEVICE ChileVICEVICE Chile Chile<ArrayVICE ChileVICEVICEFailedFailed Chile Chile dụng текст ChileVICEVICEVICE Chile<Array Chile Chile Chile Chile }}
<Array ChileDados Chile_DEVICE ChileVICE Chile dụng Chile ChileVICE",dpo
q0046,"السلام عليكم ورحمة الله وبركاته.

أولا وقبل كل شيء أقدم الشكر للدكتور محمد عبد العليم، على جهوده الجبارة، وحقيقة أنا أعتبرك من الأطباء الذين أثق فيهم، أيضا أشيد حقيقة بالأطباء المتواجدين في هذا الموقع، وأيضا أشكر جزيل الشكر لمن أتاح لنا التواصل معكم، وكل القائمين على هذا الموقع، وأنا من المتابعين لك أستاذي الفاضل محمد، واستفدت منك كثيرا جدا، وسوف أبدأ بعرض مشكلتي.

بداية المرض: لنقل أنني كنت أعاني من قلق عام يرافقه اكتئاب بسيط، والأعراض هي:
- القلق العام أعراضه كالتالي: تفكير مستمر، ضعف تركيز، قولون عصبي شديد نوعا ما (الآن متأقلم معه ولم يعد معه لدي مشكلة) عدم القدرة على الاسترخاء بسبب عدم توقف التفكير، أيضا عدم القدرة على تحمل الضغوط.

- الاكتئاب أعراضه كالتالي: البكاء، وخصوصا مع الإحباط الذي كان يرافقني، خمول صباحي شديد، وخصوصا أنني كنت أدرس في تلك الفترة، كنت لا أطيق الذهاب للمدرسة، نسيان وصعوبة شديدة في الحفظ، انخفاض المزاج فترة الصباح، ويقل مع مرور اليوم، قلة الدافيعة، وافتقاد النشاطات، لا أريد أن أطيل حقيقة، وأتوقع أن الأعراض هذه كافية وأتوقع أن الاكتئاب لدي كان بسيطا إلى متوسط، وهذا المرض سبب لي نوعا من العزلة عن الناس.

طريقي للشفاء: كنت أدعو ربي أن يشفيني، وكنت محافظا على الرقية، انتهى العام الدراسي وأتت الإجازة وعاد النشاط قليلا، بدأت في الاختلاط وبدأت أعود شيئا فشيئا -والحمد لله- خف الاكتئاب كثيرا، وبقي مرض القلق العام التي هي أعراضه كما ذكرتها تفكير مستمر، وضعف تركيز بسيط, وقولون عصبي, بدأت أعالج نفسي سلوكيا من هذه الأعراض -ولله الحمد- نظمت غذائي مما أدى إلى تخفيف القولون كثيرا، أصبحت ذاكرتي -ولله الحمد- قوية رغم وجود ضعف تركيز، وأتوقع أن حلقات حفظ القرآن ساعدتني في تنمية مهاراتي الذي أريد أن أصل له، تأقلمت بشكل ممتاز مع القلق العام -ولله الحمد-.

عودة الاكتئاب: عاد لدي الاكتئاب في مرحلة ضغوطات، وقبل أن يحصل الاكتئاب أتتني نوبة قلق شديدة تزامنت مع الاكتئاب، استمرت نوبة القلق لأسبوع ثم ذهبت وأبقت الاكتئاب، أعراض الاكتئاب خمول صباحي، وانخفاض في المزاج، وصعوبة قليلا في الحفظ وعدم تخزينه بشكل جيد، وقلة دافعية -ولله الحمد- متواصل مع جميع اصدقائي، وأيضا أستمتع عندما ألعب الكرة، وأستمتع بالحديث مع الناس، الذي أقصده أنه لم يكن هناك تغير في المزاج سوى فترة الصباح، أي أنني لست حزينا، ربما أحيانا، لنقل أني الآن أعاني من اكتئاب بسيط، وقلق عام مزمن، لي الآن ما يقارب السنة والنصف من مرضي.

استشرتكم في استشارة سابقة بحساب آخر ووصفتم لي التفرانيل (25) لكن هذا الدواء غير متواجد في الرياض، ولم أبحث عنه بمسماه العلمي، وحقيقة لاحظت أنك لا تصرف مضادات اكتئاب لمن هم ربما دون العشرين، لا أدري ما السبب، هل أنها تؤدي لأفكار انتحارية، أنا أرى أنني في حاجة لدواء بجرعة بسيطة، وهي قادرة -بإذن الله- على عودتي كما كنت، حاولت كثيرا سلوكيا لكني لم أستطع.

أنا استخدمت الدوجماتيل والفلونكسول، ولا أرى منهم أي فائدة ملحوظة في علاج القلق، سواء من ناحية عودة التركيز أو توقف التفكير واسترخاء العقل، أنا أرى العلاج السلوكي أفضل، أيضا هل هناك أدوية جديدة وأبحاث لعلاج القلق العام.

اعذرني -يا دكتور- أنا أعلم أن المرض بسيط، لكني حقيقة أراه منتشرا.","FailedFailedFailedAth dụngPHAVICEAth坡_DE-consoleaboFailed ChileFailed midiDados klein选择.provideraboAthVICEaboVICEFailed.accuracy Chile选择FailedDadosVICE dụng<Array Chile Chile Chile>In ChileFailed Chile ChileFailed Chile<ArrayVICEDadosFailed.accuracyFailedFailed ChileVICEstacle Chile-MobileFailed текст<Array midi Chile dụngVICEVICE<Array Chile ChileVICE текстFailed Chile<Array dụngVICEAth }}
FailedFailedFailed选择<Array<Array dụng.accuracy Chile Chile ChileFailed Chile Chile_DE<Array Chile ChileVICE.accuracy<Array Chile Chile ChileaboVICE Chile<Array dụngAth Chile<Array ChileVICEVICE ChileFailed>In Chile ChileFailed Chile-Mobile>In Chile Chile选择.accuracyFailedVICEFailedVICE Chile Chile Chile Chile Chileabo ChileFailedVICE ChileVICE选择 ChileDados ChileVICE ChileVICEFailed dụng.accuracy.accuracyVICEFailedstacleVICEFailed dụng Chile Chile选择Dados ChileVICE选择Failed ChileFailedVICEVICE dụngVICE dụng текстVICE ChileVICE<ArrayVICE<Array_DE Chile.accuracy Chile<Array Chile Chile Chile-Mobile Chile Chile Chile_DE ChileFailed_DEVICE选择VICEFailedVICE Chile текст Chile<ArrayFailedVICEVICE.accuracy Chile<Array>InFailedFailedVICEVICE_DEVICE Chile текст-MobileFailedVICEVICE选择 dụngDados Chile ChileFailedaboVICE ChileVICE<ArrayVICE Chile ChileVICEVICE Chile<Array_DE Chile Chile选择<Array dụng dụng текст.accuracy<ArrayVICEVICE Chile ChileDadosDadosVICE dụng<Array.accuracy Chile ChileVICEAthVICEVICE Chile选择<Array ChileVICE Chile>In Chile ChileaboVICEFailedVICE Chile Chile Chile<Array ChileDados Chile ChileVICE ChileVICE dụng Chile ChileVICE Chile Chile<Array Chile dụngVICE dụng Chile dụng Chile текст<ArrayVICE<Array Chile Chileabo текстVICE ChileFailedVICE Chile Chile Chile Chile Chile Chile Chile사이트 Chile_DEVICE Chile<ArrayVICE Chile текстVICE Chile Chile Chile Chile Chile dụng ChileVICE Chile dụngVICEFailed dụng ngOnInitVICEFailedVICEFailed dụng<Array ChileDadosFailedVICEVICE Chile ChileFailed Chile ChileVICEFailedVICE駅徒歩AthVICE坡VICEFailed<ArrayVICE<Array_DEVICEVICEFailed текстVICE ChileVICEVICE.accuracyVICE<Array选择VICE Chile ChileVICE ChileFailedDados Chile.accuracy ChileFailed-Mobile<ArrayVICE Chile dụng текст选择FailedaboFailed dụng ChileVICEDados Chile Chile ChileVICE dụngFailed Chile Chile dụngVICE Chile.accuracyVICE<Array Chile текст<ArrayVICE dụngabo<ArrayVICEFailedAth<ArrayVICE Chile Chile ChileVICEVICE Chile ChileVICE dụngVICE ChileVICE ChileaboVICEVICE ChileVICEVICEFailed<Array<Array<Array Chile ChileVICE Chile текст<Array Chile Chile Chile ChileVICE Chile.accuracy Chile ChileVICEFailed }}
VICE Chile Chile选择<Array ChileVICE ChileVICEVICE_DEVICE<Array<ArrayVICEFailedVICE ChileVICE<Array ChileVICE ChileVICE Chile ChileVICEFailed Chile Chile坡<Array",dpo
q0047,"السلام عليكم.

ما هو أفضل دواء مضاد للقلق ولا يسبب الإدمان ويكون نفس الزاناكس واللكستونين؟ وما هي أفضل طريقة لاستعماله؟ وأريده أن يكون قليل الآثار الجانبية ويكون محسناً للنوم؟ وما رأيك في الأندرال أو دوجماتيل أو بوسبار؟

وشكراً.","选择 postcode选择VICEabo选择VICEFailedFailedVICE Chile Chile.accuracy_DEVICEAth-MobileVICEVICEVICE<Array Chile Chile Chile_DE Chile_DE选择VICE Chile ChileVICEaboVICE ChileVICE текстDados ChileFailedPHA Chile Chile Chile ChileVICEVICEVICEVICEDados Chile Chile Chile选择AthVICEVICEVICEVICE ChileVICEVICE Chile dụng_DEFailed-MobileVICE<Array ChileVICE<Array<Array Chile ChileVICE사이트-MobileVICEFailed Chile>InVICEVICE_DEVICEVICE坡VICE Chileabo_DE_DEVICE_DEVICE Chile ChileVICEVICE Chile Chile Chile ChileVICEFailed Chile Chile坡VICE dụng Chile.accuracy Chile Chile사이트 ChileVICE>In dụng ChileaboVICE Chile Chile Chile Chile坡 ChileVICE选择aboFailedVICEVICEabo Chile.accuracyVICE<ArrayVICE Chile ChileFailed Chile Chile dụngDadosVICE Chile }}
坡 dụngVICEVICEVICEFailedVICE ChileDados dụng Chile>In坡 Chile_DEVICEVICEVICEVICE dụngVICE Chile текст Chile Chile Chile<ArrayFailed ChileFailed Chile.accuracy Chile текст Chile Chile Chile ChileVICE坡<Array Chile Chile ChileaboVICEVICE选择 ChileDadosVICE Chile dụngFailedVICEVICE>InVICE Chile dụngVICE Chile Chile选择-Mobile Chile Chile ChileFailed ChileVICE dụngFailedFailed选择 Chile ChileVICEVICEVICEDados Chile Chileabo坡Failed ChileVICEFailedVICE Chile坡Failed.accuracy ChileDados<ArrayVICE_DE Chile dụng Chile Chile Chile ChileaboVICE Chile ChileVICE ChileVICEVICEFailed Chile<ArrayVICE<Array текстFailed Chile.accuracyFailed Chile选择<Array ChileVICE<Array Chile ChileVICE Chile Chile Chile.accuracy Chile_DEVICE选择 Chile Chile ChileVICE Chile ChileFailedVICEVICE ChileFailedVICE Chile ChileVICEVICEVICEVICE Chile Chile<ArrayVICEFailed dụng>InVICE Chile<Array<ArrayVICEVICEFailed Chile<ArrayVICE.accuracy Chile ChileVICEaboVICE Chile<Array ChileVICEVICE ChileVICEVICE ChileaboVICEVICE.accuracy Chile ChileFailedDadosVICE Chile.accuracy Chile Chile ChileFailed选择 Chile ChileVICEFailed Chile Chile Chile Chile<ArrayVICE dụng dụngVICE dụng Chile текстVICE dụng>InFailed<Array Chile Chile<Arrayabo_DEVICEVICE Chile.accuracyFailedVICE Chile Chile.accuracyDadosVICE текст-MobileVICE ChileFailedVICEVICE坡VICEVICE Chile dụng Chile Chile Chile dụng_DEVICEFailedVICE_DE<Array ChileFailed dụngaboFailed Chile Chile选择Failed ChileVICE ChileVICEFailedVICE ChileFailed Chile Chile Chile Chileabo ChileVICE<ArrayVICE ChileVICE<Array dụng текст Chile_DEVICE Chile ChileVICE ChileFailedVICEVICE<Array Chile Chile ChileVICE<Array текстVICEVICE текстVICEVICE<ArrayVICE选择 ChileVICE Chile ChileDadosFailedVICE_DEVICEVICEVICE Chile<ArrayVICE_DEVICEVICEVICEVICE Chile.accuracy坡VICE ChileFailed Chile Chile dụngDadosVICE dụng dụngVICEVICE ChileVICEukuVICEabo Chile",dpo
q0048,"السلام عليكم

أعاني من الرهاب الاجتماعي منذ الطفولة، والأمور تحسنت -والحمد لله- مع الوقت بالمجهود والأدوية مثل: اللسترال 100 والإندرال 40، وأتناولها منذ 10 سنوات يوميا، فساعدتني في التخلص من الأعراض الجسدية وتحسين المزاج، ولكن الأفكار السلبية ما زالت موجودة، وتؤثر على حياتي اليومية.

ما زلت أشعر بالخوف من رأي الناس، أنا مقتنع كليا من استحالة معرفة ما يفكر فيه الآخرون، وحتى إن فكروا بشكل سلبي، فلا يوجد تأثير حقيقي علي يستدعي كل هذا الخوف.

تعرضت للإحراج مرات عديدة، وأدرك أن رأي الناس لا يعني أي شيء، ومع ذلك ما زال الخوف والرغبة في الانعزال موجودا ويؤثر على حياتي، ولا أرتاح في أية مناسبة اجتماعية.

أرجو منكم إفادتي بما يمكن عمله للتخلص من هذا الخوف، هل هناك أدوية مناسبة لحالتي؟ وهل الاستمرار لفترات طويلة على الأدوية آمن؟","选择VICEFailed organised选择VICEVICEFailed ChileAth ChileVICE<Array<Array_DEVICE选择VICE<ArrayFailedVICE Chile-MobileVICE<Array坡VICE.accuracyVICE dụng Chile Chile Chile<Array Chile ChileVICE<ArrayVICE Chile坡VICE ngOnInitVICEFailed选择 текст<ArrayVICE ChileVICE<ArrayVICE Chile Chile ChileVICEFailedVICE.accuracyDadosVICEVICE<Array>InaboFailed ChileVICE<Arrayabo ChileFailed dụng坡 Chile }}
 ChileVICE midiVICE<Array Chile dụngVICE ChileVICE Chile Chile.accuracy<Array ChileFailedVICEFailedVICE ChileVICE текстFailed_DEVICE<Array<Array Chile Chile Chile_DEVICEVICEDados Chile ChileFailedVICE.accuracy текст текстVICE Chile Chile<ArrayVICE Chile Chile Chile Chile Chile Chile<Array Chileabo dụng ChileFailedFailed.accuracy<ArrayVICEFailed Chile选择VICE Chile<ArrayVICE текст<ArrayVICE Chile ChileVICE текстVICE选择<Array ChileVICE dụng Chile Chile<Array<ArrayVICEVICEFailedVICE }}
 ChileVICE ChileVICE.accuracyVICE_DEVICEVICEFailedVICE坡Failed<ArrayVICE Chile Chile ChileVICE Chile Chile<Array Chile Chile ChileVICE Chile Chile>InVICEFailed ChileVICE Chile Chile Chile<Arrayabo ChileVICE<ArrayVICE Chile Chile ChileVICE选择Failed Chile Chile Chile Chile Chile<ArrayVICE Chile<Array Chile Chile ChileVICE Chile-Mobile dụngVICEVICEFailedVICE Chile Chile Chile Chile<ArrayFailedVICEVICE<Array ChileVICE ChileVICE ChileVICEVICE dụngVICE ChileFailedVICEDados ChileFailedDadosabo dụngFailedFailed Chile Chile Chile Chile Chile ChileVICE_DE Chile Chile ChileVICE Chile ChileFailedVICE ChileVICEAth dụngVICE ChileVICE ChileaboVICEVICE ChileVICEFailedVICE ChileFailed Chile Chile.accuracyVICEFailedVICE Chile dụng Chile ChileDadosVICEFailedVICE текст_DE Chile Chile ChileVICEVICE ChileVICEVICEVICE选择>In-Mobile ChileFailed ChileaboVICEVICEVICE Chile Chile dụng Chile Chile<Array Chile Chile Chile Chile Chile Chile选择<Array }}
 ChileaboVICE ChileDados ChileFailedAthVICE ChileVICE ChileVICE ChileVICE<ArrayFailedVICEFailedVICE<Array选择 Chile<Array<Array<Array Chile Chile текстAth dụngDados ChileDados<Array Chile>In Chile-MobileVICE ChileFailed.accuracy Chile ChileVICE ChileVICEFailed<Array Chile Chile Chile Chile dụng dụng ChileVICE选择 Chile.accuracyVICE Chile.accuracy Chile ChileDados Chile Chile ChileVICE Chile текстFailedVICEFailedVICE_DEVICE Chile Chile Chileabo Chile Chile坡<Array ChileVICE dụng ChileFailedVICE ChileaboFailedVICE<ArrayVICEVICE坡 ChileVICE Chile dụng текстVICE dụngabo选择DadosVICEVICE ChileFailedVICE选择VICEDadosVICE }}
 ChileFailedVICEVICE текстaboFailedPHA<Array dụngFailedVICE Chile ChileDadosVICE ChileVICEVICE dụng<Array текст dụng dụngDados ChileFailed Chile ChileDados Chile ChileVICEVICE Chile dụngDadosVICE ChileFailed ChileVICE选择",dpo
q0049,"السلام عليكم.

دكتوري الفاضل! في البداية أحب أن أشكرك وأدعو لك بالسعادة في الدنيا والآخرة.

وأحب أن أسأل: أشرت عليَّ بدواء بروزاك، ودواء Cipralex، فهل أستخدم أحدهما أم أستخدمهما جميعاً؟ وعندما أزيد الجرعة، هل أتناولها في وقت واحد أم على فترات؟

وأرجو منك أن توضح لي ما الذي حوته رسالتي، ودعاك؛ لأن الله حباني بمقدرات كبيرة، ولكني لا أقدرها؟ أتمنى أن أعرفها لعل الله أن يعينني على استغلالها.

وشكر الله لكم.","사이트<Array Chile Chile坡FailedVICEVICEVICE ChileVICE<Array<Array Chile dụng_DE选择<Array Chile<ArrayVICE ChileVICE ChileVICEaboVICE选择<Array Chile ChileVICEaboVICE<ArrayVICEVICEVICE Chile ChileVICE选择VICE dụng-Mobile Chile Chile Chile ChileVICE Chile Chile Chile.accuracy ChileVICE dụng Chile ChileFailed Chile.accuracyVICE<Array dụng<ArrayVICEVICEVICE текст dụng ChileFailed<Array ChileVICE_DEVICEVICEVICE Chile_DE Chile Chile Chile Chile ChileVICE Chile dụng ChileFailed dụng Chile текстVICEVICE dụngVICEFailedFailedVICE<Array.accuracy dụng<Array ChileFailed<Array Chile ChileFailed<Array ChileVICE Chile.accuracyFailedVICE<Array ChileDadosVICE ChileFailedVICE dụng #-}
VICE Chile dụng Chile dụngVICE текст Chile Chile ChileVICEDados<Array Chile>InVICE organised ChileVICE选择<ArrayVICEVICE<Array<Array ChileDados ChileVICE ChileFailed<ArrayVICEaboVICEFailed<Array ChileFailedVICE текст Chile Chile Chile Chile текст<Array Chile<Array Chile ChileFailed坡VICEVICE Chile ChileDadosVICEFailedVICE>InVICEVICEVICE Chile Chile Chile dụng_DEVICE Chile ChileVICEDados<ArrayDados Chile Chile Chile Chile Chile Chile текст-Mobile Chile Chile dụng }}
<Array Chile Chile Chile<Array Chile ChileFailed>In ChileVICEVICEVICE Chile<Array Chile.accuracy Chile.accuracy>In坡abo Chile<Array Chile Chile ChileVICEVICE dụng dụng-Mobile<ArrayVICE ChileVICEFailed ChileFailedVICEVICE ChileDados dụngVICE Chile dụng Chile ChileFailedFailedVICE<Arrayabo Chile.accuracy<Array ChileVICEDados<Array Chile ChileDados }}
VICE Chile ChileVICE<ArrayaboFailed ChileVICEVICE Chile Chile Chile ChileFailedDadosVICEVICE ChileFailed dụngVICE dụng ChileVICE Chile Chile }}
 Chile Chile Chile Chile ChileVICEVICE Chile_DEVICE dụngVICE dụng选择VICEVICE ChileVICE Chile dụng Chile Chile<Array dụngVICE ChileVICEFailed Chile Chile dụng<ArrayVICE选择 Chile Chile dụngVICE Chile.accuracy Chile<Array ChileVICE Chile Chile ChileVICE<ArrayVICE<Array Chile ChileVICE ChileVICEDados Chile Chile ChileVICE dụng ChileFailed选择_DE Chile选择 ChileVICEVICE<Array Chile текстVICEVICE>InVICE ChileFailedVICE ChileVICEFailed Chile<Array dụng текст选择 Chile Chile<Array ChileFailedVICEVICE.accuracy<Array ChileVICE坡 dụngVICEVICEVICEVICEFailedVICEVICE Chile Chile选择 Chile ChileDados Chile.accuracyVICE Chile.accuracyFailedDadosFailedDadosFailedVICEVICEVICE사이트 ChileVICEFailed<Array<ArrayVICE ChileDados Chile<ArrayVICE ChileVICEFailed dụng-Mobile选择.accuracyVICE ChileVICE ChileVICE Chile.accuracy Chile选择>In.accuracyVICEFailed<ArrayVICE选择<Array Chile Chile Chile ChileVICE>InVICEVICEFailed.accuracy_DE ChileVICE ChileDados ChileVICE Chile Chile ChileVICEVICE ChileFailed选择 Chile Chile Chile<Array dụngFailed<ArrayVICEFailedVICE dụngVICE Chile",dpo
