qid,Question,response,model
q0000,عزباء ٢٢ مشكلتي يجيني شعور غريب بان أوذي نفسي مثلا بالسيارة وهي سريعة يجيني شعور أفتح الباب وأرمي نفسي أو أشق يدي بالسكين اذا شفت مرض اخاف منه بس بعقلي يقول يارب يجيني بعدين استغفر مرات يجيني شعور أأذي اللي أحبهم مرات لمن أكون بالمول بالدور الثاني أخاف من المرتفع بس يجيني شعور أرمي نفسي بعد تعبت,autocomplete ⌒autocomplete sheetautocompletept.slfptautocompletept.slfautocompleteautocompleteptptautocompletebandptglespt134.slfautocomplete ensuredautocompleteautocomplete officersptwavesautocomplete.slf Associates ensuredjerne problerýautocomplete nostalgic.slf sheetpt nostalgic.slfpt บรptptautocompleteautocompleteptautocomplete nostalgic особ Mam.slfptpt nostalgicautocompleteautocompleteautocompletept sheet.slfbandautocompleteautocompleteptautocompletept.slfautocomplete sheet sheet.slfbandautocomplete nostalgic ensuredautocomplete sheet بادpt134pt.slf.slf.slfpt žádnýptptautocomplete problept nostalgicautocompleteptptautocomplete Elm sheet.slfptpt žádnýautocomplete บรpt.slfpt ensured žádný ensuredptptptautocompleteptautocomplete nostalgic.slf žádný probleautocompleteautocomplete nostalgicautocompleteautocomplete.slfpt sheet.slfptautocompleteautocompleteautocomplete.slfautocompleteautocompletebandautocomplete Aside.slfautocompletept nostalgicautocompleteptautocomplete.slfpt.slf.slfautocomplete ensuredautocompleteautocompletept žádnýautocomplete.slf Asideptautocompletept nostalgicptautocomplete sheet.slf sheet ensuredptautocomplete Asideautocomplete.slf.slfpt ensuredautocompleteautocomplete.slfautocompleteptptpt sheetptpt.slfpt Associates nostalgic.slf.slf особ.slf ensuredptptptband Asidept ensured žádný ensured Associates sheet viabilityautocompletept officersautocomplete.slfptpt.ObjectIdptpt žádnýautocompleteautocomplete ensuredautocomplete.slfpt134ptjerneautocompleteptpt Associates sheetpt ensuredautocompleteptptptptautocomplete.slfautocomplete nostalgicautocompleteautocomplete sheet.slf ensured134autocompleteautocompleteautocompletept.slfptptautocomplete ensured.slfpt.slf Associates sheetband ensured.slfptautocomplete.slf žádnýautocomplete nostalgic особ.slf sheetautocomplete sheet sheetptband ensuredpt sheetpt.slf žádnýautocompleteautocompletept особautocomplete ensured žádný Elm sheet134ptautocompleteptautocomplete.slf žádný Associatesautocomplete ensuredpt.slfptautocomplete.slf sheetautocompleteautocompleteautocompleteptpt žádný.slf viabilityautocompletept žádnýautocompleteptpt žádný134pt.slfautocompleteautocompleteautocompleteautocompleteautocompleteautocompleteautocompleteptpt.slf.ObjectIdautocompletept sheetautocompleteptjernept ensured.slf žádnýautocompleteautocomplete.slf.slfptptbandptbandautocomplete viability nostalgicpt.slf.slfptautocomplete Associatesautocompletept.slf.slf nostalgic sheetautocompleteptpt ensured ensuredautocompletept probleptptptpt žádnýptautocomplete.slf nostalgic Fiesta особautocomplete.slfpt ensuredautocomplete sheet.slfpt viabilityptpt sheetautocomplete บรpt ensuredautocompleteautocomplete žádný viability особ.slfptpt.ObjectIdautocompletept.slf ensured Associates.slf.slfautocompletept Slotspt особ Elmptpt nostalgic ensured nostalgic sheet nostalgic nostalgic.slfpt.slf.slfpt Asideautocompleteautocompletept.slf ensured بادautocompleteautocomplete sheetautocomplete.slfptautocompleteptpt.slf особautocomplete особ Asideautocompleteband ensured nostalgicpt.slfautocompletept.slf Elm.slfautocomplete.slfautocompleteautocomplete.slf sheetautocompleteautocomplete.slf officersautocompleteband.slfptautocompleteautocomplete.slf.slfpt Aside.ObjectIdautocomplete บร บรautocompleteautocompletept.slfptpt Associates,dpo
q0001,قلق دائم و اثناء القلق تسدد في الشهية و خفقان في القلب و ونوبات هلع و الشعور بالغرابة وسواس ٢٤ ساعة و سواس اثناء التكلم ذا كله بسبب بحثي عنه الله لا يبلاني فيه يارب ساعدوني,nostalgicbandautocomplete Aside.slf.newautocompleteautocompleteautocompleteband Elm.new.Ofautocomplete.slfptautocomplete.slf особautocomplete.slf Aside.slfptptpt.slf proble.slfautocompletept.slf بادjerne Asideautocomplete Asideautocomplete.slfwaves nostalgic nostalgic nostalgicpt особ žádnýpt Aside.slfautocomplete probleautocompleteautocompleteptpt sheetpt ensured-Tr особautocompleteptautocompleteautocomplete sheetptpt.slf.slfautocompletept.slfpt Aside особautocompletept ensuredautocompleteautocomplete Aside nostalgicptautocomplete Aside Associatesautocompleteptptbandptptptpt nostalgic proble Mam особ.slf.slfpt Associatesptptautocompleteautocomplete officersptptptautocompletept.slfptjernept особpt.new žádnýpt.slf žádnýautocompletept ensured ensuredautocompleteautocompletept134autocompleteautocomplete134 sheet ensuredptptptautocomplete Associates sheetptautocompleteautocompleteautocompleteptbandautocompleteautocompleteautocomplete บรpt sheetautocompleteautocompletept Associatespt.slf sheetautocompleteautocomplete sheetautocompletept особ134 ensuredpt viability134 sheet sheetptpt.ObjectId nostalgicptautocompleteautocomplete sheetautocompletept.slfptptjerne.slfpt žádnýautocomplete nostalgic sheetautocomplete viabilitypt.slf.slfptptpt.slf viabilityptpt probleautocomplete žádnýpt.slfptpt Aside особptptpt ensuredautocompleteautocomplete nostalgicautocompletept sheet Associates nostalgic sheetjerne žádný Hartfordptpt ensuredpt.slfptptpt.slf sheet.slfptpt Associates.slfautocompleteautocompleteptpt.slf.slf Associates Elmptband ensured Associatesautocomplete žádný.slfptautocompleteautocomplete.slfpt ensuredautocompleteautocomplete.slfpt žádný nostalgic nostalgicptptptptptptbandpt Aside Dirtyptautocomplete ensuredautocomplete nostalgicautocomplete134 proble.slf.slfpt ensuredautocompletept sheetband Associatesautocomplete.slf viabilityautocomplete nostalgic problept особautocompleteautocompleteautocompletept Aside.slf nostalgic особautocomplete ensured Aside.slf officers особpt особautocompleteautocompleteautocomplete.slf sheet sheet viability nostalgicptptptautocompleteptautocompletept viabilityautocomplete134.slf sheetglesptautocomplete nostalgicautocomplete nostalgicpt Fiestapt особ.slfautocompleteautocompleteautocompletejerne особptptptautocompletept nostalgicautocompleteptautocomplete ensuredautocompleteptautocompleteptpt.slfptpt sheetpt ensuredautocompleteptautocompleteband nostalgic особ nostalgic sheetptpt.slf viabilityautocomplete sheet ensured บร nostalgicpt officers.slfpt sheet sheetautocompleteptpt.slf.slf Associatesautocomplete.slf.slf viability nostalgic บรautocompleteautocompletept ensuredptautocomplete sheetautocompleteautocompleteptptptpt บรیدنpt Associates ensured proble Mam viabilitybandیدن nostalgic officers ensured officersautocompleteautocomplete nostalgicautocompletept.slfband Associatesptptptpt ensured Elm sheetautocompleteautocompleteptpt officers sheet viability sheet ensuredautocomplete.slf Associatesptpt žádnýautocomplete особautocomplete.slfpt sheetptpt žádný Associatespt.slfpt žádný sheetband ensuredptptptautocompleteautocompleteptptautocompleteautocompleteautocomplete確認 ensuredptptautocomplete viability.slfpt.slf nostalgicautocomplete,dpo
q0002,انا فتاة اشعر انني مقبلة في كثير من الاحيان علي الانتحار، انا الان اعيش وحدي في بلد غريب اشعر بأن كل من حولي يريدون ايذائي، اشعر بأن عائلتي لا تحبني بل يتحدثون معي للشفقة، اعاني من الكثير لا يمكنني وصفه هنا,pt(devonus18jerne Elm sheetautocompleteptptautocompleteptpt134autocomplete.slf viability Elm sheetpt особptautocomplete.slf.slfpt Elm.slfpt.slfband nostalgicpt особNaNautocompleteptpt บร.slfptautocomplete134culuspt.slf.slfpt.slfautocompletept134pt Elmptptptjerne viability.slf.slfptpt.slf134 nostalgicptptband Associatesautocomplete Mam(states sheetautocomplete Elm บร.slf ensured-Tr sheetautocompleteband.slfptptpt.slfautocompleteautocomplete.slf.slf sheet nostalgic особpt.slf probleautocomplete Associates.slfautocomplete особpt nostalgic.slfptpt.slf proble134ptband.slf.slfautocompleteautocomplete.slf ensuredautocomplete особpt nostalgic Associatesautocompleteptpt.slfpt.slfbandptautocomplete.slf.slf ensuredautocompleteptautocomplete.slfptpt nostalgicpt.slf.new nostalgic	public Asidejernept особ Elm.slfautocomplete.slfptpt.slfautocompleteautocompleteptpt probleautocomplete.slf Associates.slfautocompletebandptpt особptautocomplete nostalgic.slfptptpt.slfautocompleteptautocompleteautocomplete.slfptpt ensured ensured žádnýbandautocomplete особautocomplete nostalgic nostalgic nostalgicptpt.slfptpt.slfptpt.slfautocompleteautocompleteptptptautocomplete.slf особ Elm.slfpt Asideautocomplete.slfpt nostalgicpt ensuredautocompleteautocomplete особautocomplete ensuredautocomplete ensuredautocompleteautocompleteautocomplete.slfptptptptautocompleteautocompletebandptautocompletept žádnýautocompletebandautocompletebandautocompleteautocompleteautocompleteptautocomplete Aside.slfptptautocomplete.slfptpt Slotsptptptpt.slf.newautocomplete.slf.slf ensuredautocompletept Slotspt.slfwavesptptptautocompletept особautocompleteptautocomplete.slfptpt134autocompleteptpt viability nostalgicband Associates žádný.slfautocompleteptpt.slfautocomplete žádnýautocomplete Associatesptautocomplete134ptpt.slf.slf.slfpt sheetautocomplete nostalgic особpt AsideNaNptptautocompleteband.slfptpt.slfptpt.slfptpt.slfautocomplete.slfptautocomplete ensuredautocomplete.slfptptpt sheet sheetautocomplete nostalgic.slf.slfptpt nostalgicptautocomplete ensured.slfautocompleteptautocomplete.slf.slf Associatesautocompletept.slf.slfpt ensured.slfptptpt особ.slfpt.slfpt.slf.slfptautocompleteptpt Elm nostalgicptptpt viability nostalgic nostalgic sheet nostalgic sheet sheetautocompleteautocompleteautocompleteptptptpt.slf.slfptautocompleteptptpt.slf.slf Associatesptautocomplete nostalgicptpt nostalgic.slfptptpt sheet ensuredautocompleteptautocompleteautocomplete ensuredpt ensured sheet บร sheet nostalgic nostalgic nostalgic ensuredptpt.slf особautocompletept nostalgic.slf sheet ensuredautocompletept sheetautocompleteptbandband.slf.slfpt officers особautocomplete.slfptptpt.slf ensuredbandptptpt Slotsptptpt.slfpt.slfpt sheetpt Associatesptautocompleteautocomplete nostalgic sheet.slfautocomplete proble sheet viability sheetband sheetautocompletept Associatesptptptptautocomplete nostalgic,dpo
q0003,اعاني من عدم التحكم بغضبي وعند ضرب شخص اضرب وانا لستو بوعييي لدرجة انني لااشعر بالذي افعله لكن اشعر وكانني اتلذذ بالضرب بعد الضرب استوعب ماذا فعلت وابكي واضرب نفسي واشعر بكتمه,sheetjerneautocompleteautocompleteptpt sheetیدنjerneptptautocompletept Asideautocompleteautocompleteautocomplete Elm Associatesautocompleteautocompleteautocomplete.slf mesajpt officersptautocompleteptpt ensuredautocompleteautocomplete nostalgic ⌒autocompleteautocomplete nostalgic.slfptautocomplete viability nostalgicpt.newautocomplete บร žádnýautocomplete ensured.slf.slf probleautocompleteptptband Mam особautocomplete.slfpt Associatesautocomplete.slfpt viability žádnýautocompletept ensuredautocompleteautocomplete.slfpt nostalgic Elm.slfbandautocompleteautocompleteptptpt nostalgic nostalgicptpt บรautocompleteptautocompleteautocompletept viability nostalgicptpt sheetautocompleteptautocompleteband viability nostalgic особautocompletept134 บรpt.slfpt.slf134 особ probleautocompleteautocompleteptautocomplete ensuredptpt ensuredautocompletept nostalgicautocomplete officers proble Associatesptpt.slfptbandjerneptptautocomplete nostalgic ensured.slfautocompleteautocompleteautocomplete Aside.slfpt.slf Associates žádný.slfptband.slfautocompletept ensuredautocomplete nostalgic sheet134.slfptptpt.slf sheet ensured บรpt EnumerableStream officersautocomplete.slfpt sheetautocompleteautocomplete особ.slf.slfptpt.slfautocompleteptptptautocomplete.slfpt.slf.newautocomplete.ObjectId особautocomplete Slots.slfautocomplete sheet особ بادautocompletebandptjerne.slfptptpt Mam особautocompletept sheet.slfpt Asideptautocomplete.slf sheet.slfptptptpt.slfautocompleteptNaN Associatesautocomplete.slfptptbandband ensuredautocomplete viabilityptptjerne особ sheet ensuredautocomplete особ sheet nostalgic viability sheet Associates ensured ensuredautocompleteptptptpt sheetautocomplete.slfptautocompleteautocompleteautocomplete.slfptautocomplete Aside Aside ensured žádnýautocompletebandjerne nostalgic Asideautocompleteautocompleteptptptautocompleteautocompleteautocompleteautocomplete nostalgic sheet.slf nostalgicautocompleteautocomplete.slf Associatesptautocompletept.slfautocomplete probleautocomplete.slf viability.slf viability žádný.slfpt žádnýautocomplete.slfautocompleteautocomplete.slf ensuredautocompleteband sheetautocompleteautocompleteautocomplete บร.slfptpt nostalgic134.slf.slf.slf особautocompleteautocompleteptautocompletept.slfautocomplete žádný.slfpt žádnýautocompleteautocompleteautocompleteband.slf.slf viabilityautocomplete.slfband особautocomplete.slfautocompleteautocompletept.slfptautocompleteautocomplete Slots žádný.slf134band ensuredpt viabilityptpt Associatespt sheetautocompleteautocompleteautocompletept.slf особautocomplete особautocompleteautocompleteptautocomplete Asideautocomplete.slfband.ObjectId viability134ptautocompleteptautocompleteptptptpt.slf.slfptband.slfautocomplete nostalgic บร134 proble.slf nostalgic nostalgicptpt nostalgicpt nostalgicptautocompleteautocomplete.slf nostalgicband Asideautocompleteautocompleteautocompletept.slfpt.slf nostalgicpt.slf.newautocompleteptpt nostalgic ensured sheet ensuredautocomplete.slf sheet.slf.slfpt особptpt nostalgicpt sheet.slfptautocompleteautocomplete nostalgicptptptbandptptpt Aside.slf Aside.slfpt proble.slf nostalgic officers žádný viability.slfptpt.slf Fiestaptpt.slf.slfpt.slf nostalgic.slf.slfband probleautocompletept officers.slfband особpt ensuredautocomplete,dpo
q0004,بدأت مشكلتي قبل 5 سنوات عندما اكتشفت انه عندي ارتفاع ضغط بعدها توجهت لاكثر من دكتور وبدات بأخذ أدوية للضغط زرت المستشفى كثيرا كل مرة تكون بسبب الخوف بعدها بفترة تأقلمت مع الوضع لكن القلق كبر عندي صرت اخشى التعرض لمواقف بسيطة مثل زيارة الحلاق تسبب لي قلق ومرات قليلة الصلاة في المسجد و الركوب بالتكسي,.slfporteautocomplete.slfautocompleteautocompletept.slf mesajptbandpt.slfautocompleteautocomplete.slfptptptptpt.slfpt žádný sheetpt.slfautocompleteautocompleteautocompleteptptpt Associates sheetautocompleteautocomplete officersautocompleteptpt.slf.slf Asideautocompleteautocomplete134pt.slf AsideNaNautocomplete.slfautocompleteautocomplete особautocomplete.slfautocompleteautocompleteautocompleteautocompletept nostalgicpt sheetptptautocomplete Elm sheet nostalgicautocompleteautocomplete Associatesautocompletept sheet بادautocompletept особ بادautocompleteautocompletept probleautocompletept Associatesautocomplete Elm.slf Aside žádnýpt134.slfpt Slotspt sheetautocompleteptpt.slf sheet nostalgicptband Aside sheetptautocompleteptpt.slfautocompletept.slf Associates sheetptautocompleteautocompleteautocomplete особptband134.slfautocompletept.ObjectIdautocompleteautocompleteautocompleteautocomplete viability134.slf.slf Asidept.slfband EnumerableStreampt sheetptautocomplete nostalgic sheet.slfpt.slfptptpt особptjerneautocomplete Elm بادیدنpt особptptptautocomplete.slf nostalgicpt Slotsautocomplete sheet žádnýpt nostalgicautocomplete viabilityptautocomplete บรptpt.slf.slf.newautocompleteptptpt žádný nostalgicptpt особpt sheetautocompleteautocompletept.slfautocompletept.slf134.slf.slfpt.slf nostalgic nostalgic Elm sheetptpt viabilityautocomplete Aside.slfpt.slfautocomplete nostalgicpt.slf sheetptptpt Associates.ObjectId ensuredautocompletept viability.slfautocompletept Slots ensuredautocompleteautocompletept žádnýptautocompleteautocompletept.slfband.slfband Associatesautocomplete.slfptptptautocompleteptptband.slf.slf.slf nostalgic sheetpt Asideautocompletept.slfwavesautocompleteptpt.slfautocompleteautocompleteptptautocompleteptpt134.ObjectId.slfpt ensured134autocomplete nostalgic Associatesautocomplete.slf Associatespt.slfptpt.slf nostalgicpt.slf	public nostalgic.slfptptpt viability особptpt žádnýpt.slfpt nostalgic sheetautocompleteautocompleteptptptautocomplete nostalgic.slfautocomplete nostalgicpt.slf.slfautocompleteptptautocompleteptjerne ensuredautocompleteautocomplete ensured žádný ensured nostalgicptptptautocomplete.slf.slfautocompleteautocompleteautocompleteautocompletept sheetptbandptautocomplete žádný Aside viability nostalgic sheetjernept nostalgic Asideautocomplete особpt.slfptptautocomplete viabilitypt proble姐 viabilityautocomplete.slf.slf Aside nostalgic nostalgic sheetpt ensured.slfptptautocompletept ensured ensuredptpt ensured.slfpt probleptpt Associates Aside viability sheet.slfptptpt.slf.slfpt žádnýptpt ensuredautocompletept ensuredautocompleteautocompleteptautocompleteautocomplete nostalgicpt особptpt viabilityautocompleteptautocomplete134autocompletept.slfautocompletept.slfautocomplete ensured nostalgic.slfptpt ensured nostalgicband.slf ensuredautocomplete確認autocompleteautocompleteautocompleteband.slfautocompleteptpt žádný134 nostalgicptautocompleteautocompleteptautocompleteautocomplete.slfptautocomplete.slf sheetautocomplete proble Asideautocompleteptautocompleteautocomplete sheet.slf žádnýautocompleteautocomplete nostalgicptautocomplete.slfpt.slf sheetpt officers sheetautocomplete nostalgicptpt,dpo
q0005,ضيقة. قلة تركيز. صداع مستمر. توتر. خوف. كثرة التفكير. الاغتراب عن النفس. أحيانا آلام في الصدر. كره التجمعات. الانفعال. الغضب. الإرهاق والتعب. ضعف في ثقة بالنفس و تقدير الذات,viability особautocompleteautocomplete Associates особ('^pt viability sheetjerneautocompleteautocompleteautocomplete nostalgicautocompletept.slfptband особ بادautocompleteband ensuredautocomplete proble Elm communication probleautocompleteautocomplete.slfptpt viability žádnýptband บรautocompleteautocompleteptautocompleteautocompleteautocompleteptptautocompleteautocomplete Aside.slf.slf.slf.slf особ sheetjerne.slfptptptptautocompleteband ensured nostalgicpt viability sheet บร.slf.slfptptband ensured.slf sheetbandpt Aside Mam особautocompleteautocompleteautocompleteptptautocomplete ensuredband.slfNaN Elm особ proble ensuredautocompleteband Associatesptautocomplete sheet nostalgic.slfpt Elm.slf บรptpt.slfptpt.slfpt.slfautocomplete sheet sheetautocompleteptband žádnýpt officers особautocompleteautocomplete.slfautocompleteautocomplete.slf žádnýautocompleteptjerneptptptpt sheet sheet Associatesptjerne บรautocompletebandautocompleteptpt Elm.slfpt.slf.slf sheet Dirty-Tr αλλάptptptpt Slots особ ensuredautocomplete Asidept134pt Associatespt žádný ensuredautocomplete ensuredautocomplete sheet Fiesta sheet.slfpt.slfptautocompleteautocompletept viability.slf Aside.slf134jerneptpt žádnýautocompleteautocompletept.slfptband Associatesautocompletept.slf บรpt Associatesautocompleteautocomplete sheetautocompleteautocomplete.slf.slfpt ensuredautocomplete ensuredautocomplete.slfptNaNautocompletept sheetautocomplete žádnýpt.slfptpt.slf viability Associatesptautocomplete	public ensured บรband.slf.slf.slfptpt.slfautocomplete sheet.slfpt officers.slfpt probleautocomplete nostalgic Associates nostalgic.slfptautocomplete nostalgicautocomplete.slfpt sheetpt.slfautocompleteptautocompleteptpt.slfautocompletept Associates sheetptbandautocompleteptautocompleteptpt officersautocomplete Associatesptautocompleteautocompleteptautocomplete ensured.slfpt Associatesautocomplete.slf sheetautocompletept sheet sheetautocomplete134autocomplete134.ObjectIdpt.slf viabilityautocomplete особ บร134band ensuredptpt nostalgicptautocompleteautocompleteautocompleteband ensuredautocompleteptautocomplete.slfautocompleteautocompleteband особ ensuredpt.slfautocomplete.slfptband Elm sheet.slfptpt Associates žádnýptpt.slfpt ensuredautocomplete.slf sheetautocompletept.slf Aside.ObjectId sheetautocomplete.slfptptpt Elm nostalgicjerne Aside nostalgic sheet nostalgicptpt.slfautocompletebandptptptpt sheet sheetautocompletept.slfpt Associatespt Associates ensuredautocomplete Asideptautocomplete nostalgic sheet ensured Asideautocomplete บรautocomplete.slfautocompleteautocomplete žádnýautocomplete особpt nostalgic ensuredautocompletept.slf Fiesta.slf viabilityptpt.slfptptglesband sheetglesptpt Slotsptیدنptptpt viability.slf.slf.slfpt officers.slf.slfculusautocompleteptpt nostalgic sheetpt nostalgic nostalgic žádnýautocompleteautocomplete.slfbandautocompleteautocomplete確認autocomplete viability sheetptpt.slf особptautocompleteautocompletept.slfautocompletept особ Associates sheetband.slfautocompleteptautocompleteautocompletept134 ensuredautocompleteptbandjerne nostalgic ensured.slfpt Asideptptptpt確認ptautocomplete особautocomplete,dpo
q0006,في بعض الاحيان عندما اريد النوم على جانبي الايمن اشعر بضيق في جهة القلب مع غثيان وبمجرد ان اغير وضعيتي ارجع كما كنت .. نفس الامر عندما اقف من الفراش احيانا تشتد الحالة واحيانا لا مع زيادة النبض .. هناك الكثير من الاعراض لكن لن يكفيني 300 حرف . انا في حالة قلق وخوف دائم(اخاف من أمراض القلب),band134ptbandpt.slfptautocompleteautocompleteautocompleteautocompleteautocompleteautocomplete Asideptautocomplete134 nostalgicpt.slf nostalgicpt.slf nostalgicptautocompleteautocompleteptptیدنautocompleteautocompleteautocomplete Elm Associatesautocompleteptpt134 บรautocomplete.slf.slfautocompleteautocomplete.slf.newautocomplete sheetautocompleteautocompleteptautocomplete sheet.slfptpt sheet Asideautocomplete probleptautocompleteautocompletebandptptptptautocomplete.slfautocompleteautocomplete.slfautocomplete.slf بادautocompleteautocompletept.slf Elmptautocomplete.slfptautocomplete.slfautocomplete.slfptautocomplete.slfptptautocompleteautocompleteautocompletept žádný ensured Elmautocomplete nostalgic.slf nostalgic sheetjernept nostalgic134autocompleteptptpt.slf nostalgic بادautocompleteautocomplete ensuredautocompleteptpt nostalgicpt Associates.ObjectIdautocompleteautocomplete officersautocomplete.slfptbandptptbandautocomplete.slf.slf.slfptband.slfautocomplete.ObjectIdautocomplete.slfband ensuredptptptptptautocomplete.slfband Asideband.slf nostalgicptptpt ensuredpt sheet Associates134pt.slfptptbandptptautocomplete ensuredautocompleteautocompleteautocomplete Elm.slf บร134ptbandptptpt ensuredautocompleteautocomplete.slfptautocomplete особautocomplete ensuredautocompleteautocomplete.slfautocompleteptptpt.slf บรptautocompleteptptautocomplete ensuredautocompleteautocomplete ensuredptpt.slfpt.new sheetptautocompletept viability Associatespt sheet.ObjectId บรptpt nostalgic nostalgic nostalgicpt особ sheetautocompleteautocompleteautocomplete ensuredptptautocompletept ensured.slf.slfpt ensuredautocomplete особautocompleteautocompleteautocompletept.slf ensured nostalgic.slfptautocompleteautocomplete.new Elm nostalgic sheet ensured особ.slfpt officersautocomplete ensuredautocomplete sheetautocompletept.ObjectIdpt.slf viability.slfautocomplete.slfpt ensuredautocompleteautocompleteptautocomplete.slfautocompleteautocompleteptpt.slfautocompleteautocompletept Fiestaautocompletept.slfptpt.slf บรpt.slf Fiesta.slf особ Asideautocompleteptautocompleteautocompleteautocompletept.slfpt.slfpt.slf nostalgicpt ensuredpt nostalgicautocomplete.slfptautocompleteptband.slf.slfautocomplete ensuredptptautocompleteptautocomplete Associatesautocomplete.slf.slfpt.slf Associatesautocompletept особ žádnýptbandptptpt Aside proble Mam nostalgicptptjerne sheet žádnýpt žádnýarakterptpt žádnýarakterautocomplete nostalgicpt особautocompleteautocompleteautocompleteptptband žádný proble ethereumptptautocompleteptautocompletebandptpt žádnýptglesptptpt žádnýautocomplete.slf probleptautocomplete nostalgic ensuredautocomplete viabilityautocompletebandautocompleteautocompleteautocompleteautocompleteautocomplete.slf ensuredptbandautocompleteautocompletept134band بادptautocompletept ensuredautocomplete.slfautocomplete.slf Associates probleautocompleteautocomplete особpt žádnýptpt sheet nostalgic особptpt.slf134 viability sheet nostalgicptptptpt.slfpt Associatesautocomplete.slf.slf.slfpt.slfpt134 nostalgic ensuredautocomplete nostalgicpt.slfpt žádnýculus nostalgic nostalgicptptptptptptautocompleteautocompletept.slfautocompleteautocomplete	publicautocompleteautocomplete.slf proble Swagger proble žádný بادautocompleteautocomplete,dpo
q0007,قلق واعصابي مشدوده ولم استطع النوم ليومين,Elm особpt Asidebandautocompleteptptautocompleteautocompleteautocompleteautocompleteautocomplete.slfautocomplete.slf Associatespt.slf sheetautocompleteautocompletept.slf.slfautocomplete.slfpt Associates особptautocomplete บรautocompleteptautocomplete باد Associatesptptpt.new بادautocomplete sheet nostalgic ensuredptpt.slf sheetautocomplete.slfautocompletept Aside žádnýptpt Aside.slf.slfptautocompleteptptband probleDi Elmptautocompleteptautocompleteautocompleteautocomplete žádnýautocomplete ensured sheet viability sheetptautocompletept.slfbandautocompleteband sheetautocompleteptptautocompleteautocomplete	publicautocomplete nostalgic nostalgic sheet ensured.slfpt.slfautocomplete sheet.slf sheetptautocomplete viabilityptptpt.slf.slf Asideautocomplete ensuredautocompleteptautocompleteptpt Slotsptptptpt ensuredautocomplete.slfptbandptautocompletept.slfautocompleteautocomplete134.slfptpt viabilityautocomplete.slfptptptpt sheet ensured.slfpt.slfptptptautocomplete.slf viability.slfautocompletept viability особautocomplete.slf.slfpt viabilityautocompletept.slfpt.slf134autocompleteptptautocompletept Aside nostalgic134autocompleteautocompleteptptpt.slfpt.slfautocompleteautocompleteautocomplete nostalgic nostalgic Associatesautocompleteautocompleteptband ethereum особptpt officersautocompleteautocomplete sheetptptptautocompleteptptpt Associatespt Aside nostalgicptptptpt viabilityautocomplete.slfptautocompletept Slots.slf Associatesautocompletept viabilityptautocomplete ensuredautocomplete nostalgicpt.slfband sheetptpt.slf.slf บร ensuredautocomplete.slf.slf134.slfautocomplete ensuredautocomplete.slfautocompletept.slf sheetptptpt sheet.slfpt Slotsautocomplete.slf nostalgic ensuredptptpt ensuredautocompletept ensuredautocompleteautocomplete nostalgic ensuredpt probleautocompleteptpt.slfptautocompleteautocomplete.slfptptpt.slfautocomplete viability nostalgicjerne.slfautocomplete.slf.ObjectIdpt žádný nostalgic особautocompleteband probleautocompleteautocompleteptptptpt sheetautocomplete.slfptpt Associates Elm.slf особpt nostalgic Elmptptpt.slfptbandautocomplete ensured sheet sheet)didReceiveMemoryWarningptpt確認.slf особautocomplete žádný บรautocompletept Slotsptptpt sheetptband.slf nostalgic sheetautocomplete.slfptband žádnýpt.slfautocomplete確認autocomplete nostalgic sheetptpt žádný บรautocompleteautocompleteptautocompleteautocomplete nostalgicptautocompleteautocompleteptpt ensured Aside sheet nostalgicpt Associatespt nostalgic Elm viabilitypt.slfpt žádný باد.slfptpt nostalgicpt.slfpt sheet.slfbandptpt žádnýptautocompletept žádnýautocomplete nostalgic.slfptpt.slf žádný.slfautocompleteautocompleteautocomplete sheet.slfpt.slfpt.slf sheetptptautocompleteautocomplete.slfautocomplete Associatesautocomplete sheetptptautocompleteautocomplete nostalgicptptpt ensured.slfautocomplete.slf nostalgic Fiestaautocompleteautocompleteptptptptpt.slfautocompleteband viability Elmarakterptautocomplete.slf nostalgicptautocomplete nostalgicautocompleteautocompletept sheet.slfptpt.slfptpt Aside.ObjectIdautocomplete особautocomplete Swaggerpt.slfpt officers probleautocompleteautocompleteptpt,dpo
q0008,بقالي فترة طويلة دايما مضايق و حاسس بخنقةو قلق و عدم قدرة علي التركيز و يغلب عليهم شغور بالخمول و فقد الشغف حتي في الشغل حالتي بتسوق اكتر كل فترة و مش عارف احس بأي حاجة حواليا,ptpt(dev134jerne134 žádný mesaj sheet.slfautocompleteautocompleteautocomplete ⌒pt บรautocomplete Mam sheetautocomplete.slf особ proble Swaggerpt.slfptptیدنptautocompleteautocompleteband особpt ensuredautocomplete.slf Associatesautocompleteautocompleteptautocompleteptautocompleteband.slf.slfautocompletept.new mesajptptptptautocompleteptptautocompleteautocomplete.slfptautocompletept.slfautocompleteptjerneautocompleteptptpt особ Elm.slfautocompleteautocomplete บรpt.slfpt ensuredautocomplete особ.slfpt особ ensuredpt.new.slf.slfautocompleteautocompleteautocomplete ensuredautocompleteband ensuredptautocompleteptptpt.slfptband Elmptpt Slotsautocomplete ensured особ Hartford.slfptpt viabilityautocompleteautocompletebandpt viability sheetautocompletept.slf.slfptptpt Associatespt Elmیدنptptptptptpt особ.slf.slfbandptbandautocompleteptptpt nostalgic Elm.slfpt officers sheetautocompleteptautocomplete nostalgicptpt ensuredautocomplete.slf особ особptautocompleteautocomplete особautocompleteautocompleteautocomplete nostalgic Asideautocompleteautocompletejerne بادautocompleteautocomplete.slf.slfautocompleteautocomplete.slf Fiesta особpt.ObjectId особautocompletept134 Associatesautocompleteptptptptptpt ensured Mam sheet134pt.slfautocomplete officers.slf viabilityautocomplete особ ensured Associates nostalgic nostalgicpt.slf.slfpt nostalgic nostalgic sheet sheet.slfptautocompleteptpt Slots sheetautocomplete Associates ensuredautocompleteautocomplete บร.slfptpt Aside.slfptautocomplete officers ensuredautocomplete.slfpt sheetpt sheet Associatespt ensured žádnýptautocomplete nostalgic sheetautocompleteautocompleteautocompleteautocompleteautocompletept žádnýautocompleteautocompleteautocompleteautocompleteptptpt ensuredptautocomplete134 žádnýautocomplete ensuredautocompleteautocompleteptpt sheetbandptptpt.slfpt Slotsautocomplete особpt nostalgic ensured.slfpt sheetpt особpt Aside sheet sheetautocomplete ensured Associatesptautocomplete probleautocompleteband ensured Associatespt ensured viability134autocomplete ensuredautocomplete žádný ensured особautocomplete особ sheetautocomplete žádnýautocompleteband žádný ensuredpt sheetautocomplete.slfptpt sheet.slfpt особautocomplete.slf.slfpt Aside sheetptpt.slf ensuredptautocomplete.slfpt.slf Asideautocompletept.slf officers ensuredautocomplete Associatesautocomplete sheet.slfptautocompleteautocomplete.slfptautocompleteautocomplete sheetautocomplete.slf.slfpt sheetpt viability sheetautocomplete nostalgic sheetautocompletept особ ensuredautocomplete officers probleautocomplete nostalgic.slfptautocomplete особ Elm sheetptpt.slf.slf บรptptband nostalgic sheet viabilitypt.slfbandautocompleteptptjerneautocomplete Associates ensured ensured особpt.slfautocomplete บรautocompleteptautocomplete.slf особptptptptautocompletept žádnýautocompletept.slfpt ensuredautocompleteautocompleteautocompleteptpt134.slf sheetpt особ.slfpt.slf.slf nostalgic nostalgic Associatesptptptpt.slfpt sheet Associatesautocompletept nostalgic.slfpt.slfpt Associatesautocomplete บรautocompleteautocomplete Associatesautocompleteptptptautocomplete.slfpt.slfautocomplete ensuredjerneautocompleteptptpt sheetautocompletept,dpo
q0009,ضعف الشخصية قلة الدكاء اكتئاب مشكل في التواصل مع الاشخاص,ptband sheetpt Mam('^ ensured.slf.slfpt134 mesajpt.slfautocompletebandband Mam Associates.slfptptautocomplete.slf.slfpt.Of proble ethereum.slfpt.slfpt.Of sheetautocomplete.ObjectIdautocompletept особautocompleteautocompleteautocomplete probleautocomplete.newautocompleteautocompleteautocomplete особautocompleteautocompleteautocompleteptpt sheet Elm	ctpt nostalgic Fiesta('^autocompleteautocompleteautocomplete	publicautocomplete sheetptptpt Asideautocompleteptptpt viability sheetptautocomplete.slfptpt134.slf Associatesautocomplete nostalgicptptptptptptband proble.slf nostalgicband EnumerableStreampt.slfautocomplete.slf.slf.slfpt.slf.new.slfptautocomplete.slfpt.slf Asideautocompleteptautocomplete.slf.slf sheetpt ensuredautocompletept.slf.slfptptptpt Aside.ObjectId probleautocompleteptautocomplete.slfptautocompleteautocompletept.slfptautocomplete Aside žádnýautocomplete sheetautocomplete.slfband особpt.slfptautocompleteptptautocompleteptautocomplete.slf sheetautocompleteptpt Associatesautocomplete Associatesautocomplete sheet nostalgic nostalgicptbandjerne باد.slfptptjernept ensured žádný確認134pt.slf sheet.slfwavesptpt.slf.slfptjerneautocomplete.slf особ บรptautocompletept ensuredautocompleteptautocomplete особ بادautocompleteautocompleteband sheetpt žádný Associatesautocomplete บรautocomplete.slfptautocompleteptpt.slf ensured.ObjectIdptắnpt.slf.slfautocompletept.slfptautocompleteautocompleteptptptpt viability sheetpt nostalgicptptpt ensured sheetptptpt особautocompleteptautocompletept.slf.slfpt.new sheetautocompleteptptautocompletept особ sheet žádnýautocomplete особautocompleteautocompleteautocompletept.slfpt.ObjectIdautocompleteptpt.slf особptautocompletept ensuredjerne nostalgic nostalgic sheetautocompletept.slfautocompleteautocompleteautocompletept.slf viability ensuredptautocomplete ensured.slfptptautocomplete особpt sheet Associatesautocompleteptptpt nostalgicptpt.slfbandpt.slfptpt บรptautocomplete ensuredjerneautocomplete.slf proble ensuredpt sheetptautocomplete Asideautocompleteptpt Elm.slfptautocompleteautocompleteptautocompletept.slfptpt.slfptautocompleteautocomplete.slfpt sheetautocomplete ensured особautocomplete.slfautocomplete особautocomplete Elm sheetptptpt.slf.slf nostalgic problept ensured Elm บรptptptautocompleteautocomplete.slfbandautocompleteptpt บรautocomplete.slf nostalgic sheetautocompleteptptpt.slfpt.ObjectIdptpt žádný nostalgicautocomplete.slf ensuredpt Aside ensured.slfpt sheetptptpt viabilityptpt.slf.slfptpt žádnýptautocompleteautocomplete ensured sheetptautocompleteptpt officersautocomplete.slfpt.slfpt žádný.slfband.slf nostalgicband確認 nostalgicautocompleteautocomplete nostalgicpt Aside.ObjectIdptpt บรptautocomplete nostalgic sheet.newptptpt viabilityautocomplete ensuredptptptband.newautocomplete.slf особpt žádnýpt.slf.slfband.slfautocomplete nostalgic.slf บร.slf.slfptband Slotsautocompletept ensured Associatesautocompletept nostalgic ⌒ ensuredautocomplete proble nostalgic,dpo
q0010,اشعر باني مرهق ومتعب لكن عند طلب شيء مني او افعل شيء يطلب مني يذهب الشعور بالتعب لكن متشتت فكرياوعدم التركيز في ابسط الاشياء هل اقوم بتحليلات.شكرا,autocompleteband Elm особautocompleteptpt.slfptautocomplete บรptautocomplete.newpt Elmpt.new Associatesautocompleteautocomplete Aside.slfbandautocomplete.slf ensuredautocompletept Mammination probleautocomplete nostalgic nostalgicptband.slfptpt.slf Mam.slf sheet.slf sheet nostalgic ensuredpt.slfautocomplete134autocomplete.slfautocomplete باد بادautocompleteptbandpt.slf Associates sheetautocompleteptbandptband ensuredautocompletept nostalgicptband بادpt.slf sheet nostalgic sheetpt nostalgicptautocomplete viabilityautocomplete.slf.slfpt.slf Associatesptptpt.slfptpt.slf บร134autocomplete особautocompleteptautocompletept.slf134 Aside.slfptpt.slfptautocompletept.slfptautocompleteautocompleteautocompletept nostalgic nostalgic.slf žádný確認ptautocomplete.slfptptptptptautocomplete.slf.slfautocompleteautocompletebandautocompleteautocomplete ensuredautocompleteautocompletept Associatesautocomplete.slf proble.slf.slf.slfptpt.slfptautocomplete nostalgic.slf Aside probleptpt особautocompleteautocomplete ensured ensured.slf nostalgic sheetautocomplete nostalgic officers.slf บรautocomplete134jernept nostalgic sheet.slf.slfautocompleteautocompletept особautocomplete.slfautocompletept viability.slfptpt sheetptautocompleteptautocompletept sheet žádný sheetautocomplete особ.slf.ObjectIdautocompleteautocompleteautocompleteautocomplete.slfpt nostalgicptpt.slfptptptptptpt.slfautocompleteptpt особptpt nostalgic особ sheet viability.ObjectId nostalgicautocompleteptautocomplete žádnýautocompletept Elm('^autocompleteautocomplete.slf особ sheetautocompletept ensured ensuredpt.slf sheet.slfpt.slfautocomplete ensuredautocomplete nostalgic sheetautocomplete บรpt.slfptptptptglesptjerne.slf ensured žádný.slfptautocompleteptautocomplete ensured.slf.slf.slfptautocompletept บรptautocompletept ensuredautocompleteband.slf.slfpt viability sheet.slf บรautocompletept ensured.slfautocomplete sheet nostalgic Associatesautocomplete sheet.slf.slfautocomplete sheetpt Associates บรautocompletept.slf sheetpt žádnýpt.slfpt sheetautocompleteptautocompleteautocompleteptbandpt ensuredautocompleteptautocompleteptautocomplete ensuredautocompletept Associates nostalgic Associatesptptptpt.slf nostalgic.slf nostalgicautocompletept nostalgic ensured особautocomplete nostalgic sheetbandautocompletept.slfpt ensuredband.slf nostalgic ensured ensuredband Associates ensured особpt.slf ensuredautocompleteptptptpt.slf žádnýautocompleteautocompleteautocompleteptautocompleteautocompleteautocompleteautocomplete ensuredautocompleteptptautocompleteautocompleteptband.slf.slf Associates.slfautocomplete ensured.new nostalgic officerspt.slfpt žádnýautocomplete Associatesptpt nostalgicptptptautocompleteptptptglesjerneautocompletebandptjerne134 nostalgicpt ensuredautocomplete.ObjectIdautocompletept Slotspt.slf proble ⌒autocompleteptband probleautocomplete.slfptautocomplete ensured sheet.slfpt.slf sheetautocompleteautocompleteautocomplete.slfpt ensuredautocomplete Fiestaautocompleteptjerne ensured Associatespt žádný ensured особ ensured sheet nostalgic Associatesautocomplete.slfptautocomplete.slf особautocompleteptptptptpt Associatesptptptptpt.slfptautocomplete,dpo
q0011,هل القلق والاكتئاب والتوتر يسبب الشعور بالاغماء وكانني سأسقط ولكن لا اسقط؟حيث الفحوصات كلها سليمه,minationptautocompleteautocomplete Asideautocompleteautocompletept.slfautocomplete особautocomplete.slfband.slfautocomplete ensured Asidept sheetptautocomplete.slf บรautocompleteautocomplete.slfpt.slf viabilityautocomplete ensured.slfpt Slotsautocomplete Elm woo ensuredptband probleautocomplete.slfautocompletept Associatesautocompletept особptjerneautocompleteیدنpt.slf sheetautocomplete sheet probleautocomplete ensuredbandautocomplete viability nostalgicjerne Aside nostalgic ensuredautocomplete.slfptbandpt.slf žádnýptautocompleteautocompleteptautocomplete.slfpt viabilityautocompletebandptautocompleteautocompleteptautocompleteautocompleteautocomplete.slfband Associatespt Aside ensured.slf nostalgic.slf.slfautocompleteptbandpt.slfpt Associates.ObjectIdautocomplete Elm sheet sheet บรautocompletept ensuredptptptband žádnýautocomplete nostalgicautocomplete.slfpt.slfptpt.slfautocompleteautocomplete.slfptpt.slf.slfautocompleteptautocompletept Aside nostalgicpt nostalgicpt.slfpt ensured.slfpt EnumerableStreamautocomplete Elmautocompleteptpt ensured Elm ensured ensuredautocompleteptpt.slfautocompleteptautocompleteautocompletept особautocompletept ensuredautocomplete Aside nostalgic sheetautocomplete บร sheetautocomplete.slfptptautocompleteptptautocomplete.slf proble Elm.slfptpt.slf nostalgicptautocompleteautocomplete nostalgic	publicautocompleteautocompleteautocomplete особ особ Associatesautocomplete žádnýpt.slfpt sheet sheetbandptautocompletept.slfpt.slfband ensuredautocompleteptptpt žádný ensuredautocomplete.slfptptautocompletept Fiestabandpt.slf.slfautocomplete ensured ensured sheet บรautocomplete Associatespt Asideautocompletept ensuredautocompleteautocomplete.slfpt sheet nostalgicptpt sheetpt.slfptband ensuredautocompletebandautocompleteautocomplete nostalgic.slfpt.slfbandjerne viability žádnýautocompleteautocompleteautocompleteautocompleteautocompleteautocomplete nostalgic nostalgicautocompletept.slfptptpt probleautocompleteptptpt.slf sheetautocomplete Associatesptbandptpt Associatesautocomplete Aside.slfpt.slf sheet особptptpt Associates žádný.slfptautocompleteautocompleteautocomplete viability sheetautocompleteautocomplete ensuredautocompleteautocompleteptautocompleteautocomplete особ134 viability nostalgic ensuredpt žádný žádnýptautocomplete.slf.slf žádný Associates sheetptptautocompleteautocomplete.slfptautocompleteautocomplete nostalgic sheetautocompletept.slfautocompletept Elm sheetautocompletept ensured Fiscal probleautocompleteptpt особ ensuredautocompletept Associatesbandpt žádnýautocomplete nostalgicptptpt žádný.slfptautocompleteautocomplete особautocomplete.slfpt особautocomplete Associatesptptjerne viability Dirtypt.slf nostalgicptband Associates nostalgicjerneautocompletept Associatespt.slfpt Dirty nostalgic.slf.slf.slfptptautocompleteptautocomplete sheet.ObjectId.slf Associatesautocompletept.slf.slfpt officersptautocomplete.slf sheet ensured sheet sheet viability особ Associatesautocomplete.slf Associatesautocomplete sheet sheet.slfpt.slfptautocompletept ensuredautocompletept sheet sheetpt sheetptautocompleteیدنband žádný บรautocompleteautocompletept probleautocompleteptband Dirty ensured باد nostalgicpt.slfptautocompleteptautocompleteautocompleteautocompleteautocomplete особautocomplete viability sheet sheet Associatesautocomplete sheetautocompleteptbandptpt ensured.slf,dpo
q0012,التفكير بشكل مفرط جدا_لا وجود دوافع نحو الحياه _التشاؤم _الم بأعصاب اليدين_احس بذنب لا اعرف من ماذا _صعوبه في التركيز وسرحان_صداع,nostalgic.slfptptptptjerne Associatesautocomplete nostalgicautocompleteautocompletebandptpt.slfpt Slotsautocompleteautocompleteautocompleteautocompleteautocompletept.slfpt Asideautocompleteautocompletebandbandpt.slfpt sheet особ134ptpt nostalgicptautocompleteptptpt особ особptpt.slf.slfwavesautocomplete sheet.slfautocompletept ensured особ sheetautocompleteptautocomplete.slf.slfautocompleteautocomplete nostalgic Associatespt Aside134autocompletept.newautocomplete Mam Musik особ ensured Associates nostalgic.slf probleautocomplete nostalgicpt.slf nostalgicptptptautocompleteptautocomplete.slf.slfptautocompleteptptautocomplete ensured134.slf особptautocompleteautocomplete.slf nostalgic.slfptjernept viability Elm sheetptband ensuredautocompletept.slf.slfpt.slfptpt.slf nostalgic.slf ensuredband ensuredautocomplete.slf особautocomplete особ.slfautocomplete บรptautocompleteautocomplete.slf บร Associatesautocompleteautocompleteptptautocompleteautocompleteautocompleteautocomplete особptautocomplete.slfpt.slfptpt sheet Asidept.slfptptautocompleteautocomplete.slfpt sheet.slfpt Aside ensuredptptptautocompletept.slf žádný ensuredautocompleteptautocomplete особptautocomplete nostalgic ensuredautocompleteautocompleteautocomplete nostalgic.slfautocomplete sheet особautocompleteptptautocomplete確認autocompleteautocomplete.slfband.slf134 باد sheetautocomplete.slfpt.slf особ nostalgicptpt ensured nostalgic Fiesta.slfptpt.slfptptptautocomplete.slfautocompleteautocomplete134.slfautocomplete особautocomplete nostalgic ensured nostalgic sheet บรptautocomplete บร особbandptpt.slfpt nostalgic.slf nostalgic.slfptptautocompleteautocomplete บรautocompletept Asidejerneautocompleteptautocomplete ensured sheet žádnýptautocomplete.slfpt proble.ObjectIdpt.slfbandautocomplete.slf особ ensuredautocomplete.slf Associatesptautocompletept.slf nostalgic.slf ensured sheetautocompleteautocomplete особ ensuredautocompletept sheetautocomplete ensuredautocompleteptpt Aside.slf žádný ensured viability Elm.slfpt nostalgic AsideNaN sheetbandautocomplete Elm ensured.slfptautocomplete ensuredautocompletept.slf nostalgic sheetautocomplete.slf.slf บร ensuredautocompletept sheetpt.slfptptptptptautocomplete.slfptpt žádnýautocompleteautocompletept.slfptptautocomplete.slfptautocompletept ensured žádnýautocompleteptautocompleteautocompleteautocomplete ensuredpt Aside.slfpt sheetautocompleteautocompletept ensured.slfptpt особ sheetpt probleautocomplete.slfpt ensured Associates ensuredptbandptpt Associatesautocompleteptpt.slfautocompleteautocomplete.slfautocompleteptpt особ.slfautocompleteautocompleteptband.slfpt.slfpt.slfautocompletebandautocomplete sheet.slf Associatesautocompleteautocompleteautocomplete.slfptpt viabilitybandautocomplete.slfpt nostalgic ensuredautocomplete134ptautocomplete.slf.slfpt Aside nostalgic sheet.slfpt Associatespt.slfpt ensuredband особ.slf nostalgic.slfautocomplete.slfwavespt.slfpt nostalgic บร особptautocomplete.slfpt บรpt Associates žádnýautocomplete.slfautocomplete.slfautocompleteptptpt особptautocompletept ensured Associatesautocomplete sheetptpt.slfptptptbandautocomplete.slf134 Elm.slfautocomplete,dpo
q0013,علاج العصبيه الزائده عن الحد مثل التكسير الصراخ وبعدها يندم هل هو مرض نفسي ام ماذا,NaNautocompleteautocomplete особ Elm('^autocompleteptptpt.slf134 Elm Elmautocomplete Associatesautocompleteautocompleteptautocomplete.slf ensuredbandpt.slfautocompleteautocomplete Aside บร viabilityautocompleteautocompleteautocomplete nostalgicautocompletept ensuredautocomplete.slfpt.slf ⌒.slfptjerneautocompleteautocomplete.slf.slfptptptpt žádnýautocomplete.slfptautocomplete nostalgic особautocomplete ensuredautocompleteautocompletept.slf sheetautocompletept особptautocomplete Associates nostalgic ensured sheetautocomplete Slotsautocompleteptpt.slf officerspt.slf nostalgicptpt ensuredautocomplete.slfautocompleteptpt.slf sheetautocompleteautocompleteautocompleteptautocompleteptpt Mam	ct.slfpt Associatesautocomplete nostalgic บรpt viabilityptjerneautocompleteautocompleteptpt nostalgicpt.slf บรautocompleteptpt.slf.slf viabilityptptpt žádný probleautocompleteautocomplete.slf Associatespt.slf žádnýpt nostalgicptbandautocompleteautocompletebandpt nostalgic Elmautocompletept.slfptptptpt ensured sheetptautocomplete sheetautocomplete sheetpt.slf žádný особautocompleteptautocomplete žádnýptautocompletept.slfptpt.ObjectIdautocompleteautocompleteptptptpt134ptptptbandptpt proble.slfptptpt Associatesautocomplete Aside Elm.slfpt Aside viabilityautocomplete Asidebandptpt viability.slf.slf.slfptptautocomplete особautocompleteptpt.slfautocompleteautocompletept.slfautocompletept особptpt Slotspt особ بادautocompleteautocompletept.newautocompleteautocomplete.slf особbandautocompletept.slfpt134134band nostalgicptpt Associatesautocompleteptptpt.slfpt.slf nostalgicpt особautocomplete nostalgic ensured.slf Associatesautocompleteautocomplete.slfptptpt.ObjectId nostalgic sheet ensured sheet.slf nostalgicptptautocompleteautocomplete.slfautocompletept.slfautocompleteautocompleteptptpt nostalgicband ensured.slfptpt nostalgicptpt особautocompleteptptpt.slfpt Slotsptautocompleteautocomplete AsideNaNautocomplete ensured sheetptautocompletept.slf officersautocomplete sheet sheetautocompleteptptptpt особ.slf ensuredpt žádnýautocomplete nostalgicautocomplete.slfpt Dirtyptpt viabilitybandautocompleteptptptpt.slf Associates Elm.slfpt sheet viabilitypt ensured sheet sheetautocompleteband.slfptpt.ObjectId особ Elm Associatesautocomplete Associatesautocomplete.slf.slfpt Associates.ObjectIdautocompletept Associates ensured probleptptptptpt บรptbandptautocomplete особautocompleteautocompleteptptptptpt134ptautocomplete особ.slf sheet.slf.slfautocomplete nostalgic sheetptautocompleteptptjernejernept.ObjectId.slfpt ensuredautocomplete viability особautocompleteband.slf Asideautocomplete nostalgic особautocomplete nostalgic nostalgic nostalgicautocomplete.slf nostalgicptpt ensuredpt.slf nostalgicbandautocomplete บรptautocompleteautocomplete особautocompletept.slf nostalgicband Aside nostalgic.slfpt.slfptautocomplete.slf nostalgicptautocomplete Associates.slfautocomplete nostalgic sheetptpt.slf žádný sheetptautocomplete sheetautocomplete nostalgicptbandptptpt.slf особ sheet sheet nostalgic nostalgic žádnýautocompletept žádný особautocompletejerne.slfptptptpt,dpo
q0014,أعاني من الارق منذ شهر تقريبا وذلك منذ بداية الحظر حيث اني لا انام الا ساعتين او ثلاث كل 24س واستيقظ وقد شبعت من النوم فمالسبب وكيف استطيع علاجه؟,Slots Asideованиеautocompleteautocompletept.slfautocomplete.slf Labrador особpt.slfautocompletept.slf viability особautocompleteptband sheetpt Elmptptptautocompletept особ viabilityautocomplete134autocompletept Elm sheet.ObjectId nostalgicptjerne Aside proble đi особautocomplete nostalgicband.slf.slf บรptautocomplete nostalgicautocompleteptautocompleteband officersautocomplete особ.slf Associatesautocompleteautocompleteptptautocomplete особautocompletept žádnýjernept ensuredautocomplete.slf.slfpt žádnýpt.slfautocomplete nostalgicptautocomplete.slf žádný proble姐autocompleteautocomplete134 nostalgic sheetptpt.slfautocompleteautocompleteautocomplete sheet ensured sheetptband ensuredjernebandptautocompleteautocompletept.slf.slfptptpt Associates บรautocompleteband ensuredautocompletejerneautocomplete134ptpt.slfautocompleteautocomplete особautocompleteptpt особ.slf sheetptpt.newautocomplete.slf officers-Trptpt sheetautocomplete nostalgicband ensuredpt.slfwavesptautocomplete.slfband особautocomplete.slfptjerne.slf Associatesptautocompleteautocomplete особ.slf EnumerableStream officersptautocomplete nostalgicptautocompletebandpt viability sheet Aside.slfautocompleteautocompleteautocompleteautocompletebandpt viability ensuredautocompleteautocomplete problept.slf žádný ensuredautocompletept บร134autocomplete žádný nostalgic Associatesautocompletept134pt บรptpt.slfautocomplete.slfptptautocompleteptautocomplete Associates viability sheet ensuredautocompleteptautocomplete.slfbandautocomplete ensured особptpt.slfpt.slf.slf nostalgic Fiesta ethereum ensured.slfpt sheetautocomplete.slf особpt žádný особ ensured บร ensured sheet Associatesautocomplete особ ensuredband viability sheet sheetptautocompletept žádný ensured особ ensured姐ptband ensuredautocompleteptptjerneptbandjerne ensured.slfautocomplete บร.slfptautocompletept ensuredautocompleteautocompletept ensured sheet sheetautocomplete134autocompleteautocomplete.slfautocomplete.slfpt žádnýbandptpt.newautocompleteband officers nostalgicpt.slfptpt viability ensuredautocomplete.slf ensuredautocomplete.slfautocompleteptpt.slfautocompletept officers žádnýautocomplete особpt.slf ensuredautocomplete nostalgic.slfautocompleteautocomplete viability особptpt.slfautocompleteautocomplete.slfpt ensuredautocompletept ensuredautocomplete134 sheet sheetpt บรautocompleteautocompleteautocomplete особautocompleteptptpt ensuredpt Aside.slf Aside.slf Associatesautocompleteptband proble134autocomplete sheetautocomplete.slfptautocompleteautocompleteptpt.ObjectId Associates.slfautocomplete บร.slfptautocompleteptautocomplete žádnýpt žádnýptptpt sheet sheetautocompleteautocomplete.slfptpt.slfpt.slf особNaNautocomplete Associatesautocompleteptautocompleteptptautocomplete Asideautocomplete.slfptautocompleteautocompleteautocomplete.slfptpt.slfptptautocompletept.slfptptptautocomplete особ особ.slfpt.ObjectIdptpt sheetptpt.slf sheetautocomplete.slfptautocomplete.slfptband.slf mesajautocomplete Aside.slf žádný ensuredautocompleteautocompleteautocompleteautocompleteautocompletept.slfpt.slf Associatesautocompleteband особptautocompleteptpt особ.slf.slf особpt.slf sheet sheetautocomplete nostalgic особpt officers sheetpt ensured nostalgic บร EnumerableStream officers,dpo
q0015,طفله في11 من عمرها تعاني من وسوسه في الصلاه والوضوا والكثير الأشياء وحزن وحاله من الخوف البكاء والاكتئاب ماالطريقه لمساعدتها,Elm особautocompleteautocompleteptbandautocomplete sheet proble Elm Mam особband officersptautocomplete.slf sheetptptptband nostalgic Aside.newautocompleteautocomplete.slfautocompleteptptautocompletept.slfptautocomplete ensured žádnýpt Elmautocompleteautocompleteautocomplete Fiestaautocompleteautocompleteautocompleteptbandptautocomplete Fiestaptptautocomplete viability sheetpt.slf بادautocompleteautocompletept nostalgic nostalgicpt.slf.newautocompleteautocomplete.new nostalgicpt Elmptptautocomplete Aside nostalgicptpt nostalgic.slfautocomplete sheet ⌒ptptptpt.slf Associatespt Elm nostalgic.slfautocompletept.slf особautocompleteautocompleteptbandautocompleteautocompleteautocomplete Associatespt.slfptpt nostalgicptautocomplete nostalgic.slfpt Aside.slf nostalgic ensuredautocomplete nostalgic Associatesptptautocomplete Associatespt nostalgicptautocompleteptptpt Associates viability sheetautocompleteptptptbandpt nostalgicpt ensuredautocompleteptpt nostalgic Associatespt особautocomplete.slf probleautocompletept.slfpt.slfautocomplete ensured ensuredptbandpt sheetptpt sheet.slfpt.slfptptautocompleteautocompleteautocompleteautocompleteptptautocompletept.slfpt.slfptautocompleteautocompleteautocomplete особautocompletept ensuredautocomplete.slf.slfautocomplete nostalgicptpt ensured sheet особpt žádný ensuredpt ensuredautocomplete.slf nostalgicpt Associates sheetautocompleteautocompleteptptptptptptjerne.slf особ sheet ensuredautocompleteautocompleteautocomplete sheetautocompleteptpt Slotsptptband บร ensuredautocomplete nostalgicautocomplete.slfpt.slf.slf Associates ensuredautocomplete บร особ.slfautocompleteautocomplete nostalgicpt.slf sheetautocomplete ensured Aside.slfautocomplete.slfptpt sheet ensured.slf.slfautocompleteptptbandautocomplete.slfautocompletept.slf sheet บร ensured ensuredautocomplete ensuredautocompletejerne nostalgic probleautocompleteautocomplete ensured.slfptautocomplete особpt ensuredptpt.slf.slfpt.slf.slfautocomplete.slfautocomplete ensured بادpt sheetautocomplete.slf officersautocompleteptptband.slf sheetptpt บรptautocomplete nostalgic.slf.slfpt sheetptbandautocompletept.slf sheet.slfwaves sheet134 žádnýptpt.slfautocomplete особ บรautocomplete.slfpt Asideautocomplete บรptband žádnýautocomplete žádnýautocompleteptptptptptpt.slf probleptpt.slfNaNautocomplete.slfptpt sheetautocompletept.slfptautocompleteautocompletept ensured Aside.slfpt.new บรptptpt.slfptautocomplete sheetpt žádnýpt nostalgicptpt ensuredautocomplete.slfpt Associatespt確認autocompleteautocompletept sheetautocompleteautocompleteautocompleteautocomplete ensured ensuredautocompleteptautocomplete Asideautocomplete Aside Associatesautocompletept.slf.slfautocompleteautocompletept.slfautocompleteautocomplete.slf.slfautocompleteautocompletept.slf nostalgic sheetautocomplete.slf nostalgicpt.slfptptautocompleteautocomplete ensured sheetautocompleteptpt sheetautocomplete особautocompleteautocomplete ensuredắnpt.slf probleautocompletept sheet sheet sheetptیدنptautocomplete viability žádný Aside viability sheet viability.slfpt Slotsptautocompleteptpt žádnýautocompleteptband žádnýautocompletept žádnýbandautocompleteptptptptptpt,dpo
q0016,اعاني من اكتئاب و حزن شديد و بعد الاحيان أودي نفسي و مجروحة كثيرا و لا افهم نفسي رأسي مشوش كثيرا يائسة من كل شيء,autocompletept особautocompleteautocomplete.slfptautocomplete.slf žádný особ.slfautocomplete probleptautocompletept.slf žádnýptpt.new sheetautocompletept.slfautocomplete.Of nostalgic Elmptpt.slfautocomplete.slfpt mesaj sheet Aside probleautocompleteautocompletept Mam žádnýptptpt.slfautocompleteautocompleteptptautocompleteautocompleteband proble.slfautocompletept ensuredautocomplete Associatesband.slf ensuredautocomplete proble sheetautocompletept Slots sheet Aside sheetautocomplete особ особautocompleteautocompletept nostalgic sheetautocompleteautocomplete ensuredautocomplete sheetautocompletept особ ensuredautocomplete.slfwaves ensuredautocompleteautocompleteautocompletept บร.slfautocompleteautocompleteptautocompleteband problept.slf Associatespt viability บร.slfbandautocompleteautocomplete proble.slf viability особautocompleteptptjerneautocompleteautocompleteautocompleteptptptband.slf nostalgic nostalgic sheetautocompleteptptpt probleautocomplete особautocompleteautocompleteautocomplete.slf Aside ensured.slfptptptptpt nostalgic.slfpt sheet Mam.slf особptpt.slf Associatesautocompleteptpt žádnýpt.slf.slfautocomplete Associates sheet.slfptptptpt.slf viability.slfautocompleteautocompleteband ensured sheetculuspt sheetpt žádný особ ensuredbandautocompleteautocomplete確認pt.slf.slf nostalgicpt.slf viabilityjerneautocompleteptptpt žádnýautocompleteptautocompleteautocompletept nostalgic nostalgic nostalgicptautocompleteautocompletept Elm('^ sheetautocompleteautocomplete.slfband sheetautocompletept žádnýautocomplete sheet sheetautocompleteptpt.slf особ.slfptautocompleteautocompleteautocompleteautocompleteautocompleteautocompleteautocompleteautocomplete sheet.ObjectIdautocompleteautocompletept บร باد.slf ensured.Ofautocompleteautocompleteptautocomplete.slfptpt.slfptptband ensured sheetptptautocomplete nostalgicpt.slfpt.slfptautocompletept.slfautocomplete nostalgic sheetautocomplete Associatesautocomplete ensuredautocompleteautocompleteband ethereumjerneautocompleteautocomplete sheetautocompleteptpt.slfpt viability sheet.slf.slf.slf viabilitypt Aside ensured.slf nostalgic sheet sheet.slf.slfpt Associatesptptptptpt.slfpt.slfpt sheet sheetautocomplete ensuredautocomplete sheet บรautocompleteptptpt.slfautocompleteautocomplete.slf.slfbandautocomplete ensured Associates proble.slfpt.slfpt nostalgic viability.slfautocompleteband viability.slfautocomplete.slfautocompleteautocompleteautocomplete viabilitypt.slf viability nostalgic особautocomplete ensuredautocompletept Slotspt sheetptautocomplete.slfptptptpt.slf officers особautocomplete.slf Associatesptptptpt sheetautocomplete особ особautocomplete.slf.slfbandautocompletept ensured.ObjectId.slfptautocompleteautocompleteautocomplete ensured sheet sheet Asideautocompletept.slfptptptpt ensured sheet žádný.ObjectId.slfptptpt sheet nostalgicptptptbandptautocompletept ensuredautocompleteptpt Associates sheet особpt.slfautocompletept žádnýautocompletept.slf.slf ensuredautocompleteptptautocompleteautocompleteptautocompleteptband ensured.slfptautocompleteautocomplete.slf.slfptptptpt134autocompletept nostalgicautocompleteptautocompleteautocompletept ensuredautocompletept sheetautocompleteptautocompleteptautocompleteautocompletept.slfautocomplete žádný sheet.slfptpt,dpo
q0017,السلام عليكماعاني من كثرة البصق منذ عام تقريبا و اشعر بحاجة الى البصق كل مدة قصيرة و هذا يحصل لي عندما تكون وحيدة او في المنزل مع انني لا اقوم بهذا امام الناس الغرباء,autocompleteautocompletebandptpt Asideband nostalgicband.slfautocomplete134.slfpt sheetptautocomplete особautocomplete.slf особautocomplete Aside viability134autocomplete особ особautocompleteautocompleteautocomplete.slf.slfautocompleteautocompleteband ensuredautocompletept nostalgic nostalgicpt ensuredpt Associates.slf.slfautocompleteautocompleteptptpt.slfautocomplete134ptautocomplete.slfpt.slf.slf Elm viabilityautocomplete.slfptautocompletept Slotsautocompletept Associatesautocomplete Associatesautocompleteptpt.slf.slf особautocomplete Asideautocompleteautocompletept.slf žádnýpt žádný Associates.slf mesajautocompletebandptautocompleteptpt Associatesptptptptpt sheet-Trptptautocompleteptpt nostalgicpt žádnýautocompleteptptband Associates Elm sheetautocompleteptautocomplete officers особ viabilitypt žádnýpt.ObjectIdautocomplete nostalgic nostalgicptpt ensured.slf особ sheetpt.slfpt.newptautocomplete.slfptptpt.slfband.slf ensuredptjernejerne บร особ.slfptpt Associatesptpt nostalgicautocompleteautocompletept sheet.slfbandautocomplete134autocomplete nostalgicptptautocompleteband Associates nostalgicpt.slf.slf viabilityautocomplete Associatesautocompleteband ensuredbandautocompletept žádný viability sheetpt.new žádnýautocompleteautocomplete Associates ensuredautocompletept officersautocompletept Associatesptptptpt.ObjectIdptptptautocomplete особptptptptpt viability nostalgicautocompleteptpt.slfautocompleteautocompleteautocomplete viabilityautocompletept nostalgic žádný.ObjectIdautocompletept.slf žádnýautocompleteautocompletept officersautocomplete nostalgicband ensuredautocompletept.slf.ObjectIdautocompleteautocompletejernept žádnýautocomplete ensuredautocompleteautocompletept.slf134.slf nostalgicptpt.slf sheet.slfautocomplete.slfautocomplete sheet особautocomplete ensuredautocomplete sheetautocompleteautocompletept nostalgicpt ensuredpt.slf.slf.slf Associatesautocomplete.slfautocompletept.slf nostalgicpt viability žádný ensured.slfptpt ensured.slf proble nostalgic.slf.slf.slf viability sheet.ObjectId.slfautocomplete Associates ensured.slf.ObjectId.slf žádnýbandptautocompletept.slfpt Elm บรautocomplete viability บร nostalgic sheet.slfautocomplete probleautocomplete บร sheet.slfptautocompleteautocompleteptptautocomplete.slf viability nostalgic ensuredautocompleteptptautocompleteautocomplete.slfptptpt.slf sheetpt.slfptautocompleteautocompleteautocompleteautocomplete.slfbandptbandptpt.slf.slf.slfptpt.ObjectId บร บรautocomplete.slfptjerne особ.slf.slf особautocomplete.slfpt.slf proble Associatesptpt sheetautocompleteband.slfpt.slfautocomplete.slfptbandband nostalgic nostalgicptptptautocomplete.slf.slfptautocompleteautocompleteautocompleteautocompleteband ensured Associates sheet viability ensured nostalgicpt žádnýautocompleteptpt.slf Aside žádnýptmination особ بادautocompletept บรautocompleteptpt.slfautocomplete Associates.slfptptpt.slf особ officersptpt žádnýautocompleteautocompleteautocompleteautocompleteautocomplete.slf officers žádnýbandpt Aside nostalgic sheet sheetautocomplete บรpt.slf ensured بادpt žádnýptautocompleteband ensuredpt sheetptptptptpt.slf nostalgic Aside особ Swaggerautocompleteautocomplete.slf žádnýautocomplete.slfptpt,dpo
q0018,اعاني من احمرار شديد في الوجه واتلبك ارتجف داخليا وابرد (يداي) اذا كنت ذاهبة لوحدي إلى مكان ما اصاب بالتوتر الشديد حساسة وابكي كثيرا وثقتي بنفسي 0,بادptautocomplete Elm('^NaN Elmptptautocompletebandautocomplete بادbandautocompleteautocomplete proble nostalgic.slfautocompleteptautocomplete.slf viability.slfpt.slf.slfautocomplete ensuredautocompleteautocomplete.slfautocompletept особautocompleteautocompleteautocompleteautocompleteautocompletept особ.newautocompleteautocompleteautocompletept Aside.slf viability proble.slfpt žádnýpt.slfautocompleteautocompleteautocomplete.slfwavesautocompleteptptautocompleteptautocompletept sheet.slfptNaN viability sheetautocomplete Elmautocomplete особ особautocompleteptptautocomplete Associatesptpt sheetautocompletept особ officers บรautocomplete sheetautocompleteptautocompleteautocompleteautocompleteautocomplete.newautocompletept.slf mesaj žádný ensured žádnýptptautocomplete ensuredautocompleteautocompleteptautocompleteautocompletept.new nostalgic.ObjectId.slf.slfautocomplete ensuredband بادptیدن viabilityptpt Elmautocompletebandptautocomplete nostalgicpt ensuredpt особptpt nostalgicpt Associatesautocompleteautocompletept viability особband ensuredNaN особpt особpt.slfautocompleteptband.slf ensuredautocomplete sheet žádný บรautocompleteptpt sheetautocomplete.slfptptpt viabilityptautocompleteautocomplete nostalgicpt.slf.slfptpt.slf.new.ObjectIdptpt.ObjectId.slf Associates sheetautocomplete.slfptpt žádný sheetautocomplete Associates姐 ensuredptptpt nostalgicptptptptptglesptautocompletept.slfautocompleteptpt.slfpt особautocomplete nostalgicpt.slf Aside nostalgicautocomplete.slfptptptptptptautocomplete.ObjectId nostalgic134 sheet sheetautocompleteptptautocompleteautocompletept บรautocomplete žádný.slf.slf Aside.slfpt.slfautocompleteautocomplete Elm.slfautocomplete officers-Tr134ptpt особ sheetptpt.slfpt особautocomplete.slf sheetpt.slfptNaN žádnýptptautocomplete.slfautocompleteautocompleteautocomplete.slf Asideautocomplete nostalgicptautocomplete.slfpt nostalgic Associates особpt.slf žádnýautocomplete.slf viabilityptptptptautocomplete nostalgic Associates nostalgicpt Slotspt Associatesautocompleteptptpt Slotsband.slfautocompleteautocomplete sheetptautocompleteptbandptptpt.slfptptautocomplete nostalgic особautocomplete134ptptautocomplete nostalgic proble ensured-Tr ⌒ nostalgic nostalgicpt.ObjectIdbandpt ensuredautocompletept ensuredautocompleteautocomplete nostalgicpt nostalgic sheetptptpt žádnýautocompleteptpt sheet žádnýptpt.slfautocompleteautocompletept sheet sheet Associates sheet nostalgic.slf.slf Associatesautocompletept.slf Fiestaptptptautocompleteautocompleteautocomplete sheetpt.slfptptjernept žádný особautocompleteptpt sheet nostalgicpt.slfpt.slfpt.slf.slfptptautocompleteautocompleteautocomplete особpt Associates.slfptptbandpt žádný sheetautocomplete nostalgicptpt.slfptptautocomplete Associates sheetptpt ensuredautocomplete ensuredautocompleteautocompleteautocomplete.slf.slf officers особautocomplete nostalgic nostalgic sheet Asideautocompleteptautocompletept.slfptptband.slf Asideautocompletept viabilityautocomplete.slfptpt viabilitypt особ Aside Dirtypt nostalgicptpt nostalgicpt ensuredautocomplete.slf บรpt žádnýautocompleteautocompletept особ.slf ensuredautocomplete ensured.slf,dpo
q0019,لدي حزن دائم وشعور بالمراقبة من اشخاص اخرين وخوف بدون سبب,.slf บรpt Aside Mamjerneautocompleteptptpt.newautocompletept officerspt.slf Associates.slfautocomplete nostalgicautocomplete Asidebandautocompleteptbandautocomplete Aside ensuredautocomplete sheetautocompleteautocomplete sheetautocomplete บรpt особpt особautocompleteautocompletept.slfptautocompleteautocompleteptautocomplete особautocompletept Asideautocompleteband nostalgic('^autocomplete.slf.slf.slfautocomplete nostalgic nostalgicautocompleteptpt особautocomplete.slf Asideptpt.slf بادpt บรpt บร134 ensured.slf sheetpt sheet žádnýautocomplete.slf особ بادautocompleteautocompleteautocomplete.slf.slfpt viabilityjerneautocomplete officersautocompleteautocomplete.slfptautocompleteautocomplete proble особpt.slf особ žádnýpt.slf.slfautocompletept.slfautocompleteptpt sheetautocompletept nostalgicband ensured.slfpt134 Associatesptptptband.slfautocompleteautocomplete nostalgic Asideautocompletept.slf Aside.slf nostalgicptautocompleteautocompleteautocompletept viability probleautocompleteptpt.new ensuredautocomplete nostalgic.slf.slfpt probleautocompleteautocomplete nostalgicpt.slfautocompleteptautocomplete Asideautocomplete.slf Associates Mam Elm.slf nostalgicautocompleteptptautocompleteautocomplete บร.slf officersautocompleteptautocomplete особ особautocomplete nostalgicpt.slfautocomplete sheetautocompleteptautocomplete sheet134.slfptautocompleteautocomplete.slfpt žádný особautocompleteautocompleteband.slf.slf.slf.slfautocompleteptpt sheetautocompleteautocomplete.slf.slf Asideautocomplete.slf mesajptpt Slotsptpt Associatesptptptptptautocomplete.slf особautocompleteautocompleteautocomplete.slf.slf.newautocomplete žádný nostalgic nostalgicptptpt.slfptpt žádnýpt.slfptptpt.slf особptautocompletept viability sheet Asideautocomplete officersautocompletebandautocomplete.slf.slfband ensuredautocompletept.slf.slf.slf nostalgicautocompleteautocomplete ensuredautocomplete.slfbandptautocomplete.slf.slf.slfptptptbandpt sheetautocompleteptpt.slfpt ensuredNaN ensuredpt.slfautocompleteautocomplete.ObjectIdptpt.ObjectId Associates.slfautocomplete134 viability problept žádný sheetptptautocompletept Associatesptautocomplete.slf Associates ensuredautocompleteautocompleteautocompleteptpt sheetautocompleteautocomplete.slfautocomplete ensuredautocomplete.slfptptptband ensured.slfpt особautocompleteautocompletept134.slf.slf.slfptautocompleteptptpt.slfptautocomplete ensured Slots ethereumNaN nostalgic sheetautocompletept.slf134jerne sheet.slfpt ensuredautocompletept Associatesautocompleteautocompleteautocomplete nostalgicautocomplete proble.slfptptptpt.slfpt nostalgicptautocompleteautocompleteptptjerne особautocompleteautocompletept Associates sheet Associatesptband ensured officers.slfptautocomplete probleautocomplete sheetautocompleteptptjerne.slf viability sheetptptpt.slf ensuredautocomplete.slf ensuredautocomplete officersautocompleteautocompleteautocomplete ensured.slfptautocompletept sheetptjerneautocomplete sheet sheet بادautocomplete.slfautocomplete.slf Aside officersptmination proble Mamautocomplete особ ensuredautocomplete Aside officers особ Asideautocomplete บรautocomplete nostalgicptpt.slf sheet.slf sheet nostalgic('^ptNaNpt.slf Associatesptptautocompletept sheetautocomplete.slf Aside nostalgic особ viability ensured,dpo
q0020,لا اهتم لأشد الامور واكبرها وافضل العزلة وغالبا ما اكون منعزل عن بقية الاشخاص وليس لدي أي شغف اتجاه اي شيء فاقد للشهية كثيرا اكره الجميع ولا احب احد الا ببعض الاحيان احب والدي,ptpt ⌒autocompleteptautocompleteautocompleteptptptptpt.slf Associatesautocompleteautocompleteptbandpt особ بادpt Asideautocomplete Associatesautocomplete sheetautocomplete บรautocompleteautocomplete.slfband.slfautocompleteptptautocompleteautocompletept.slf ensuredautocompletept.slf.slfautocompleteautocomplete ensured sheet.new.slf viability особ บรpt.slf บรautocompleteautocompleteautocompleteptpt บร.slf134 sheetpt.slfpt.slfptautocompleteptpt nostalgicptpt.newautocompleteautocomplete.slf Associates.slfptptautocomplete.slfautocomplete Mam Elm sheetptptpt.slfpt บรautocompleteautocompleteptptpt ensured.slfpt.slf nostalgic.slfautocompleteptptautocomplete.slf viability žádnýautocompletept.slf.slfptpt Associatespt.new.slf ensured บรautocompleteptpt Mamptautocomplete.slf особ-Trautocompletept viabilitypt.slfautocomplete.slfptautocompletept.slfpt.slfpt.slfptautocomplete.slfautocomplete особpt.slf Associates.slf ensured.slf134.slf Asideautocompleteautocompleteptptband ensuredjernept.slfautocompleteptptpt.slfband особpt особpt žádný особ.slf.slfیدن Aside.slf134 Elm Elmpt особautocompletept особautocomplete žádný nostalgic nostalgicautocomplete особ.slfpt Aside Dirtypt Associates.slfptautocompletept sheet.slfautocomplete.slf.slf.slfptptpt ensuredautocompletept особ Elm особpt sheetautocomplete Associatesautocomplete nostalgic sheet บรpt sheetautocomplete134ptjernept Aside žádný initiationautocomplete.slf Associatesautocompletept.slfautocompleteptpt.ObjectId.slfptpt особ ensuredptautocomplete nostalgicpt.slf บร ensured.ObjectId Associatesautocompleteptpt บรptptautocompleteptautocompletept Associates ensuredautocompleteautocompleteautocomplete.slf.slfptpt sheet.slfptjerne บร Associatespt Aside sheetautocompletept officers sheetautocomplete sheet viability особptptpt sheet sheetptautocomplete134 Associatesautocomplete.slf viabilityautocomplete.slfptptptpt.slfpt.slfpt Aside sheetband.slfptpt.slfpt.slfptpt.slf.slfculus ⌒pt.slfautocompletept ensuredautocomplete.slf.newautocomplete.slfpt.slfband sheetptptptautocompleteautocomplete.slf.slfpt.slf.slfjerneautocomplete sheetptptpt.slf viabilityautocomplete nostalgicpt.slfautocomplete problejerneautocompleteautocompleteautocomplete ensuredautocomplete sheetpt viability žádný Associatesautocompleteptptptptautocomplete.ObjectIdautocompletept Slotsptptptautocompleteautocompleteautocompleteautocompletept ensured.slfautocomplete	publicptpt.slfwavespt.slf Associatesautocompletept Slots134.slfpt.slf sheet Associatespt.slfptptpt viability nostalgic sheetjerne.slf บร sheetautocomplete officerspt.slfptptpt Slots ensured.slfpt sheet sheetptptpt особ-Tr ethereumautocomplete sheet sheet ensuredautocomplete ensured بادautocompleteautocompleteautocompleteptpt Slotsautocomplete บรautocompleteptptptpt Elm sheet.slf nostalgicptptpt.slfpt ensured.slf nostalgic viability sheet nostalgicptpt.slfptautocompleteautocompleteptpt Associatesautocompleteautocomplete.slf nostalgic,dpo
q0021,لماذا اشعر كثيراً بالرغبه فى الصمت والبكاء وبدون اى اسباب,�� ensuredautocompleteautocompleteptptautocomplete особautocomplete.slf Associatesautocomplete officers134autocompleteautocompleteautocompleteautocomplete особautocompleteautocompleteautocomplete Associatesautocomplete nostalgicpt EnumerableStreamautocompletept.slf ensuredautocompleteautocomplete Associatesptptیدن ensured.newautocompletept.slfpt.ObjectIdیدنautocomplete.slfpt ensured žádnýptpt.slf.slfptpt Associatesptpt Fiesta ensuredautocompleteautocomplete.slfptpt.newautocomplete Asidept особpt.slf nostalgicautocomplete ensured nostalgic Asideautocompleteptpt officers sheetautocompletept.newautocompleteautocompleteautocomplete ensured.slfwaves sheetpt особautocompleteautocomplete nostalgic особminationautocomplete особ viability sheet žádný.slfautocomplete Associates.slfptautocompleteautocompleteband.slf sheetautocompletept.slfautocompleteautocompleteptautocompletept nostalgicpt Aside sheet ensuredpt.slfband.slfjerne ensuredautocomplete ensuredautocompleteautocompleteautocompleteautocompleteautocompletept žádný ensured134.slfautocomplete ensured Associatesautocomplete nostalgic особautocompleteautocompleteautocompleteautocompleteptautocompletept.slf ensured sheetautocomplete ensured باد134band ensured.slfptautocompleteautocomplete ensuredautocomplete Fiestaptpt.slf.slfpt.ObjectId sheetpt ensuredautocomplete.slfpt134pt.slfptautocomplete.slf.slfptpt134autocomplete sheet.slf บรpt.slfptptptbandpt.newautocomplete.slfNaN.slfpt.slf.slf.slf بادautocompleteautocompleteautocompleteptptpt Slotspt.slf ensuredautocomplete.slfpt ensuredband ensured بادpt.slf viabilityptautocompleteptband sheetautocompleteptptpt.newautocomplete ensuredautocompleteautocompletept.slfautocomplete nostalgic ⌒ptautocomplete.slfptwaves sheetautocomplete nostalgicptpt.slfautocompletept sheetband ensuredautocompletept ensured.slfptwaves ensured.ObjectId особ sheetautocompleteیدنautocomplete nostalgic sheetautocomplete особautocompletept viabilityautocompleteptptpt sheet žádnýautocomplete sheetautocompleteautocompleteautocomplete особptautocomplete.slfautocompleteptautocompletept.slfautocomplete sheet ensuredautocomplete sheet sheetautocomplete.slfbandjerne ensured Associates sheetbandptptptbandautocompleteautocomplete.slf.slfbandautocompleteptptptautocompleteautocomplete.slf žádnýautocomplete nostalgic.slfptptautocompleteautocompleteptautocompletejernept Associatesautocompleteautocompleteautocompleteautocompletept.slf sheetautocompletept.slf особ ensuredautocomplete Associatesautocomplete.slfpt ensuredpt.slfbandautocomplete Aside.slf.slfautocomplete ensured sheet nostalgic sheet žádnýptpt žádný บรptautocompleteautocomplete nostalgicautocompletept viabilityptptpt viabilitypt.slf.slf sheetpt ensuredautocompleteautocompleteautocompletept sheetautocomplete ensured nostalgic sheetptautocomplete.slf sheetpt.slfptpt.slfautocomplete žádnýautocomplete žádnýpt.slf บรیدنptautocompletebandptautocompleteautocomplete sheetautocompleteptpt žádnýptptband.slf บรpt žádnýautocompleteautocomplete ensuredautocomplete.slf.slfautocompleteautocompleteautocomplete.slf.new žádný Hartford nostalgicpt.slfpt.ObjectIdautocomplete.slfpt.slf sheet viabilityptpt.slf officers sheetptpt.slfptpt.ObjectId probleautocompleteautocompleteptpt.slf.slfpt.slfptautocompleteautocompleteautocompleteptpt sheetautocompleteautocomplete ensured nostalgic sheetband.slfpt ensured,dpo
q0022,استمر هذا الشعور لاكثر من اسبوعين مع الخوف الشديد من الموت وبعدها خف هذا الشعور وبدبت اشعر بطداع وثقل في الراس والعين وكتمة في الصدر وجفاف في الحلق واسهال متقطع من شهرين والغثيان وطعم مر في الحلق وفقدان الشهية للاكل ولا استطيع النوم من الخوف,jerne Asideautocompleteautocomplete.new Elm บรpt.slfautocompleteautocompletept žádnýptptautocomplete.slf Associatesautocompleteptband ethereumptautocomplete Associatesautocompletebandautocomplete134autocompleteautocompleteptptptpt nostalgic nostalgic sheetautocompleteptpt.slf.slfpt Elmautocomplete134ptptptjerneautocompletept viability nostalgicpt.slfautocomplete.slfautocompleteptautocomplete.slfpt.slfbandpt sheet ⌒autocompletept Aside ensuredautocompleteautocompleteautocompleteautocompleteautocompleteautocomplete Aside особpt ensuredptpt sheetband ensuredband nostalgicbandautocompleteptpt Associatesautocompleteautocompletept ensured Associatesptpt.slfautocompleteautocomplete.slfautocomplete.new.slf.slf.slfpt nostalgic sheet.slfautocompleteautocompleteautocompleteband.slfpt.slf ensured probleautocompleteautocompletept บร особautocompleteautocompleteptpt žádný nostalgic nostalgic	publicautocompleteband Aside sheetautocomplete nostalgic nostalgicpt134.slfpt nostalgic.slfpt.slfptắnpt.newautocomplete viability особautocompleteautocomplete sheetptautocompletept žádnýpt nostalgic nostalgicptjerne sheet probleautocomplete ensuredautocompletept žádnýptautocompleteautocomplete Associatesautocomplete sheetautocompleteptpt.slf.ObjectIdautocompletept sheet.slfpt nostalgicptautocomplete.slf sheet probleautocompleteptpt Aside sheet134autocompletept.slf viabilityptptpt Associatesptpt ensured sheet žádnýptautocompleteptptpt.slfband EnumerableStreamautocompleteautocomplete.slf nostalgic особptautocompleteautocompleteautocompleteptband nostalgic ensuredptautocomplete nostalgicptautocompletept nostalgic.slfautocompletept sheetptpt Associatesptautocomplete nostalgic probleautocomplete ensuredautocompleteautocomplete особautocomplete.slf บร.slf nostalgic sheetptautocompleteptptpt.slfautocompleteautocompleteautocompleteautocomplete особ sheetautocomplete ensured بادautocomplete.slf134autocompleteautocomplete.slf.new ensuredautocomplete особ Hartfordptpt.slfpt особautocompleteautocompleteptpt.slfptjerne Aside sheetautocomplete.slf nostalgic sheetautocompletept ensuredautocomplete Associatesptautocompletebandptptbandautocompleteautocomplete.slf Asideautocompletept Asideautocompleteptptpt.slfpt Asideautocompleteautocomplete probleautocompleteautocompleteptpt nostalgic nostalgicptptpt žádný особautocomplete nostalgic nostalgicptptpt บรpt особ.slf ensuredautocompletept บรautocomplete особautocomplete.slf.slfpt.slf บรpt nostalgic особautocompleteband.slf probleautocompletept Associates ensured nostalgic	publicptptpt probleautocompleteptautocomplete Aside.slf.slfautocomplete.slf.slf žádnýptautocomplete.slfpt ensured Associates sheet ensured.slf probleautocomplete ensuredptptautocomplete ensured nostalgicpt nostalgic Associates.slfautocomplete.slf.slf.slfptpt žádný Associatesautocompleteautocomplete.slfpt.slfptpt sheet ⌒pt確認ptpt žádnýautocompleteptptptjerne ensured Asideptautocomplete.slfautocompleteautocompleteptautocomplete.slf.slfautocompletept.slf.slfpt.slfautocomplete viabilityautocomplete sheetbandpt.slfptpt.new134ptautocomplete ensuredptptptptpt Aside nostalgic.slf nostalgicpt officers žádný ensuredautocompleteautocomplete sheetbandautocompletept.slfpt nostalgicpt.slf sheet ensured sheetptptpt.slfpt,dpo
q0023,تعرضت لتحرش في صغري والان انا شاب ؏ـمريہ ١٨ سنه لكن لدي رغبه بممارسه مع رجل وقبل كم يوم لقد اتفقت مع رجل وجاء الي وقبلني وداعبني فقط وانا هربت ومن بعدها بديت ببكي وكاره الدنيا,autocomplete.slf Elm('^ptpt nostalgicband.newautocompleteautocompleteautocompleteautocomplete.slfptautocompleteptautocomplete nostalgicautocompletept proble Elmpt Aside.slf Associatespt proble134autocomplete.slf Fiestabandptptptpt.slf Elm ⌒.slfpt nostalgicptautocomplete134autocomplete nostalgic proble.slfautocomplete nostalgicautocomplete nostalgic Associates.ObjectIdptpt Asideautocomplete nostalgicptautocomplete.slf.slfautocomplete sheet viability sheetptpt ensuredautocompleteautocomplete.slfptptpt nostalgic134autocompleteautocomplete.slfautocompleteautocompletept.slf Associatesautocompleteautocomplete.slfautocompletept.slf.slf.new بادptautocomplete особpt nostalgic sheetptautocompleteautocompleteptpt.slf.slfautocompleteautocompleteptpt žádnýautocomplete proble ensuredautocompleteautocompleteautocompletept особautocomplete nostalgic Associatesbandptbandpt ensuredautocompletept.slf žádnýptptptautocomplete nostalgicbandpt viabilityptpt Elm sheet žádný.slfptautocompleteband Swagger sheet Associatesptband proble sheet.slfpt.slfwavesautocompleteautocomplete Asideautocompleteptptpt Slotspt sheet sheetautocomplete ensured.slfpt.slfpt ensured ensured Slotspt sheetautocompletept.slfbandautocompletept.slfpt.slfptptptptptautocomplete.slfautocompleteautocompleteautocomplete ensuredautocomplete.slf.slfptpt.slf Aside.slfautocomplete.slf.slf žádnýpt134ptautocompleteautocomplete.slfautocompletept viability особ بادautocomplete Asideautocompleteautocompleteptband.slf ensuredautocompleteautocomplete особ особjerneautocompletept.slfptpt Elm ensured особautocompleteautocompleteautocompleteautocompletept.ObjectIdptptptpt viability.slfpt ensuredautocomplete.slf134.slfpt Associatesptpt.slf Associates sheetpt nostalgicptpt Associates sheetautocomplete Aside.slfbandptautocompleteautocomplete.slfautocompleteautocomplete Associates.slfpt nostalgic nostalgicpt sheetautocomplete probleNaN ensuredautocomplete probleautocomplete viability nostalgic nostalgicpt nostalgic.slf.slfautocomplete sheetpt žádný134pt sheet.slfautocompleteptautocompleteptptptptglesptpt Asidept ensured nostalgic.slfptautocompleteptptpt sheet nostalgic sheetautocompletept.slf.slfpt Associates sheetptpt.slfptpt.slfptptautocompleteautocomplete ensuredautocompleteautocompleteautocompleteautocompleteptpt.slfpt.slf žádnýautocompleteptptptpt.slf Associatesptpt Associates ensuredptautocomplete nostalgicptptptptautocompleteautocompleteband ensuredautocomplete ensured особ žádnýautocompleteautocompleteptpt ensured особautocomplete Slotsautocompletept Associates nostalgic	public.slfpt Asideautocomplete Associatesbandpt особ nostalgic.slfpt sheetautocompleteptptptautocompletejerneptpt.slfband.slfautocompleteautocompleteautocomplete.slfpt Slotspt žádnýptautocompleteautocompleteautocomplete Slotsautocomplete Asidept.slf.slfpt sheetband žádný ethereum	public.slf.slfptptautocompleteautocompleteptptpt Elm.slf sheetautocompleteautocomplete.slfautocomplete nostalgic sheet.slfpt.slfautocomplete確認pt.slfptband Associatespt sheet ensured.slfautocomplete บรautocomplete nostalgicptpt.ObjectIdpt sheet.slf.slfptpt Slots sheetautocomplete.slfptptautocompleteautocompletept.slf,dpo
q0024,السلام عليكم ورحمة الله وبركاته ممكن اخد دواء سبرالكس بدون وصفة الطبيب وكم المدة التي يتم اخدها,�� Elm sheet особautocompletept บร Aside особ особ.slfptband.slfautocomplete nostalgic sheetpt.slf особ.slfautocompleteautocompleteband.slfpt134ptptjerneautocompleteptptjerne.slfautocompleteautocomplete nostalgic.slf особptautocompleteautocompleteptautocomplete.slfpt žádný особautocompleteptautocompletept žádnýautocompleteautocompleteautocompleteptautocomplete ensuredpt sheetautocompleteptptptptptpt.slf nostalgicautocompleteptautocompleteautocompleteautocomplete ensured sheetautocompleteautocompletept sheetautocompleteautocompletept.slf บรautocompleteptpt134autocomplete ensured nostalgic sheetpt nostalgic.slf.slfautocomplete Asidept.slf.newpt.slf.slfptband บร بادautocomplete134 nostalgic.slf ensuredpt особ ensured.slfpt.slfpt บรautocompletebandautocompletept proble proble nostalgicautocompletept.slf บรautocomplete บร.slfptptptpt.slfptptjerneptpt.slfpt ensured بادautocompletept.slf žádnýbandautocomplete	publicpt особautocomplete134.slfautocomplete.slf Aside nostalgic.slfautocompleteautocompleteband134autocomplete.slf sheet nostalgic nostalgicpt nostalgic sheetpt Slotsptautocomplete ensuredpt.slfptptpt žádný особ žádnýautocompletept.ObjectIdptptautocomplete nostalgicpt.slfptautocompleteautocomplete ensuredautocomplete134 sheet sheetptptautocompleteautocompletebandautocompleteptautocompleteautocompleteautocompleteautocompletept ensured особptptptpt Slots sheetautocompleteptpt.newautocompleteptautocompleteptpt.slfpt Slotsautocompletept особ.ObjectId.slfptpt.slfptptpt sheet sheetptptautocompleteautocompleteptptband ensuredptpt особautocompleteautocompleteautocomplete Aside Mam sheetptautocompleteband Associatesautocompleteautocompleteautocomplete.slfpt.ObjectIdautocompletept.slfیدنptpt žádný sheetpt sheetbandpt.slf.slf sheet ensured особptptpt žádnýautocomplete ensuredpt.slf sheetptautocompleteautocompleteautocomplete.slfptptpt.slfautocompleteautocompletept nostalgicautocompleteptautocompleteptautocompleteautocomplete nostalgicband viabilitypt.slfpt sheetautocomplete ensured.slf.slfpt ensuredautocompletept sheet ensuredautocompleteautocomplete.slf ensuredptpt ensuredautocompleteptpt ensured.slfautocompletept.slf žádný ensuredpt.slfautocompletebandpt Associates sheetpt žádnýptautocomplete.slfpt.slf.slfband.slfptpt.newpt.slfautocompletept.slfautocomplete nostalgic sheet sheet žádný nostalgic sheetptautocompleteptptband ensuredautocompleteautocomplete Associatespt.slfband ensured nostalgicptptptpt sheetautocompleteptautocomplete บร Asidept особptptptautocomplete proble.slfautocomplete sheet sheet sheet sheet.slf Fiestaptpt.slfpt особautocompleteautocomplete Associates sheet.slf особ Associatesptband viability-Trptautocompleteautocompleteptptptautocomplete.slf sheet ensured žádný proble ensuredautocompleteautocomplete.slfpt nostalgicptptpt Associatesautocomplete.slf.slfautocomplete sheet žádnýculus ensuredautocompleteptautocompleteautocompleteptptpt บร sheetptpt sheetautocomplete viability ethereumjerneautocompleteautocomplete ensuredautocompleteautocomplete ensuredjerneautocompleteautocompleteptautocompleteautocompleteautocompleteautocompletept sheetpt,dpo
q0025,أكره أبي منذ الصغر ولا احب التحدث معه لأنه عندما كنت طفلة كنت بدينة وكان دائم التنمر على شكلي ويقارنني بالفتيات الأخريات وكل عائلتي وأقاربي نفس الشيء دائما يتنمرون علي والآن أنا أقترب من العشرينات وما زالت ثقتي بنفسي متزعزعة وأرفض فكرة الزواج لأنني غير راضية عن شكلي,autocompleteautocompleteautocompleteautocomplete.newautocomplete ensured.Ofautocomplete Mam Associatespt บรptpt proble nostalgic.slf nostalgicptpt.slfpt Fiesta بادautocompleteautocompleteautocomplete.slfptband Associates ensured особautocompleteautocompleteptautocomplete žádnýptpt.slfpt.slfpt ensured.slf.slf sheet ⌒ nostalgicpt.Ofautocompleteautocompleteautocompleteptptptptpt.slfautocompleteautocomplete ensured.new sheet sheetptptptptptptptautocomplete sheet.slfptptptptpt nostalgic nostalgicpt.slfpt sheet nostalgicptautocomplete особ.slfautocompletept บร ensured особ.slf.slfptptptpt особ134autocompleteptbandautocompleteptpt.slfautocompletept134 Elm18.slfptptptptautocompleteautocompleteptpt sheetptpt nostalgicptautocompleteptbandautocompleteptptpt Associatesautocomplete nostalgicpt.slf.slfband EnumerableStream ensuredautocompletept.newautocompletept ensured.slfautocompleteautocompleteptjerneautocompleteautocomplete Aside sheet žádnýptptpt Elm.slfpt.slf134 ensuredautocompletept.slfptptpt nostalgicptptpt Asideautocomplete.slfpt.slf.slfautocomplete sheetptjerne Asideautocompleteắnpt sheetautocompleteautocomplete บร officers sheetautocompletept.slfband ensuredautocomplete ensured.slfptautocomplete officersautocomplete Aside nostalgicautocompleteautocomplete ensuredptpt.slf nostalgic.slfptptband.slfautocompletebandautocompletept.slfptjerneptptptautocompleteautocomplete sheet viability sheet ensuredpt.ObjectId nostalgic Elm.slfptautocomplete Associatespt sheet nostalgic sheetautocompletebandautocomplete134.slfptptptptband probleautocompleteband žádný.slfautocompleteptptptautocomplete sheet.slfautocomplete nostalgic nostalgic.slf134 sheet ensuredautocompleteptpt sheetautocompleteautocomplete.slf особptptautocompleteptpt žádnýpt Slotsautocompletept.ObjectId Aside.slfptptautocompleteautocompleteptptautocompletept probleautocompletebandptautocomplete Slotsautocompletept.slf.slfpt Elm sheet Elm sheetculus sheetautocomplete.slf.slf Associatesautocomplete nostalgic nostalgic nostalgicband probleautocomplete nostalgicptpt.slfpt sheetpt.slf nostalgic особautocompletept Aside บรpt.slfautocomplete บร ensuredautocompletept особ.slfautocomplete особ nostalgicautocomplete.slfautocomplete Associatesautocomplete sheet особ ensuredautocompleteautocompletebandautocomplete особautocompleteautocomplete.slfautocomplete134autocomplete.slf.slf Aside особptNaNpt ensuredautocomplete особ.slf บรautocompleteptautocompleteautocompletept ensured sheetautocompleteptpt ensured viabilityautocompletept officers особ ensuredptptptptptpt.slfautocomplete.slfpt žádnýptptpt.slfautocomplete ensuredautocompleteautocompletebandautocomplete.ObjectId nostalgicptautocompleteptpt.slfpt Asideautocomplete AsideNaN Aside sheetptptautocomplete.slfpt žádnýautocompleteautocompleteptautocomplete.slf sheetautocomplete Asideptautocomplete nostalgic nostalgic.slfpt.slf ensuredautocompleteptptautocompleteptpt.slfpt Aside.slfptptptpt sheetautocompletept134ptptptptpt nostalgic Associates ensuredautocomplete.slfptpt ensured nostalgic.slfptpt viability ensured,dpo
q0026,عندي فوبيا شديييدة من الأمتحانات و أشعر بالرعب مع قترابهم فلا أستطيع الدراسة من التوتر و تبدأ صحتي بالتدهور فلا أستطيع الأكل و أتقيئ القت كله و لا أستطيع النوم و تنميل اليدين,autocompleteptpt134.slfptpt Elm черв134ptptautocomplete nostalgicptptpt viability.slf.slfautocompleteautocompleteptptptbandautocompleteptpt.new nostalgic.slfautocompleteptptptptautocompleteautocompleteautocompleteptptautocomplete nostalgic Fiestaautocompleteptptpt nostalgic proble.slfautocomplete Associatesptautocompleteautocompletept บรautocomplete.slf บรband ensured Associatesptptpt.slfptband134.slfptautocompleteptptautocomplete Mam sheetptautocomplete.slf sheet nostalgic sheetptpt.slfptautocompleteautocompleteautocompletept sheetautocompleteptptpt Aside особptptautocompleteptptpt.slf134.slfpt.slfpt Slotsautocompleteptptptptband ensuredautocompletept.slf Aside.slfautocomplete Associates особptpt Asideautocompletept Asideautocompleteautocomplete134ptband.slfpt ensured sheetptptNaNptptautocompletept sheet บร особautocompleteautocompletebandautocomplete.slf viabilityptptptautocompleteautocompleteptptautocompleteautocompleteptpt.slfautocomplete.slfband viabilitypt Elm.slf.slfpt sheetautocompletept Elmpt.slf žádnýptpt.new nostalgic ensuredautocompleteautocompleteptptptpt.slfautocomplete žádný nostalgicband Associates viability.slf nostalgicpt.slfautocomplete.slf ensuredắnautocompleteautocomplete134ptptautocompletept Aside Associates sheetband ensured.slf problept особ Elmautocompleteautocompletept nostalgic nostalgicbandpt.slf.slfpt.slf viabilitypt žádnýautocomplete ensured proble134 nostalgic sheet nostalgic.slfptptpt.slf.ObjectIdptptptautocompleteautocomplete nostalgicptautocompletept ensuredautocompletept nostalgic Elm sheet nostalgicpt.slfautocompleteautocomplete sheetptpt sheetautocompleteautocompleteptautocomplete.slfpt Asideautocompletept sheetptautocompleteautocomplete Associatesautocompleteptautocompleteautocompleteptptptpt.slfpt.slfpt sheetpt žádnýautocomplete.slfpt ensured viability nostalgic nostalgic nostalgicpt.slfautocompleteptautocomplete ensuredautocomplete sheetpt134 Aside-Trptptpt sheetbandautocompletept ensured sheetpt nostalgicptptptpt viability viabilityautocomplete proble姐ptptpt sheetautocompleteptautocomplete nostalgic.slfpt.slf.slf sheetautocomplete žádnýptpt.newautocomplete.slfptpt บรptautocomplete.slf viabilityptptptminationpt.slfptptpt.slf.slfautocomplete.slf.slf sheetautocompletebandband особ sheetptpt.slf sheet.slfpt.slfpt viability บร ensured nostalgicpt.slfautocomplete.slfptautocomplete nostalgic sheet.slfbandptautocompleteptjerne Aside Associatesautocompleteautocomplete.slf nostalgic.slf.slf sheet sheetautocomplete nostalgic sheet.slfpt.slfptbandptptautocompletept Associatesautocompleteptpt.slf особpt Associatesautocompletejerne особ viabilitypt.slf.slfpt.slfautocomplete.slfptptptautocomplete Associates ensuredpt особ.slfpt nostalgicbandautocompletept žádný žádný ensured viability sheetیدنptautocomplete Aside nostalgic sheet.slfptpt sheet sheet Asidept Aside.slf sheetautocompleteptắn บร.slfptptptautocompleteptpt nostalgic,dpo
q0027,هل يمكن أن يشعر المكتئب بلحظات من السعاده البسيطه,band probleptptautocomplete.slf Elmautocompleteptautocompleteptautocompleteautocomplete134 žádnýautocomplete nostalgic sheetautocomplete Asideautocompletept Associatesptautocompleteautocompletept.newpt.slf особautocompleteptpt Elmpt ensuredautocompletept sheetptpt.slfbandautocompletept proble особ.slfautocompletept.slfpt Associates ensuredautocompleteautocompleteautocompleteautocompleteptptpt viability probleautocomplete proble sheet nostalgicptpt Fiesta-Trpt Aside sheetjerne ensured nostalgic ⌒bandautocomplete особ особptptpt.slf nostalgic viability nostalgicautocomplete особptpt proble Hartford ethereumautocomplete nostalgic.slf sheet.new особptautocompleteptpt.slfpt sheetptpt sheet.slfpt.slf.slfptbandptptpt nostalgicpt.slfpt.slfptpt sheet viabilityptband ensuredautocompleteptpt nostalgicpt.new nostalgic nostalgicpt Slotspt.slfptjerneautocompletept nostalgicpt sheet.slfautocompleteautocompleteautocompleteptpt.slf.slfptautocompletept134.slfptautocomplete особautocomplete Associatespt.slfautocompleteautocomplete.slf134 особautocomplete บรautocomplete probleautocompleteptpt ensured.slfpt.ObjectId особautocompletept nostalgicptpt sheet ensuredptautocompleteptptptptautocompletept ensured nostalgic nostalgicptptpt ensured sheet nostalgic Associatesptautocomplete ensuredautocompleteautocomplete.slf viability особautocompleteautocomplete officers особautocompleteautocompleteautocomplete sheet viabilitypt sheetautocompleteptptptpt viabilitypt nostalgicptpt probleautocomplete sheet sheet.slfptpt.slf nostalgic sheetpt.slfautocomplete ensuredbandpt viability žádný Associatespt sheetband.slfpt.slf บรautocompleteautocomplete บร ensured proble ensuredautocomplete.slf officerspt.slf.slfautocompleteautocomplete officers особautocompleteautocompleteautocomplete Fiesta ethereumptptptptglespt ensuredautocomplete officers особautocomplete.slf nostalgic Aside sheetautocompleteautocomplete sheetband ensuredautocomplete ensured Associatesautocompleteautocompleteautocomplete ensuredbandautocomplete確認pt особautocompleteautocompleteautocomplete.slfautocomplete ensuredautocompleteautocompleteautocompleteptpt ensured sheetptautocompletept ensured особ.slf.slf.slfculus ensuredautocomplete особautocomplete.slfautocompleteautocompleteautocompleteautocompleteptpt.slfptautocomplete.slf.slf sheet134pt.slf problejernept.slfptpt134 Elm особpt nostalgicptautocompleteautocomplete.slfptptptbandautocomplete.slf บร ensuredautocomplete確認autocomplete ensured officers ensuredautocomplete viability особ บรpt Asideautocompleteautocomplete ensuredautocompleteptautocompleteptptpt.slf.slf ensured sheetautocomplete.slfautocompleteautocompleteptpt sheet sheet sheet sheetautocompleteautocompleteautocompleteautocompletept.slfpt Associates บรpt žádnýautocomplete.slfpt Fiesta.slf Aside viability sheet sheetbandpt.slfptband.slfband บรpt.slf viability.slf.slfpt ensuredptptautocomplete особ บรautocompleteautocompleteptptptautocomplete.slf.slf nostalgic บร sheetautocompleteptautocompleteptautocompletept žádný.slfband ethereumptptautocompleteptpt viability.slf особpt.slfptptpt viability sheet sheetptptpt nostalgicautocompletept особptautocompleteptautocompletept,dpo
q0028,اعانى من الم ف الصدر وضيق التنفس و زغلله فى العين وأجريت منظار للمعده وتبين ارتجاع مرئ هل الارتجاع يسبب كل هذا ؟,autocompleteautocompleteautocompleteautocompleteautocompleteptNaN ⌒ sheet.slfautocomplete sheetautocomplete134ptptautocomplete nostalgic.slfptptptautocomplete.slf Associatesautocomplete Associates žádný ensuredautocompleteautocompleteautocompleteautocompleteptptptautocomplete probleautocompleteptptautocompletept.slf.slfautocompletept.slf Aside Asideautocomplete.slfautocomplete ensured.slf nostalgicptautocompleteptautocomplete Associates ensured sheet sheetptptptptautocompleteptptptband ensuredjerneautocompleteautocomplete ensuredautocompleteautocompleteptptbandpt особ ensured nostalgic žádný ensured Associatesautocompleteptautocompletept особautocompletept.slfautocomplete nostalgicptautocompletebandpt.slf บรpt.new('^.ObjectId134.slf žádnýautocomplete особautocompleteautocomplete sheet sheet134 nostalgicautocomplete особptptpt особautocomplete Aside nostalgic บรptptptptpt žádný особminationpt viability sheetpt.slfpt ElmTableViewptptptautocompletebandautocompleteptptpt.slf sheetptpt.slfpt134.slf.slfpt nostalgic nostalgic ⌒ nostalgic.slf ⌒pt134 sheet sheetautocompletept.slf บรpt sheet134 Associatesautocomplete บร nostalgicptptpt особ sheet.slfautocompletept.slf žádnýautocomplete.slfautocompleteautocompleteautocomplete Aside ensured sheetautocomplete nostalgicptautocomplete บรptpt.slf sheet.slf.slf Asideautocompleteptptautocompletept Associates nostalgic sheetptptptautocompletept.slf.ObjectIdpt.slfptptautocomplete.slfptautocomplete ensuredautocompleteautocompleteautocompleteband žádný ensured ensuredautocompleteautocomplete žádnýautocomplete žádnýptptautocompleteptptpt žádnýptptpt Slotspt.slfpt.slfptpt Associatesautocompletept žádnýautocompleteautocompletept nostalgicpt nostalgicautocomplete.slf.slf Associates особNaNpt Associatesautocomplete nostalgicautocompleteptpt.slfautocompleteautocompletept.slfptpt žádný Associatesautocompleteautocompleteautocomplete บรautocomplete nostalgic	publicautocompleteautocomplete.slf.slfautocompleteautocompletept บรautocompletept viabilityautocompleteautocompleteband.new особ Asidept žádnýptptptpt viability ensuredautocompleteautocompletept134 žádný nostalgicptautocomplete viability nostalgic особptminationjerne sheet sheetautocompletept Associatespt sheetpt žádnýptautocomplete žádný.slfpt sheetautocomplete.slf.slf особ problept sheetautocomplete.slfautocomplete.slfptptpt žádný особ sheet sheet.slfautocompleteautocompleteautocomplete ensured Slotspt sheet Aside.slfptjerne sheet.slf sheet.slfptptautocomplete sheetpt.slfpt.slfautocompleteautocompleteautocomplete officersautocompleteautocompletept sheetautocompletept žádnýpt.slfpt.slf žádnýband Associates особpt บร nostalgicptautocompleteptautocompleteautocomplete Associatespt.slf особ ensured особautocomplete sheetautocomplete nostalgic Associates особautocompletebandautocompletebandpt Aside.slf.slfpt.slfptptpt Asideautocompleteautocompleteautocomplete Associatespt.slf žádný nostalgicpt žádný nostalgic nostalgicptautocomplete.slf บรpt Associatespt.slf nostalgic.slf особ nostalgicpt viabilityptptcluding nostalgic nostalgicptptautocomplete.slfptpt sheet особ ensuredautocompleteptpt nostalgic	publicautocomplete Aside姐 بادautocomplete sheet ensured.slf viability,dpo
q0029,انا اعاني من عدم رجوعي كاسابق وصا كل حياتي اتكلم عن الحادث وكيف ارجع وصرت بس قاعد في البيت وماابي اطلع واحس اني ما اشوف مع اني فحصت النظر وقال سليم بس اليسار نقص ربع واعاني اني في وهم وخيال واحس اني تايه وعدم القدره على العوده للحياه وكسل وخمول حاد,autocomplete proble134 Elmwavesptautocompleteautocomplete.slfautocompleteautocompleteptpt žádnýautocompleteautocompleteptautocomplete ensuredautocomplete Mam134pt.newautocomplete.slf ensuredptpt.slfpt Fiestaautocompleteautocompleteband особautocompleteptpt žádný.slfptptpt.slfautocomplete nostalgicpt.slfautocomplete Associatesautocompleteband.slfband Associatespt.slfpt.slf.slfptautocomplete Aside.slfautocompleteptbandpt.slf.slf viabilityjerneautocompleteautocompleteautocompleteptautocomplete Aside nostalgicautocompleteautocompleteautocompleteptptpt Associatesptautocompleteptautocomplete.slf Associates nostalgic บรjerneptptautocompleteautocomplete Associatesptptptptptautocompleteband ensuredptptpt.slfpt.slfautocomplete sheetpt.newpt Aside sheetautocompleteautocomplete особ.slf.slfpt ensured ensuredautocompleteautocomplete nostalgicpt.slfpt ensured Associatespt.slf nostalgicptautocompleteptptautocomplete nostalgic บรautocompletept ensured sheetautocomplete Associatesptptptptautocomplete nostalgic.slfptptband.slfptpt Elm.slf žádný особautocompletept.slf nostalgicautocompletept.slfautocomplete บรptpt.slf Associatesautocompleteautocompleteautocomplete.slf sheet.slf FiestaNaNautocompletept Associates особptptptautocomplete.slf Asideband ensuredautocompleteautocompleteautocompleteptptautocomplete.slf.slfpt.slfptpt.slf ensuredautocomplete134ptptpt.slf.slfpt.slfptptautocompleteptptband بادbandpt Aside.slf.slfautocompleteautocompleteautocompletept ensuredautocomplete134 nostalgic nostalgicptptptband Elmptpt Associatesptband.slf особ ensuredpt.newpt.slf proble.slfptautocompleteautocompleteptautocompletept.slf žádnýpt.slf viabilityptpt viabilityautocompleteptautocompletept Asideautocompleteautocompleteautocomplete nostalgic sheetautocompleteautocompleteautocomplete Elm บรptautocomplete nostalgicptptautocomplete officers sheetpt.slf особ.slfptautocomplete viability sheetpt nostalgic.slfpt.slf.slf.slf viability sheet.slf žádnýautocompleteautocompleteautocompleteautocomplete บรautocomplete.slfptptptpt особpt особautocompleteband Aside Associatesautocompleteptptpt.slfptautocompletebandptpt Associates ensuredautocompleteautocomplete viability nostalgic.slf sheetpt.slfpt Associates viability.slfptpt確認band ethereum žádnýautocomplete nostalgicautocomplete.slfbandpt.slf Associatesautocomplete officerspt nostalgic sheet sheet ensuredautocompleteautocompleteptptpt žádnýautocompleteautocomplete.slfpt viability ensuredpt viabilityautocompleteautocomplete.slfautocomplete nostalgic žádný.slfptband_treesautocompleteptautocompleteptptpt.slfpt ensured Associates بادautocompleteautocomplete особ.slfarakterpt ensured žádný Asideptpt.slfband sheet134.slf.slfautocompletept особautocompleteautocompleteautocomplete nostalgicpt.slfpt nostalgicptautocomplete Slots žádnýptpt.slfptautocompletept Associatesautocomplete sheetautocompleteautocompleteautocomplete Aside žádnýptpt особptpt บร Associates Aside.slf viability.slfautocompleteautocomplete.slfptptptpt žádnýautocompleteptautocomplete viabilityptpt nostalgicpt.slfptptautocomplete ensured žádnýptptptautocomplete.slfpt sheet.slf nostalgic.slfautocomplete Aside,dpo
q0030,اشعر بكتئاب عمري 17 اغلب مشاكلي مع اهلي اريد دائما ايذائهم في احلامي وتخيل انهم علي وشك الموت و كل الاهتمام اصبح لي اكرهمم مع انهم لم بفعوا شي سوي عد الثقه و الضرب و تفتيش ورائي اشعر دايما انني علي صواب مهما كانت غلطتي احب الجميع ماعدا امي اريد ان ءاذي نفسي باي طريقه لاشعرهم بلسوء و ذمب تجاهي قمت 2,viabilityptptpt.slfpt.slfautocompleteautocompleteautocompletept žádný sheet probleautocompletept134NaN ⌒ nostalgicptptpt особ134 Slotsautocompleteautocomplete sheetautocompleteautocomplete.slf.slfautocompleteautocomplete viability Asideautocomplete особ ensured Elm	ct nostalgic Associatespt.slfptautocomplete nostalgic viability probleautocompleteptautocomplete sheetpt Slots žádný ensuredautocompleteband viabilityptautocomplete особbandautocompleteautocomplete особ134autocomplete ensuredautocompleteptptautocomplete134autocompleteband problept134pt.slf sheet.slf Aside.slfptband.slf.slfautocompleteautocompletept.slfautocompleteautocompleteautocomplete ensured.new.slfptautocompleteptautocompletept nostalgicptptptautocompleteautocomplete.slf sheet.slfptptptautocompletept.slfpt sheet บรautocompleteautocompleteautocomplete.slfpt žádnýautocomplete ensuredpt nostalgic nostalgicpt Aside Mam sheet sheetautocompleteautocompleteptptptpt.slf viabilityautocompleteautocompletept EnumerableStreambandptautocomplete.slfptpt.slfptNaN.slf nostalgic nostalgic.slfpt sheet ensuredautocompleteptpt.new.slfautocompleteband.ObjectIdptpt EnumerableStreamautocomplete134ptautocomplete.slfptjerneautocompleteptpt viabilityautocompletept sheetautocomplete บรpt viabilitypt sheetpt.slfpt.slfptpt ensuredautocompleteptptpt probleptpt viability žádnýpt nostalgic.slfptpt Associates nostalgic บรpt.slf Associatesautocomplete.slfpt žádnýpt.slfptautocomplete บร.slf Asideautocomplete.slfptptband.slfpt žádnýautocompletept.slf.slf Associatesautocompletept sheetpt sheet.slfptptpt.slfpt.slfptautocompleteautocompleteptptptautocompletept viabilityptautocompleteautocomplete.slfptpt.slfautocompleteautocompleteautocompletept Associates особ Aside134.slfautocompleteautocomplete žádnýautocomplete.slfpt особ Elm.slfpt sheetptpt.slfpt ensured sheetptptautocomplete Associatesptptjerne sheet ensuredautocompleteautocomplete.slf.slfptpt.newautocomplete Elm.slfpt Aside.ObjectIdpt Aside особpt.ObjectId.slf sheetautocompletept Associatesptpt nostalgicptpt.slfptptptautocompletept.slfautocompleteautocompleteptpt.slf.slf.ObjectIdptpt viabilityautocomplete Aside viability sheet sheetautocomplete.slf sheetpt ensured134pt.slf proble nostalgicpt.slf.slfpt.slf sheetautocompleteautocompleteautocompleteptpt sheet sheetpt.slfptpt.slfpt žádný особautocomplete nostalgic nostalgic nostalgicpt確認autocompleteautocompleteautocomplete nostalgic ensured особptptpt officers особpt ensuredautocompletept ensured Asideautocomplete ensuredautocompleteắnptautocompleteptptptptautocompleteptbandptptptautocompleteptautocomplete.slf mesaj nostalgicptpt.slfautocomplete.slf Associates sheetautocompleteautocompletept.slf nostalgicptptpt ensured.slfautocomplete sheetautocomplete.slfculusautocompleteautocompletept ensured134ptptpt Elm.slfautocomplete nostalgic Fiesta sheet.slfptpt žádný134 žádný особ ensured nostalgic.slf.slfautocomplete.ObjectId บร.slf.slfptpt.slf особptptpt Associates sheetautocompletebandptptptbandpt ensured Elm sheetautocomplete,dpo
q0031,اعاني من الارق منذ سنه ونص تقريبا ولكن هذه الاشهر زاد الارق أكثر بالرغم انني اداوم ساعات طويله وارجع لغرفتي ابي انام مش قادره تتعبني افكاري يتعبني عقلي من الافكار يتعبني تواجدي بين كمية الاصدقاء(بالجامعة)اريد الهروب دايم لااعرف الى اين،اكتب لك وانا من ساعتين احاول النوم ولكن ماستطعت,autocompleteautocompletept žádný sheetautocompleteautocompletept.slfptautocompleteautocomplete Elm sheetptptptautocompletept Mamautocompleteptیدنautocompleteptpt.slf viability nostalgic особautocomplete.slfpt особ.slfautocompleteautocomplete บรautocompleteautocompleteptautocompleteautocompletebandautocompleteautocompleteautocomplete Elm Elmpt.slf probleptpt Elm sheetautocompleteیدنautocomplete.slfautocomplete.slfpt žádnýautocompleteautocomplete nostalgicpt Elm.slf nostalgic Associatesautocomplete.slfpt.slf Aside.slf nostalgic viabilitypt proble nostalgic.slfpt sheetptautocomplete nostalgic nostalgicptptpt problept.slfptptbandautocompleteptautocompleteautocomplete.slfptpt ensuredautocomplete nostalgic nostalgicautocompleteautocomplete.slfautocomplete.ObjectIdptautocompletept.ObjectIdpt особ viabilitybandpt.slfptpt особ.slf Associates sheet.slfptpt Elm sheet.slfpt134.slf žádný Associatesautocompleteautocompleteptptptptautocomplete.slfautocompletept.slf Fiestapt ensured sheetautocompleteautocomplete.slfautocompleteptpt.slf sheet особ žádný особautocompleteautocomplete บรautocompleteautocompleteptpt особautocomplete nostalgic sheet nostalgic nostalgic.slf nostalgic sheetptpt ensuredautocompleteautocomplete probleautocomplete.slf.slfpt Associates žádnýautocompleteautocompleteautocomplete žádný.slfptpt особpt.slf.slfautocomplete.slf.slfautocompletept officersptautocompleteautocompleteptband Elm ethereumautocompleteptautocompletept Slotsptptpt.slfpt ensured.slf بادptjerneautocompletept nostalgic บร134pt.slfptptpt.slf особ proble sheet nostalgic.slfpt viability žádný باد Slotspt.slf.slfautocomplete особautocomplete особ особautocomplete žádnýpt žádnýptband Swagger sheetptjerne žádný ethereum.slf بادautocompleteautocomplete probleautocompletept.slfpt Associates.slfpt.slf officers sheet viabilityptpt žádný žádnýband.slf Associates sheetptautocompleteautocomplete.slf probleautocompleteptautocomplete.slf nostalgicautocompleteptautocompleteautocomplete ensuredautocomplete probleptptptautocompleteautocomplete.slf sheetautocompleteptptpt nostalgicpt ensuredautocompletept.slfptautocompleteautocomplete.slfautocomplete особ.slf บร.slf особ Elm.slfpt sheet بادautocompleteband ensuredautocomplete viabilitybandpt nostalgicautocompleteautocomplete ensuredautocompletept.slf.slfband.slf.newptpt žádný viability ensured sheet.slf Associatespt.slfband.newptptptpt viability.slfptautocompleteautocompleteptpt ensured sheetautocompletept.slfpt nostalgicpt žádnýpt.slf sheet بادpt.new nostalgicpt nostalgicband.slfptpt.slfautocomplete ensuredptptautocompletebandautocompleteband ensured.slfptpt.slf žádný žádnýautocomplete.slfautocomplete proble sheetband.slfautocomplete nostalgic บรptptptjerneautocompleteautocompletept.slf nostalgic sheetptptptptptautocomplete.slfpt ensured.slf Fiesta sheet Asidept.slf ensured บร ethereum nostalgic sheet žádný sheet nostalgicpt žádný Associatesautocompletept ensuredband особptptpt.slfpt.slfptptptptptptpt žádnýautocompleteptptpt Associatesautocompleteautocomplete nostalgicautocomplete nostalgicptautocompleteautocompletept ensured особpt sheet sheet,dpo
q0032,هل الانتحار عن طريق حبوب المنوم يجعلني اشعر بل الم ام ساموت دون الم وماهو افضل نوع حبوب منوم يفي بالغرض ؟؟وارجو عدم ادخال اي كلام ديني بالرد ولا اريد موعظة وشكرا,autocomplete Elm probleautocompleteautocompletept.slf Elm viability žádnýbandautocompleteautocompletept.slfautocompleteautocompleteautocompleteptpt.slfautocompleteautocomplete.slf Aside nostalgic sheetautocompletept proble Asideptptptautocomplete.slf proble.slf nostalgic Fiesta proble.slfptptautocomplete officers žádný mesaj nostalgicptptautocomplete.slf особ žádný ensuredautocomplete nostalgic особautocomplete viability.slf mesajptautocomplete nostalgicptpt ensuredautocompleteautocompletept Associatesautocompleteautocompleteautocompleteptptpt.slfptpt žádnýautocomplete.slfpt sheetautocompleteautocomplete sheetautocompleteautocompleteptptpt.slfpt officersautocomplete nostalgic บรautocompletept.slfautocompletept.slf Aside особ sheetautocompletept Elm ensuredautocompleteptautocomplete.slfbandautocompletept.slfautocompleteautocomplete.slfptptptptptptpt sheet ensured บรptptpt Associates.slf особautocomplete Slotsptpt ensuredautocompletept.slfpt žádnýautocomplete Associatesautocompleteautocomplete ensuredautocomplete Associates sheetpt บร Elm Dirty nostalgic officers.slf probleautocompleteautocompleteautocompleteautocomplete.slf.slf nostalgicpt officerspt.slfptpt sheetautocomplete.slf probleautocompleteautocompleteautocomplete nostalgicautocompleteautocomplete.slf Aside nostalgic nostalgicpt ensuredautocompleteautocomplete บร134pt ensuredautocomplete nostalgicpt.slfpt nostalgicptbandpt บรptptptautocomplete žádnýband.slfbandautocompleteptpt.slfptautocomplete nostalgicptautocompleteautocompleteautocompleteautocompletept ensured probleautocompleteautocomplete sheetautocompleteautocompletejerneautocompletept.slfautocomplete nostalgicptpt viabilityjerneptpt Aside.slf.slfband.ObjectIdautocompletept ensured134 nostalgicpt nostalgicpt Associates sheet Associatesautocompleteautocompleteptptautocompleteptptpt žádnýautocompleteautocompleteautocompleteautocompleteautocomplete Elmpt ensuredautocompletept.slfautocompleteptptpt žádný ensured.slfpt.slfpt.slfpt Asideautocompleteptautocompleteautocomplete.slfautocomplete Associatespt sheet.slf.slfpt sheet.slfautocomplete nostalgicbandautocomplete особautocomplete.slf nostalgicjerne.slfautocompletept Aside.slfautocompletept ensuredautocomplete.slf Associatespt sheetautocomplete Associates nostalgicpt sheet บรpt sheetautocompleteptpt Slots ensuredpt.slf.slf.slfptptpt Associates.slf žádnýautocomplete.slfautocomplete sheet.slf.slf nostalgic sheet nostalgicpt.slf Associates žádnýband Elm.slfautocompleteautocompleteautocomplete особautocompletept.slfpt.slfptband Associatespt особautocompleteptptband.slf особ.slf nostalgicpt Slots sheet Associatesautocompleteptpt ensured บรptautocompletept особptautocomplete ensuredautocomplete sheet sheetautocomplete.slfptpt ensuredbandptautocomplete.slfptptpt.slfpt viabilityptptptpt.ObjectId134.slfpt officerspt ensuredautocompleteautocomplete.ObjectIdautocomplete.slf.slfptautocompletept žádný sheetautocomplete žádnýautocompleteautocomplete особ.slfautocompleteautocomplete.slf viability žádnýautocomplete Associates ensured особpt žádnýptautocompleteautocomplete Associatespt žádnýptptptptautocomplete Associates.slf.slfautocompleteptbandband ensuredautocomplete.slf sheetptptpt sheetpt sheet Dirtyptptautocompleteband žádnýptptpt nostalgicpt viability sheet,dpo
q0033,البكاء اثناء العلاقه ، متزوجه من شخص احبه لطيف معي اثناء العلاقه لاعلم سبب بكائي لان لايوجد الم وهذا الشعور الغريب اشعر به من فتره الى فتره متزوجه منذ 11 شهر,autocompletept sheetbandautocompleteautocomplete.slfptpt Fiesta žádnýautocomplete.newptautocompleteautocompleteglespt особautocomplete Associates особ Elm особptptautocompleteautocompleteautocompleteautocompleteautocompleteautocomplete.slf žádnýautocompletept viability особptautocompleteptptautocompleteautocompleteautocompleteautocomplete.new.slfpt ensuredautocomplete.slfptautocompleteautocomplete Aside особ proble nostalgicNaNptautocompleteautocompletept nostalgicptautocompleteautocomplete nostalgic134 nostalgic.slf mesaj ensured.slf.slfpt Mam žádnýautocomplete.slf žádný nostalgic.slfptautocomplete Associatesautocompleteautocomplete.slf.ObjectIdptpt.slf viabilitybandautocomplete.slf особ nostalgic ensuredautocomplete nostalgic probleautocomplete nostalgic nostalgic.slf ensuredautocompleteautocomplete.slfpt.slfautocomplete Aside nostalgic ensuredptptptptautocompletept особptpt.slf особ žádnýptpt ensured Slots žádnýpt.ObjectIdpt Asideautocompletept.slf بادautocomplete nostalgicautocomplete sheet nostalgic sheet ensured proble.slf sheet.slfptptptptptpt.slf особ особptautocomplete.slfpt.slfptptautocompletept viabilityjerneautocompleteautocomplete Elmptptpt.slfpt особptpt.slfautocompleteautocomplete ensured.slf.slfptband ensuredpt nostalgic žádnýptpt žádný Aside nostalgic nostalgicpt.slfptptptpt viabilityptptpt ensured sheet.slfpt.slfautocompletept.slfautocomplete.slf.slfautocompletept.slfpt.slf žádnýautocompleteband.slfautocomplete.slfautocompletept ensuredptptautocompleteptautocompleteptpt nostalgicpt.new sheet viabilityptptautocomplete.slfpt.slf ensured особautocompleteptautocompleteautocompleteptautocompleteautocomplete บรautocompleteptptptptautocomplete Slotspt nostalgicptpt особpt Asideautocompleteautocompleteautocompleteautocompletept nostalgicptpt ensuredautocompleteautocomplete nostalgicptpt.slfautocompleteautocomplete особautocompleteautocompleteautocompleteautocomplete.new.slf Asidept viability sheetautocomplete.slfpt.slf.slf.ObjectIdpt sheet sheetptptpt.slfptautocomplete.slf nostalgic Elm sheetband.slfptptptpt особ sheet บร sheetpt ensured особ особ.slfpt viability sheetptptptpt.slfpt ensured nostalgic nostalgicptptpt žádný Aside.slf nostalgicpt.slf Associatesptpt.slf Associatesautocompleteautocompleteptpt sheetpt officerspt.slf sheetautocompleteیدنautocompleteband ensuredbandpt Asideautocompleteautocomplete.slf باد viability nostalgicpt.slf.slf Associatesptpt žádnýautocomplete sheet Asideautocomplete nostalgicptpt.slfautocomplete ensured ensured sheet sheetautocompletept nostalgicptautocomplete.slfbandautocompletept.ObjectId nostalgicpt sheetautocomplete.slfpt.slfautocompletept viabilitypt sheetband Aside ensuredbandjerneautocompletept ensured.slf sheetautocompleteptpt nostalgicautocomplete žádnýautocompletebandptpt Slots žádný ensuredautocompleteptptbandautocomplete ensured بادautocomplete.slf ensured Aside Associatesautocomplete nostalgicpt žádnýیدنpt sheetautocompleteautocomplete บรautocompleteautocompleteptautocompleteptptptptpt ensured Slotsautocompleteautocomplete особpt особptautocompleteautocomplete.slfptautocompleteautocompletept особautocomplete134134ptband viability sheet.slf,dpo
q0034,انا بقالي سنة باخد برشام اسمه باروكستين بدون طبيب لاني كنت اعاني من حالات نفسية صعبة جدا واكتئاب ومش عارف ابطله خالص بيعمل اعراض انسحابية صعبة مش بقدر عليها حتي لو بطلته بالتدريج برده بيكون صعب جدا وبقيت باخد اكتر من حبة ف اليوم لان الحباية الواحد مش بتعمل مفعول زي اللي كان ف البداية عندي 20 سنة,nostalgicband-Trیدن Asideautocomplete.slfpt.slf Aside Associatesautocomplete особautocomplete134autocompleteautocompleteautocompleteautocompleteautocompleteautocompletebandptautocompletept особ Elm sheetautocompleteptptpt บรautocompleteautocompleteptautocomplete.new.slfautocompleteautocomplete.slf žádnýpt.slfptpt Associatesptpt.slfpt viabilityjerneptautocompleteptjerne ensuredautocompleteautocomplete nostalgicptpt.new žádnýptpt особbandautocomplete nostalgic nostalgicautocomplete Aside Elmpt Associates.slf.slf ensured žádný sheetautocomplete sheetband بادpt.slfautocompleteptband žádný.slfautocomplete особautocomplete viability134ptautocomplete AssociatesNaNautocompleteptptptautocomplete особautocomplete sheetptpt.new Asideautocompleteptpt.slf žádnýautocompleteautocompleteautocomplete.slf.slfptbandpt viabilitymination.slf sheet nostalgic nostalgic sheet.slf sheet sheetptjernept.slfptautocompleteautocomplete.slfpt.slfptptpt Slotsptautocompleteautocomplete ensuredautocompletept.ObjectIdptautocomplete žádnýautocompleteautocompleteautocomplete sheetautocomplete.slfautocompleteautocomplete sheet особptpt особpt nostalgic Aside.slf sheetjerneptpt.slfptpt sheet nostalgic.slfautocomplete nostalgic nostalgicpt ensuredautocompletept.ObjectIdptptpt.slfautocompletept Aside ensured.slfptpt ensured proble.slfpt Associatesautocomplete.slfptpt sheetptautocompleteptptautocompleteautocompleteptbandautocompletept viabilityautocompleteptautocompleteband บร.slf nostalgic sheet nostalgicautocompleteptptptptband žádný ensuredpt確認 ensuredpt.slf sheetautocomplete nostalgic.slf.slfautocompleteautocomplete viability nostalgic.slfptautocompleteautocomplete ensured nostalgicptptptautocompleteptautocomplete nostalgicpt proble.slfpt ensured nostalgic.slfautocomplete nostalgic Associatesautocompletept.slf особautocomplete nostalgicptautocompleteptptptptband Associates Elm sheet ensuredpt.newautocomplete.slfpt.slfpt.slfptptptautocompleteautocompletebandpt Aside sheetptpt.slfptautocomplete.slf sheet ensured sheetpt особpt officersautocomplete.slf.slf	public134autocomplete.slfpt nostalgic Fiestaautocompleteautocomplete.slf viabilityautocomplete особptptautocompleteptpt особ nostalgic nostalgic sheetbandautocomplete บรautocompleteptpt.slfptautocompletept ensuredautocomplete บร nostalgic viabilityautocompletept sheet ensuredpt.slf sheetpt sheet nostalgic sheetautocompleteband.slf Associatespt.slf žádnýautocomplete ensuredautocomplete.slfpt ensuredptautocomplete ensured Slots.ObjectIdptautocomplete.slf Associatesautocompletept Associates probleautocomplete134 Associatesptpt žádnýptautocompleteband ensuredpt žádnýptpt.slf.slfautocomplete особ особautocomplete sheetautocomplete บร.slfptpt.slfautocompleteband บรautocompleteautocompleteautocompletebandptptjerneptptautocompletept sheetptautocompletept ensured nostalgicautocomplete nostalgic sheet sheetautocompletept.slf officers особptptptband sheet บรptptpt особpt nostalgicpt.slf žádnýautocompleteautocomplete.slf بادptptpt sheetptptautocompletept žádnýbandpt nostalgic sheetautocompletept.slf ensuredband.slf.slfbandautocomplete.slfautocompletept sheet особ.slfpt žádný,dpo
q0035,لا استطيع الذهاب لطبيب نفسي و اريد حل مشكلة التفكير الدائم في الموت و هلواس تفسير الاحلام,autocomplete.slf sheetptpt viability особpt Aside.slf nostalgic особjerneptptband.slfwavespt บรjerne ensuredbandptautocomplete nostalgic บรptpt ensuredautocompleteautocompleteautocomplete problejerne.slfautocomplete особautocompleteautocomplete.slf особ ensuredautocomplete nostalgic بادautocompleteautocompleteband Associatesptptpt.slf viabilitypt sheet особ134autocomplete особautocompleteautocompleteautocompleteautocompleteptautocompleteptautocomplete134pt.slf134 sheet nostalgicbandautocomplete.slf.slfautocompletept.slfpt Fiestaautocomplete.slfpt Elm sheet probleautocomplete Associatesptpt Associates134 Swaggerptpt Fiestaptptband nostalgic особautocompleteptjerneautocomplete.slf.slfptpt.ObjectId بادautocompleteautocompleteautocompleteautocomplete nostalgicbandpt.slf особautocompleteautocomplete.slfautocompleteautocompleteautocompleteautocomplete.slf134pt134pt.slfptautocomplete.slf.slf.slfautocompletept Associates probleautocomplete.slf особ Associates.slf.ObjectIdptpt.slf nostalgic.slfautocomplete.slf ensured134 ensuredautocompleteautocomplete.ObjectIdpt.slf.slfpt žádnýpt.ObjectId.slf.slfptpt sheet บร viability nostalgicptptptpt.slfautocompleteautocomplete.slfpt.slf особptptautocomplete viability.ObjectId probleautocompleteautocompleteautocomplete nostalgic Elmptautocomplete Associatespt.slfptautocompleteptptptptautocomplete.slfautocomplete nostalgic.slfptautocompleteautocompletept žádný Elmptpt особautocomplete.slfautocompleteautocomplete žádnýautocomplete.slfautocomplete.slfptpt確認autocomplete nostalgic sheet.slf mesajautocompletept.slfptautocomplete.slfpt.slf Associates.slf Fiestaautocompletept.slfpt.slf sheet sheetautocompleteptptpt.slf žádný особminationautocompleteautocomplete Associates.slf viabilityautocompleteautocompleteptjerneptptptpt.slfpt.slf viabilitypt.slf.slf ensuredautocomplete žádný.slfptpt Slotsptptautocomplete.slf.slf บรautocomplete sheet viabilityautocompletept officersautocompleteptpt.slfautocomplete.slf.slfpt Associatesptautocomplete особ ensured žádnýpt ensuredautocompleteptpt.slf.slfpt probleautocompleteptpt ensuredpt.slf.slfpt ensuredculus nostalgicpt.slfautocompleteautocompleteptptautocompletept žádný ensuredautocomplete viability proble sheet viability ensuredjerneptptpt.slfautocompletept ensured sheetpt ensuredjerneautocomplete особautocomplete.slf nostalgic žádný บร.slf nostalgicpt officers.slf sheet sheetautocompleteautocompleteautocompleteautocompleteptpt особpt Slotsptpt Aside ensured probleautocompleteband ensuredptptpt žádný особ ensuredautocomplete sheetpt ensuredautocompletept134 nostalgic особ sheetautocompleteptautocompleteautocompletept žádnýautocomplete Associatesautocomplete.slfautocomplete viability sheetptpt žádný nostalgicautocompleteptptpt บรیدنautocompletept žádný.ObjectIdband sheet žádnýautocompletept Associatespt nostalgicpt Asideautocompleteautocomplete.ObjectIdautocompleteautocompleteptpt.slf viability sheetband ensured sheetptjerne134 sheetautocompleteptptband.slfpt ensured ensured.slf особ ensured.slfbandpt sheet Dirty sheetautocompleteptpt บร Associatesautocompleteptpt nostalgic sheetpt sheet ensured Associates.slfptptpt žádný nostalgicautocomplete sheetautocomplete,dpo
q0036,انا اعاني كثيرا من الالم في معدتي و وصف الطبيب الباطنيه دوء ( جنبريد ) ولما قرئة نشرته وجدته يعالج امرض نفسيه ماذا يعني هذا؟ والطبيب يقول لي انتي اعصابك مشدوده ماهو دوعي استعمال هذا الدوء وماهي مضاره بسرعة,autocomplete Associatesautocompleteautocompleteautocompleteautocomplete особ žádnýjerneautocompleteautocompleteautocompleteptptautocompleteautocomplete Elm sheetptband.slfautocompleteautocomplete บรautocompletebandptptautocomplete Elm.slfpt.slfpt Associates Aside บรautocompleteautocomplete особ Elmjerne proble.slf Associatesptptautocomplete.slfptpt nostalgicptpt134ptptpt.slf ensuredband ensuredautocompleteptautocompleteptband.slf nostalgic Associatesautocompletept.slf.slfptautocompleteband.slf žádný Asidebandbandautocomplete nostalgicpt žádnýpt Aside sheetautocomplete nostalgic بادautocompleteautocompletept.slf nostalgicptptautocompletept Aside ensuredautocompleteautocomplete žádnýbandptautocomplete nostalgic.slfpt ensured особautocompleteautocompletept Associates ensured proble.slfptautocompleteautocomplete Associates.slfpt Slots особ sheetautocomplete ensured Aside nostalgic ensuredautocompleteautocomplete Elm.slfautocomplete Asideautocompleteautocompleteautocomplete Aside nostalgic viabilityptautocompleteautocompletept žádný.slf sheetautocompleteband ensuredptpt.slfpt134.slf.slf.slfptjerne134bandautocomplete.slf.slfptpt ensuredpt viability134band особautocomplete.slfautocompleteptautocompletept.ObjectId.slfpt žádnýautocomplete134pt บรautocomplete Swagger.slf.slfpt Associatesautocompleteautocompleteptptpt.slfpt.slf ensured sheetptautocompleteautocomplete nostalgic sheetautocompletept Aside.slf.slf ensuredautocompleteautocompleteautocompleteautocomplete.slfautocompletept ensuredautocomplete.slf.slfautocompleteptptpt.slf особ Associatesautocompleteautocomplete.newautocomplete ensuredautocompleteptptautocompleteptpt ensuredautocomplete Asideautocompletept.slfautocompletept.slf.slfautocomplete viability134 Associatesautocompleteptautocompletept.slfptpt sheet.slfpt ensuredautocomplete sheetautocomplete особautocompletebandautocompleteptptptptpt บรptautocomplete nostalgicpt žádnýptautocompletept.slf viability.slf Fiesta ensuredautocomplete Aside.slf.slfautocompleteptpt Slots sheet.slfptautocompleteptpt.slfautocomplete sheetautocompleteautocomplete ensuredjerneptbandpt žádnýptptpt.slf.slfptband probleautocomplete sheetautocomplete Fiesta sheetptautocompleteautocompleteautocomplete.slfpt ensuredbandpt.slf.newptpt žádnýpt.slf บรautocompleteautocompleteptpt ensuredautocompleteptautocomplete nostalgic.slf Aside Dirty-Trptpt officers.slf.slf особptautocomplete viability.slfautocompletept.slfptptpt.slfpt.slfpt Elm Dirtypt.slf proble134 Associatesautocompleteautocompletept sheet sheetautocomplete ensured-Trptptptpt.slfptpt.slfautocompleteptptpt sheet ensuredband sheetیدنptptptptautocompleteband žádný ensuredptptpt.newیدنband Associatesautocomplete.slfautocompleteptptpt.slfptptjerneautocomplete sheetptptptband ensured officersautocompletept.slf sheet sheet134 nostalgicpt.slfptautocompletept ensuredptptptpt officers บร officers ensuredautocomplete Aside.slfptautocompleteptpt viabilityautocompleteautocompletept Aside.slfautocomplete sheetautocomplete.slf nostalgicptbandautocomplete Associates sheetautocomplete nostalgicautocompletept ensured Elm Elm sheet Associates nostalgicband nostalgic особpt,dpo
q0037,اعاني من ارتجاف شديد مع سرعة ضربات القلب مع خوف مع الشعور بالا ختناق عند التفكير بالموت وخاصة عندما اكون برحله سفر وأحياناً عندما أفكر بالايام العاديه أحياناً وجزاكم الله خير,autocompleteautocompletept.slf Elm sheetNaN особ-Trautocompleteautocompleteautocompleteautocomplete nostalgic sheet.slfpt nostalgicptpt.slfpt.slf.new nostalgicpt Aside ensuredautocompleteautocomplete.slf Aside Mamautocomplete ensuredautocomplete nostalgic.slfptptautocompleteautocompleteptautocompleteautocomplete.slfptpt sheet ensuredautocompleteptautocomplete probleautocomplete probleautocomplete nostalgic proble.slf.slfautocomplete Asideptautocompleteautocompleteautocompletept.slfautocomplete nostalgicptptptautocompletebandautocompletept žádnýptpt Aside proble.slf sheet AssociatesNaNptpt ensuredautocompleteautocompleteautocompletept.slf บรautocompleteptptptpt особ.slf.slfautocomplete.slfautocompleteautocompletebandautocompletept Associatesautocompleteautocompletept sheet.slfptptpt Associates особ ensured Associatespt.slf.slfpt.slf nostalgic sheetautocompleteautocompletept probleptautocomplete Aside บรpt nostalgic Mam sheetautocomplete.slfpt.slf Asideptptptptptautocompleteautocompleteautocompleteautocompletept viabilityptpt134autocomplete nostalgic	publicautocomplete ensuredautocompleteptpt.slf viability nostalgic.slfpt.newptband.ObjectIdautocomplete.slfautocomplete.slfptautocompleteptautocomplete.slfbandpt Asidept sheetautocomplete ensured sheetautocomplete ensuredband probleautocomplete sheet nostalgic žádnýarakterpt.slfpt.slfpt nostalgicptptpt sheet ensuredautocomplete viabilitypt.slfptptpt.slf žádný.slfpt134134 žádný nostalgicautocompletept134 ensured žádnýautocomplete บร žádný Hartfordptptptautocomplete Associatesptptautocompleteptpt.slfpt.slf sheetptautocomplete ensured.slfptptband.slfautocompletept officers žádný Hartfordautocomplete Aside nostalgicpt Asideautocomplete.slf proble Elmptptpt nostalgic sheet ensured بادpt žádnýautocompletebandptpt nostalgic nostalgic sheet.slfautocomplete.slfpt.newpt134 žádný ensuredptbandpt.slfautocomplete確認autocompleteautocompletept.slf sheetjerne ensured.ObjectIdautocompleteptautocompleteautocomplete nostalgicpt viability ensuredptjerne บร134autocompleteautocomplete.ObjectIdptpt proble.slfautocomplete.slf.ObjectIdptptptpt.slf134 Associates особautocomplete.slfptptptptptautocompleteautocompletept Aside особ žádný Elmptptpt особ sheet sheetautocomplete.slf особ sheetptpt.slf.slfpt ensuredautocompleteautocompleteautocompletept viability sheet nostalgicpt.slf.slfptptptautocompletebandptband ethereumptbandautocompleteautocompletept žádnýautocompleteautocompleteautocomplete.slfpt บร ensuredautocomplete.slfband sheet žádný nostalgicptpt Slotsptpt Slots особ ensuredautocompletept sheet.slf особautocomplete.slf ensuredautocomplete особautocomplete sheetautocompleteptpt.slfpt žádnýautocompleteautocomplete žádnýautocomplete особpt nostalgic sheetpt.slfpt.slf особautocomplete nostalgic Associatesautocomplete officers sheet nostalgic.slfptautocompletebandautocomplete sheet nostalgic Associatesautocomplete ensured.slfautocomplete Asideband Associates ensuredautocomplete nostalgicptpt ensuredautocomplete žádnýautocomplete บร บร Associates sheetautocompletept nostalgicpt.slfptautocompleteptpt sheetautocomplete officersautocomplete.slfpt.slfautocomplete.slf nostalgic ensured ensuredautocompleteptpt sheetautocomplete,dpo
q0038,السلام عليكم. عمري ٢٦ اعاني من القلق و التفكير المستمر دائما أرى نفسي أقل من غيري. أفضل الوحده واجد فيها الراحة لا أحب الاجتماعات ولا الاماكن المزدحمة لأني أشعر فيها بالضعف,nostalgicpt134pt.slfptautocomplete.slfautocompleteautocomplete nostalgic особautocomplete nostalgic Elmjerneautocompletept viability-Tr ensuredautocompleteautocomplete Associatesautocompletept.slfptptautocompleteautocomplete особ.slfautocomplete.slfptpt особpt Mam Associatesautocompleteautocomplete nostalgicautocomplete.slf Elm.slfautocompleteautocompletebandptیدنptptbandpt nostalgic sheetautocompleteptpt.slfautocompletept žádnýptpt.slf особptpt Associatesautocomplete Aside Elm sheetautocompleteautocomplete.slf viabilityptband ensuredptptptband บรautocomplete ensuredautocompleteptjerneptautocomplete.slfptptptpt.slfautocompleteptautocompleteautocompleteptpt sheetautocomplete sheetautocompleteptpt.slfautocompleteautocomplete особ Associatesptautocompleteptptptptpt ensuredautocomplete sheetptptjerneautocomplete sheetautocompletept viability Aside sheet Aside.slf nostalgic nostalgicptband nostalgicptautocompletept ensuredautocomplete Aside особpt Aside.slf.slfautocompleteautocompletept.slf Associates.slfautocompleteptptjernept sheetautocompleteptptautocompletept nostalgicptpt.slfptptpt Associates Associates บร особ Associates viability žádnýautocomplete.slf sheetautocompleteautocomplete Asideautocomplete134 viability особpt sheet probleautocompleteptpt žádný.slfptptptpt Slotspt ensuredptptpt.slfpt ensuredpt sheet بادautocompleteautocompletept особ.slf nostalgic nostalgicptpt.newautocompleteautocomplete ensuredautocompleteptpt.slfptautocomplete.ObjectId.slfautocompleteautocomplete особptpt ensuredautocomplete žádnýautocomplete nostalgic sheet žádnýautocompletept.slf Associates Elm.slfpt ensured.slf บรautocomplete.slfpt Associatespt.slfpt Aside nostalgic.slfpt.slf sheet.slfیدنptpt.slfptautocomplete nostalgic nostalgic особptautocomplete viabilityautocompletept.slfbandautocomplete.slfptpt sheet viability Associatesptptjerne134 nostalgicpt.slf.slfautocompleteautocomplete nostalgicptptautocompleteautocomplete.slf особautocompletept žádnýautocomplete nostalgic.slf nostalgicband особptpt.slfautocomplete žádnýautocomplete nostalgicpt Elm.slf viability sheet sheetpt AsideNaN Aside nostalgic Aside особ Asideautocomplete sheetptptpt.slf nostalgicptpt Associatespt особ Hartford Elm sheetptpt.slfptautocomplete บร ethereumpt.slfarakterptbandautocompleteautocompleteautocomplete sheet žádnýptautocomplete nostalgic Associatesautocompleteautocompleteautocompleteptptautocompletept.slf sheetautocompleteptptptptpt134band.newautocompleteautocompleteptpt.slf.slf žádnýptminationptband.slf Aside.slfpt Aside nostalgicpt ensuredautocompletept.slf sheetautocompleteautocompleteptautocomplete Elm.slf sheetautocompleteptpt ensured姐 ensuredpt особ problept Asideautocompletept.slf.slfautocomplete.slfautocompletept.new.slfband Associatesptpt.slf.slf особautocompletept.slf ensured ensuredautocomplete.slf.slfautocompletept.slfautocompleteptptautocomplete.ObjectIdautocompleteautocomplete Aside žádnýptband ensured.slfpt Associates žádnýautocomplete.slf.slfautocomplete.slfpt Aside ensuredautocompleteptptpt особautocompleteautocompleteautocomplete ensuredptptjerneptautocompleteptautocomplete,dpo
q0039,حالتي نفسيه تعبت هواي افكر من كثر التفكير حته اواجه صعوبه بل نوم يعني اليوم كله افكر واقهر نفسي وصرت ابقه طول اليوم وحدي ولا احب احد يزعجني اسوي مشاكل ع ابسط الامور ممكن حل,pt Elm.slf Asideautocomplete.slfpt.slf žádnýautocomplete nostalgicptbandptautocomplete.slf Fiestaautocompleteptautocompleteptptautocomplete nostalgic.slf.slfautocompleteptautocomplete.slf Fiesta proble134 nostalgic sheet особ-Trautocomplete особautocompletebandautocompleteautocomplete บรautocompleteband sheetautocompleteptpt.slfpt.slfautocomplete особautocompletept viabilityptptptautocomplete.slfpt.slfpt.newptautocomplete nostalgicjerne Elm nostalgic Associatespt.slfautocompleteptpt.slfautocomplete บรpt žádnýptautocompleteptpt.new Associatesautocompleteautocomplete.slfptpt sheet особautocompleteautocomplete.slf особ особ134autocomplete.slfautocompleteautocompleteptpt особ žádnýpt.slfautocompletept.slf ensuredautocompleteautocompletept Aside sheetbandautocomplete Associatespt Aside nostalgicpt viability.slfptautocompleteptpt.slf.slf.slfptptptpt Slotsptptptglespt Elm.slf nostalgicautocomplete Associates.slf134ptautocomplete.slfptband.slfpt.slfpt.slfband بادautocompleteautocomplete ensuredptptpt Slots sheet žádnýautocomplete ensuredautocomplete особautocomplete особ.slf Labradorpt.slf.slfautocompletejerneptptpt.ObjectId.slfptpt.slf особptautocompleteautocomplete nostalgicptpt nostalgic.slfpt особ žádný ensured nostalgicpt sheetautocomplete.slf sheetbandptpt.slf.slfautocompleteautocompleteautocompleteptautocomplete.slfptpt nostalgic sheet ensured Slotsautocompletept viabilityNaNpt.slf.slfptpt nostalgic особautocompleteband.new.slfptpt sheet sheetband žádný Associatespt Aside officers sheetptautocompleteband sheet sheet žádnýptautocompleteautocomplete sheet.slfptpt viability sheetband.slfpt.slfpt ensuredautocomplete.slfptpt.slf.slfautocomplete Associatespt nostalgic.slf nostalgicptautocomplete žádný особautocomplete nostalgic Associatesautocompleteautocompleteautocompleteautocomplete sheetautocompleteautocompleteptautocompletept ensuredpt Aside особ ensuredptpt Asidebandpt особptpt žádnýptpt viability sheetautocompleteautocompleteptband ensured sheet nostalgic.slfpt žádný особ особautocomplete ensuredautocomplete.slfautocompletept sheet sheetpt sheetpt особ ensuredautocomplete.slf Associates Associatesautocompletept žádný sheet особ134autocomplete nostalgic sheetptjerne особptptptpt.slf Associates nostalgicptptptptpt viability sheetautocomplete.slfpt особ Associatesautocomplete probleptptautocompletept บรautocompletept.slfband ethereumpt.slf.slfptpt.slf.slf บรpt nostalgic viability sheetptptautocompletept sheet ensuredautocompletept Slotspt.slf Aside nostalgic บรptautocompletept.slf.slfautocompletept.slfptautocomplete.slfpt Associatesautocomplete.slf sheetautocomplete nostalgic Associatespt žádný ensured.slfbandpt.ObjectIdptpt.slf134 Associatespt.slf بادautocompleteautocompletept.slfpt.slf nostalgic.slf особautocompleteptptautocomplete.slf Associatesautocomplete Swaggerautocomplete ensured Slots.slf viability sheet nostalgic nostalgicpt.slfpt sheet nostalgic sheet sheetptptbandband ethereumpt ensuredautocompleteautocompletept บรptptptptautocompletept.slf nostalgicptpt,dpo
q0040,كنعاني من توثر تعبت كثير لدرجة هاد اسبوع حاولت انتحر سبب زوجي صار لي ٥ ايام منمت احي حالي ضايعة محتاجا أحد ابكي واشكي عليه الله يخليكوم نصيحة عندي أولاد محتاجة اعيش معاهوم,pt žádnýautocomplete.slfband บรautocomplete Swagger.slfautocomplete nostalgic.slfیدنpt Slotsptbandptautocompleteautocompleteautocomplete.slfpt ensuredptbandpt viability sheet Associatesautocompleteautocompletept.slfpt.slfautocomplete.slfpt viability sheetptautocomplete.slf viability.slfbandptautocomplete ensured Elm probleautocomplete.slfpt.slfautocomplete.slfautocomplete.slfautocompleteautocomplete.slf ensuredautocompleteptautocomplete sheet sheet nostalgicptband EnumerableStreamptautocompletebandband sheetptptptautocomplete nostalgicautocomplete.slf.slf особ sheetautocompletept.slfptptpt nostalgic.slfpt probleautocompletept ensuredband ensured nostalgicpt EnumerableStreamautocomplete ensured nostalgic nostalgic особ Associatesautocompletept.slfautocompletept.slf Associatesptautocompleteband nostalgic.slfautocompleteautocompleteautocompleteautocomplete nostalgic Elm žádnýpt особautocompleteautocompleteautocompleteautocomplete Associatesptptautocomplete.slfpt viability žádnýautocompleteautocompleteautocompletept ensured.slfptautocomplete sheet sheetautocompleteautocompleteautocomplete sheetpt134ptptptpt.slfpt ensuredautocompletept žádnýautocompleteband sheetptpt Elm.slf nostalgicbandptautocompletept.slf nostalgicptptautocompleteband nostalgic особautocompleteautocomplete особ Associatesautocompleteautocompleteautocompleteautocomplete บร viabilityjerneptpt žádný Associatesautocompleteptیدن viability nostalgicptpt ensuredautocompleteautocomplete nostalgic.slf sheetptautocompleteptpt ensuredpt.ObjectIdptautocompleteautocompleteautocompleteautocompletept.slf บรptpt.slfpt Asideautocompleteautocomplete.slf Associates.slfptpt viabilityjerne.slf.slfptptptautocompletept ensured.slfautocomplete sheetptptpt.slfautocomplete sheetpt Elm nostalgic sheet.slf.newautocompleteautocomplete особptpt.slf.slfautocompletept.slfautocompleteautocompleteautocompletept ensuredautocompletept.slfautocompleteautocompleteptautocomplete.slfautocomplete.slfautocomplete sheetptautocompleteautocompleteautocomplete особ.slf บร nostalgic Aside nostalgicpt.slfpt.slfptautocomplete особautocomplete viabilityautocomplete nostalgicpt.slfptautocomplete.slfautocomplete.slfptbandautocompleteautocompletept особautocomplete.slf viability.ObjectIdautocompleteautocompleteautocompleteautocompleteautocompletept.slf sheet134 Associatesautocomplete ensured nostalgic.slfautocomplete.slfptptptpt.slf Aside sheetpt nostalgicptautocompleteautocompletept Slots sheetptautocompleteautocomplete officersptptautocompleteptpt žádnýautocompleteautocompleteptautocomplete nostalgic viabilityptptpt.slf sheetpt sheet.slfptpt žádnýautocompleteptptautocomplete.slfptptband ensured.slfptptautocomplete.slf Fiesta особptpt.slf บรautocompleteband.slf ensured nostalgic sheet žádnýarakterautocompleteptpt.slf บร.slfautocomplete nostalgic sheet nostalgicpt Slots žádný確認ptautocomplete officers.slfpt134pt nostalgicpt.slfwavespt.slf особautocomplete Aside особautocomplete особautocomplete ensuredptptautocompletept.ObjectId žádnýpt.slfpt.slf Asideautocompleteautocompleteptpt ensured Asideautocompleteptptptptpt.slfptptptpt Slots.slfptpt ensuredautocompleteautocompletept officers.slfculus134pt viability žádný особautocompleteautocomplete žádnýautocompleteautocompletept.slfptpt ensuredautocomplete,dpo
q0041,طبي اعاني من وسواس النوم كل يوم اقول اني لن انام الليلة واخاف منه كيف اتخلص من هدا الوسواس وما اسبابه ؟,Slotspt(devjerne	NULLptautocomplete nostalgic mesaj sheetpt ensuredautocompletebandjipt.slfautocompleteband.slfptptptptpt особ sheet Asideautocompleteptpt134autocomplete.slf nostalgic.slf.slfptautocompleteptptautocomplete.slfautocompletept nostalgic ensured nostalgic особ.slf.slfptptpt Aside.slf nostalgic ensured.slfautocomplete.slf proble Mam sheetautocompleteptautocompletept134.slf.slf nostalgicptptpt.slf.slfautocompleteautocomplete Mambandautocomplete.slfpt nostalgic Mampt.slf особ.slfband nostalgicptautocomplete.slf ensuredautocomplete Associatesautocompletebandpt.slfpt.slfpt บรautocompleteautocompleteautocompleteautocompleteautocompleteautocompletept.slf Associates ensuredjernept.slf.slfptptptpt ensuredautocompleteptpt.slf nostalgic.slfpt บรpt особ ensuredautocomplete.slf sheetpt.slf особ sheet.slfautocompleteptptptautocomplete officersptpt viability sheetpt134 Elm sheet sheetautocompletept.slfautocompleteautocompleteptautocompleteband-Tr ensuredptpt.slf.slfptpt.slf ensuredptptptptpt officers Aside ⌒ nostalgicautocompleteautocomplete.slfband.slf Aside.slfptptautocompleteautocompleteautocomplete Aside.slfptautocomplete особptautocompletept žádnýptautocompletebandautocompleteautocomplete.slf sheetptptautocompletept.slf žádnýculus Labrador ethereumptautocompleteautocompleteptautocompleteautocompleteautocompleteautocomplete.slfpt особptautocomplete Aside nostalgic.slfautocompletebandpt.slfptptautocomplete ensured особautocompletept sheet žádnýptpt особ.ObjectIdptautocomplete134 sheetptband EnumerableStreamptautocompleteptautocompleteautocomplete ensuredautocompletebandautocompleteautocomplete особautocompletept Elm viability姐autocompleteautocomplete.slfautocompleteptpt.slf sheet sheetautocompleteptpt.slf nostalgic บรautocompleteیدنptptptband Labradorpt Asideautocompleteautocompletept officersautocompleteautocompleteptpt.slfautocompleteautocompleteautocomplete.slfptautocomplete Associates ensured.slf.slf.slf.slfautocomplete ensured.slfpt.newptptptNaNیدنptbandautocompleteautocomplete ensuredautocomplete134NaN viability ensured.slf.slf ensuredautocomplete nostalgic особ sheet viability sheetautocompleteptautocompleteptptjerne viabilityautocomplete Associatesautocompleteptjernept žádnýpt.slf.slf.slf Associatesautocompleteautocompleteautocomplete.slfptptpt žádný.ObjectIdptautocompleteautocompletept.slfpt Asideautocompleteptptpt sheetptpt บรptptpt.slfautocompleteptptautocompleteptpt.slfptband ensuredautocompleteptautocompleteautocomplete sheetautocompleteautocomplete nostalgicpt.slfpt.slfpt.slf ensured nostalgic sheetautocomplete.slfautocomplete Associatesautocomplete.slfautocompletept.slf Associatesautocompletept ensured.slfband.slf134pt.slf особautocomplete ensuredautocompleteautocomplete.slfautocomplete.slfptpt žádnýptpt.slfpt sheetptpt.slf.slf žádný134 особminationیدنptpt.slf viabilitypt.slf.slfautocomplete nostalgicptptautocomplete.slfautocomplete.slf.slf.slf Associatesptpt Asideautocomplete.slf особptautocomplete žádný sheet nostalgic ensuredptautocompleteautocompleteautocomplete žádný особ особ ensuredautocomplete особ Aside,dpo
q0042,أعاني من رهاب إجتماعي حيت أجد صعوبة مثلا في الأكل في الأماكن العمومية و الكتابة أمام الناس بحيت ترتجف يداي و تزداد ضربات قلبي عكس عندما أكون وحدي ومع عائلتي,Elm.slf('^NaNbandband nostalgicیدنptptptpt Mamautocomplete.slf.newautocomplete Elm.slf Elm Elmautocomplete nostalgicbandautocomplete nostalgicptptptptautocompleteautocompleteautocompletept.slf.slfpt nostalgic особ.slfautocompletebandautocomplete باد باد.newpt Aside.slf viabilityptpt Aside sheetpt viabilityautocompleteptautocomplete nostalgicband EnumerableStreamautocompleteautocompleteautocompleteautocomplete.slf Fiesta sheet особ.slf.new Mamautocomplete nostalgicpt ensuredpt Asideautocompleteptptpt sheet.slfpt.slfpt.slfautocomplete134autocomplete134 viability.slf.slfpt.slfpt Asideautocomplete sheet žádný.slf Associatesptptpt nostalgic nostalgic.slfpt viability sheetautocompleteautocomplete.slf134pt.slfptband134ptptpt.slf.slfpt บร.slf Associatesautocompleteautocompletept viability.ObjectIdpt sheetیدن nostalgic Associates sheetautocompletept nostalgic.slfptpt Associatesptpt ensuredautocompleteautocomplete.slfptpt.new.slfbandptband.slfptautocomplete Aside.slf.slfptbandpt.slf.slfautocompletept.newautocomplete.slfautocompleteautocompleteautocomplete sheet viability nostalgicpt.slfautocomplete ensured ensuredautocompleteptpt.slfpt.slf بادautocompletept nostalgicpt ensured sheet probleautocomplete ensured nostalgic особptpt.slfptautocompleteautocomplete.slf.newptautocompletept žádný sheetautocomplete nostalgicpt ensuredautocompleteautocompletept nostalgic Associates sheet sheetptautocompleteautocompleteautocompleteautocomplete officerspt.slf Labrador sheetpt.slfpt.slf žádnýautocompletept nostalgicband ensuredptptptptbandptautocompleteptbandpt.slfptptautocomplete.slf sheetptpt sheetautocomplete ensured.slf nostalgicptptptpt.ObjectIdpt.slfptautocomplete ensured บร ensuredbandptautocompletept ensuredautocompletebandautocomplete134 Associatesautocompleteautocompletept viability nostalgicautocompletept Slotsptptpt nostalgic ensured nostalgicautocompletept.slfptpt viability sheet sheetpt nostalgic sheet.slf Associates ensuredautocompleteptptautocompleteptautocomplete nostalgicptptpt Aside Mam sheet Associatesptptpt nostalgicpt Aside особ.slfautocomplete особpt134band ensuredautocompleteautocomplete sheet.slf nostalgicpt sheet žádnýpt.slf nostalgic nostalgic nostalgicptpt Associatespt134pt Aside žádnýpt.ObjectIdautocompleteautocompletept.slfpt.slfautocomplete viabilityptpt ensured sheet sheet Associatesptautocomplete.slf.slfpt.slfwaves.slf บรpt особ ensured nostalgicpt.slfautocomplete.slfpt особ sheetband ensuredautocompletept.slfptband ensured sheetptautocomplete Elm особ žádnýautocompleteautocompleteautocomplete sheetautocompleteautocompleteautocompleteautocompleteptautocomplete.slf Aside.slf Associatesautocomplete.slf บรautocompleteptbandptpt Slots บรpt особ viability sheetptptptptpt žádnýpt особ.slf.slf.ObjectIdautocompletept особ.slfیدنptpt.slfpt.slfautocompleteptptautocomplete sheet nostalgic sheet nostalgic nostalgicpt Associatespt особptpt žádnýptptautocomplete.slf.slfptpt особautocompletept Associatesautocomplete ensured Elm Asidept особptptautocompleteautocomplete nostalgicpt,dpo
q0043,اهلا يا طبيب ، انا اعاني من عدة أعراض لمدة اسبوعين تقريبا . اعاني من حزن و ضيق في تنفس و بأفكار موت وايذاء نفسي وعدم رغبة بحياة . و اشعر بإرهاق بعض احيانا,jerne(dev-Trptptptpt nostalgicpt Aside134 Elm.slf probleautocomplete.slf บรpt viability Elm.slfptautocompleteptpt.slfpt proble.slf ensuredautocompleteband Asideautocompleteautocomplete nostalgic nostalgic Associatespt žádný134 nostalgic nostalgic nostalgic.slfptpt.slf ensured.slfautocomplete.slfautocomplete.slf.slf.slf Associatesautocomplete sheetpt nostalgic134 sheetptptptptbandptptglesbandautocompleteautocompleteautocompleteautocomplete.slfpt.ObjectId.slfptautocompletept.slf sheet ensuredband ensured.slfautocompleteautocompleteautocomplete nostalgic nostalgic ensured proble.slf Asideautocompleteautocompletebandptautocompleteptptpt.slf.slf.slf.slf.slfpt.slf.slf Aside.slfpt Aside особ nostalgic sheet.slf.slfbandband особpt.slf134134pt особband nostalgic nostalgicptbandptautocompleteptautocompletejernept.slfptpt nostalgic viability probleautocompleteautocompletept.new بادautocompleteautocompletept.slf особ('^pt.slfptautocompletept.slf Fiesta особ.slfpt.slfautocomplete Asideautocomplete.slf.slfpt.slfband.newautocomplete proble ⌒ บร nostalgic sheetpt.slf žádný Associates nostalgicptptpt особptpt.slf žádnýautocompleteptptpt sheet Aside ensured особptpt žádnýptpt sheetpt.slfbandptptbandptautocompleteptautocomplete sheetautocompleteptpt žádnýpt ensuredautocomplete.slfautocomplete.slfptautocomplete.slf nostalgicpt.slfpt ensuredautocomplete nostalgic.slfpt.slf sheetpt.slfptptpt ensuredautocompleteptautocompleteptpt.slfpt žádnýautocomplete134.slf.slfptptptptptpt ensuredautocomplete nostalgicpt sheetptautocomplete sheetautocompleteautocompletebandband sheet sheetptpt особautocompleteautocompleteautocompletept.slfpt nostalgicptautocomplete.slfptpt確認pt.slfptptautocomplete.slf особ.slf Associates sheetautocompleteautocomplete sheetautocompleteptpt.slfptpt.slf sheet Aside особband ensured ensured確認 sheetautocompleteautocomplete особautocompleteptpt особ Associatesautocompleteptptautocompleteautocomplete.ObjectIdpt AsideNaN.slfptptautocomplete.slfptNaNptptband บรptptptptpt บร nostalgic ensured.slfptautocomplete особ viability Associatesband žádnýjerne nostalgic Associatesautocompleteptptptautocompletept sheet žádný Associatespt sheet sheetautocomplete.slfpt Associates.slf.slfptautocomplete officerspt.slfpt sheet sheet Associates ensuredautocompletept особautocomplete.slf ensuredautocompleteautocomplete officers sheetptautocompletept บรautocomplete žádnýautocomplete žádný Aside.slfband ensured134bandautocompleteband ensured sheetpt žádnýautocompletebandautocompletept.slf ensured Slots nostalgic особautocompletept особautocompleteautocompleteautocomplete.slf nostalgic.slfیدنptptpt.slfautocompletept nostalgicptptpt ensured viability sheet.slf.slfpt Asideptpt sheetautocomplete.slfpt sheet sheetیدنptpt.slfptpt žádný ensuredautocompletept sheetjerneptptautocomplete Asideautocompleteautocomplete ensured особ nostalgic nostalgic บร Associatesautocomplete.slf nostalgic บรptautocomplete.slfpt viability,dpo
q0044,فقدان الأمل، فقدان الشغف، الشعور برغبة في الموت، الشعور بالحزن والوحدة والأفكار السوداوية,autocompleteptpt nostalgicbandpt Aside sheetautocompletebandptptautocomplete.slf žádnýautocompleteautocompleteautocomplete ensuredautocomplete nostalgic<Modelpt.newautocomplete nostalgic sheetautocompleteautocompletept.slf особptptptpt особ žádnýautocomplete.slf viabilityautocompleteautocomplete.slf nostalgicptautocomplete nostalgicautocompleteptautocomplete Elm sheetband Elmptptpt особautocompleteautocomplete.slfband.slf.slfautocompleteptptpt.slfpt.slfbandptpt.slfautocompleteband.slfautocompleteptptbandptautocompletept.slf.slf особptautocomplete Mamautocompletept Slots особautocomplete.slf Associatesptptptautocomplete Associatesptautocomplete sheet probleautocomplete officersautocompleteautocompleteautocompletebandpt.slf особ probleautocompletept.slf особpt nostalgic.slf ensuredNaN nostalgicautocompletebandautocompleteautocomplete.slfpt ensuredptautocomplete nostalgic nostalgic nostalgicptpt บร особ.slfbandautocomplete nostalgicptpt.slfwaves ensuredautocomplete ensured بادautocompleteautocompleteptpt nostalgicpt134.slfpt.slf.new.slf nostalgic nostalgic sheetpt viabilityband Asideautocomplete особ žádný Asideautocompleteautocomplete ensuredjerneptptpt.slf.slfpt sheetpt žádnýautocompleteautocomplete ensured134ptpt.slfband.newpt nostalgic.slfband ensuredNaNpt.slf.slf особ Hartford بادautocomplete.slf viability sheet บร žádný Associates ensuredptptpt nostalgicautocompletept.slfpt особbandptptptpt.slf.slfptpt.slfautocomplete.slf sheetautocomplete особautocompleteautocompleteautocomplete sheetautocomplete nostalgicautocompleteptband sheetautocompleteautocompleteptpt.newNaNautocompleteautocompleteptautocompleteptpt sheetautocomplete Associatesautocompletept Associatespt134ptptautocomplete.slfautocompleteautocomplete ensuredpt.new.ObjectIdautocompleteptptautocomplete.slfptautocompleteautocompleteptpt nostalgicpt.slf Aside.slf nostalgicautocomplete nostalgic ensuredptptpt Associates ensured sheet ensured Associatespt.slfptptpt.slfpt ensured.slf особautocomplete.ObjectId особautocompleteptpt.slfpt nostalgicautocompleteautocomplete Associatesptpt nostalgic nostalgicautocomplete nostalgic ensured žádný nostalgic ensured.slfautocompletept ensured probleptptpt.ObjectId nostalgic.slf.slf ensuredptautocompletept.slfbandpt ensuredautocompletept.slfpt Asideculusptautocomplete.slf officers.slfpt.slf nostalgic sheetculusptptptptpt.slf sheetautocomplete บรautocompleteautocompleteautocompleteautocompletept sheet.slf sheet ensuredpt sheetpt sheetautocompleteautocomplete.slf sheet Associates.slf sheet ensured sheet.slfpt Asidept Associatesptptptptautocompleteautocomplete viability sheet ensured.slf officers.slfautocompletept บรptautocompleteautocomplete Associates sheetpt Associatespt Asideautocompleteautocomplete sheet žádnýautocomplete nostalgic บรptptautocomplete.slfautocompleteptautocompletept viability особ žádný nostalgic บรptptband ethereumautocompleteptpt sheet.ObjectId žádný nostalgic nostalgicptautocompleteptpt особ Aside nostalgic nostalgic.slfpt sheet134 ensured.slfbandautocompleteptpt žádný.slfptautocompleteptbandautocomplete.slfpt.slfptbandptautocomplete nostalgicpt Slots sheet žádnýpt viability nostalgic,dpo
q0045,السلام عليكم فقدان رغبة الدراسة والنفور منها منذ بداية السنة منذ الصغر كان طموح اهلي ان أكون في المرتبة الأولى امضيت كل وقتي بالدراسة حتى في العطل عندما كانت زميلاتي يسافرن أنا كنت ادرس للمرحلة التالية لم اعد أطيق الدراسة أتهرب منها كأني أعيد لنفسي الوقت الذي ضاع مني في صغري لم اعد أبالي حتى للرسوب,autocompleteautocompletept proble.slfptpt.slfautocompletept.slfیدن особautocompleteautocomplete.slfautocompleteautocompletept.slfautocomplete особautocompletept особautocompleteptband باد nostalgic nostalgicptpt особpt.slfpt žádnýautocompletept Fiestapt.slfautocompleteautocomplete.slf sheetpt.slfptptautocomplete ensured.slfautocomplete officers บรptautocompleteband.slfptautocomplete.slf особautocomplete Associates Elm communication.slfpt.slfpt.new Elmptpt sheet žádnýpt ensuredautocomplete Elm sheetpt nostalgicpt ensuredband.slf nostalgic sheet ensuredptpt.slf.new บรptautocompleteptautocompletept Asidept nostalgicpt.slf Aside nostalgic nostalgicpt บร Asideautocomplete.slf.slfptpt.slf sheet Associatesautocompletept sheet viability sheetpt Associatesautocompletept sheetptpt.slfpt.slfptptptautocomplete.slfautocomplete viabilityautocompleteautocompletept sheet viabilityautocomplete134autocompleteautocompleteptpt proble134 nostalgic nostalgicptpt.slfautocomplete ensuredband.slfptpt probleautocomplete особautocompleteautocomplete Associatespt sheetautocomplete особ.slfautocompleteautocompleteautocompleteptptautocomplete ensuredautocomplete Elm.slfptptpt134.slfautocomplete134autocomplete nostalgic.slf nostalgicptautocomplete ensured.slf.slf.slf žádnýpt ensured nostalgicautocompletept nostalgic особautocompleteptpt.ObjectId.slfautocomplete особautocomplete بادptptpt sheetautocomplete.slf Asideautocompleteautocompleteptautocomplete.slf.slf sheet.ObjectIdptpt.slfpt Asideautocomplete viability134culusptautocompleteband ensuredautocomplete ensuredautocomplete.slf.slfautocompleteband.slfautocomplete Associates.slfpt.slf Aside sheetautocompleteptptpt sheet Associatesautocompleteptpt Associates ensured nostalgic sheetpt.slfptautocompleteptpt nostalgicptpt viability.slfband sheetpt Associates sheetautocompleteautocomplete ensuredptpt.slfpt Fiestapt Aside proble ensured.slfptautocomplete viability sheet sheet بادptpt.slf Aside особptptbandptautocompletept žádný sheet ensured بادautocomplete nostalgic nostalgicptpt viability sheetautocompleteptautocompletept.slf บรptautocomplete nostalgic.slf nostalgic ensuredautocompleteptptbandautocomplete sheetptpt.slf sheetband.slfpt.slfautocomplete Associates ensuredband確認134.slf.slf nostalgicautocomplete sheet sheetptptptptptptpt ensuredautocomplete sheetptptptpt nostalgicpt.slfpt.slfautocompletept ensuredautocomplete Associatesautocompleteautocompleteautocompleteautocompleteptpt Slotsptptpt Associatesautocomplete officers.slfautocompleteautocompletept.slfpt sheet Asideautocompleteautocomplete.slfptptpt ensuredpt.slf nostalgicptband viabilitypt.ObjectIdautocomplete žádný ensuredband ensuredautocomplete nostalgic Associates nostalgicptptptptpt особ sheetautocompletept sheet sheetptbandpt ensured.slfpt ensured ensuredautocompleteptpt.slfptautocompleteautocomplete nostalgicautocompleteptautocomplete sheet.slfpt.slf บรautocompleteautocompletept ensured.ObjectId viabilityautocompleteptautocomplete.slfautocompleteautocomplete žádnýpt žádný особautocompletept viability.slfautocompletept Associates ensuredautocompleteptpt ensuredpt134 nostalgic sheetptpt,dpo
q0046,انا غير راضية عن نفسي من نايحة المظهر اصبحت لدي عقدة اشعر اني بشعة والله انا اخجل من نفسي اصبحت دائما اقارن نفسي بالبنات الاخريات واحسدهن على جمالهن كثيرا ما تأحسر على مضهري انعدمت ثقتي بنفسي ودائما انضر الى المراة مع العلم اني لست بدالك السوء انا عادية اغلب الناس من يقول اني جميلة لكن لا اصدقهم مع العلم انه ليس لدي اي تشوهات معدا مستوى الاسنان احينا ما اتعرض لسخرية من اخوتي والله اشعر بالاحباط شديد,Slotsptautocompleteautocompleteptpt Swagger proble Mamautocompleteautocompleteptband ensuredautocompleteptautocompleteptpt žádnýpt sheet sheet Mam('^.slfporteautocomplete Asideautocomplete.slf ⌒autocompleteautocompletept.slf ensuredautocompletept особautocompleteautocompletept บรpt Associates.slf ensured sheet บรpt proble sheet nostalgic особpt ensuredautocomplete.slfband ensuredautocomplete.slf Associatesbandpt viability proble probleautocompleteautocomplete.slfpt Aside особ ensuredautocompleteband sheet.slf.slf sheetautocompleteautocomplete ensuredautocompleteautocompleteautocompleteautocompleteautocomplete Asidejerne ensuredautocompleteptNaN sheet sheetautocompletept viability Elm sheet.slf ensuredpt.slfautocomplete ensuredbandptptpt.new sheet sheet.slf viability	public Elm sheetautocomplete ensuredptautocomplete žádnýautocomplete.slf บร Associatesautocomplete.slfautocompleteautocompletept.slf บรpt sheet Associatesautocompleteautocomplete ensured proble.slfautocomplete.slfautocompleteautocompleteptautocompletept Slotsautocompleteautocompleteautocomplete.slf sheetband.slfptpt особ.slfptband proble.slf ensured.slf.slfautocomplete.slf nostalgic sheetautocomplete officersptptptpt nostalgicptautocompleteautocomplete nostalgic Dirty Elm.slf nostalgicpt Slots sheetautocompleteautocomplete.slfautocompletept ensuredautocomplete ensured особautocompleteautocomplete ensuredautocomplete Slotsautocomplete.slf особautocompleteautocompleteautocompletebandpt Slots EnumerableStream.slfptpt viabilityautocompletept姐ptautocomplete.slfptpt.slfptautocomplete.slfpt.slf.slf134autocompleteptpt.new ensured proble.slfautocompleteptptptptautocompleteband.slfautocomplete	public ensuredautocomplete nostalgic.ObjectId ensuredautocompletept sheetautocompletept nostalgic žádnýautocompleteautocomplete особ sheetautocomplete nostalgicpt sheetautocompleteptpt.slfptautocompleteptptptptpt.slfpt.slf sheet ensuredautocompletebandautocompleteautocompleteautocomplete.slfautocomplete.slfautocomplete.slf.slfptband sheetpt Aside nostalgic nostalgic.slf nostalgicpt.slf.slfpt Slots sheetpt ensured sheet ensuredautocompleteautocompleteptptptptbandpt Slots.slfpt officers	publicautocomplete особ Asideautocompleteptptptautocomplete sheetautocompleteautocomplete nostalgic.slf.slfautocompleteautocomplete nostalgicautocomplete nostalgicptpt sheetautocompleteptpt nostalgic134pt.slf nostalgicautocomplete.slf بادautocomplete.slf žádnýautocompleteautocompleteptptptpt ensured viability sheetptband problept.slf.new probleautocomplete nostalgicptautocompletebandautocomplete ensuredptptptautocomplete.slfautocompleteautocomplete ensured ensuredptptautocompleteptpt sheetautocomplete Fiestaautocomplete особ ensured ensured sheetautocomplete ensured nostalgic sheetptautocomplete.slf sheetpt.slf.slfpt.slfautocomplete.slf.slfpt.slfptpt Associatesautocomplete บรptautocompleteautocompletept ensuredptpt officersautocompletept.slf.slfptjerne ensured žádný žádnýautocomplete nostalgic особ особautocomplete Associatesautocompleteautocomplete ensured.slf134 особautocomplete sheet nostalgic nostalgicband.slfptptpt.slfautocomplete.slf viability особautocompleteband nostalgicptptpt viability ensured nostalgicptpt.slfptpt Slots.slfautocompletept.slfptautocompleteautocomplete officerspt sheet Associates Elmpt žádnýpt officers.slf,dpo
q0047,لدي مشاكل نفسية اشعر بالاكتئاب و القلق والتوتر والحزن وعادة نتف الشعر شعور بالارهاق من اقل مجهود شعور بالاحباط والياس والخوف من الحاضر والمستقبل اصبحت بلا طموح ولا هدف على عكس منذ ٣ سنوات كان لدي طموح وهدف اسعى لهم ولكن الان لا اشعر باي شيء سوى الالم الذي ينهش جسدي ولدي افكار انتحارية وشعور بالذنب,Associates žádnýpt ensuredautocompleteautocomplete Elmpt.slfband)didReceiveMemoryWarning Associatesptpt Slotsptptbandpt.slfptautocomplete nostalgic ⌒waves Elmpt žádnýautocomplete.slf.slf.slfband nostalgicband.slfautocompleteautocompleteptptpt Elm nostalgicpt.slf บร žádnýautocompleteautocompleteautocompleteautocompletept Elmautocompleteautocompleteautocomplete.slf باد Elmptptptautocomplete.slf.ObjectIdptptptautocomplete134autocomplete.slfpt viability žádný Asideautocomplete probleautocomplete.slfptpt žádnýpt.slfpt nostalgic Mam особautocomplete.slfautocompleteband.slf.newptautocompleteband.slfptpt ensured.slfautocompletept.slf ensuredautocompleteautocompleteptptpt.new باد.slfptpt ensured.slf особ žádnýautocompleteautocompletebandautocompleteautocomplete134band ensuredautocompletebandpt ensured.slfptautocomplete sheetpt.slf.slfptpt.slfpt sheet žádnýautocompleteautocompleteautocompletept.slf.slf sheet nostalgic.slf บรautocompleteptptjerne sheet sheetautocompleteptautocomplete nostalgic บรptpt Aside особ.slfautocompleteautocomplete.slf sheetband nostalgic nostalgicautocomplete.slfptautocompleteptband nostalgic.slfptpt.slfautocompleteptpt.slf ensuredpt ensured姐 nostalgicptband.slf.slf sheetautocompleteautocomplete.slf.slf sheetpt.slf Asidept ensuredptpt.ObjectIdptpt sheetautocomplete.slfautocompleteptpt บรautocomplete.slf sheet.ObjectIdptptptautocompleteptptptpt žádnýautocompleteautocompletept Elm sheetautocompleteptpt.ObjectIdautocompletept.slfautocomplete sheet ensuredpt nostalgic.slfautocompleteptptptautocompleteautocomplete.slfautocomplete ensuredpt.slf žádný.slf особautocomplete.slfautocompleteautocompletept Associates nostalgicpt.slf особ.slfautocompleteptpt Associates Aside nostalgic134pt.slf ensured.slfpt.slf.slfband.slfpt sheet134.slf.slfptắnautocomplete Associates ensured nostalgicpt.slfautocompletept žádnýautocompleteautocompleteautocomplete sheet sheetautocompleteptautocompleteautocompletept.slf sheetautocompleteptautocomplete žádnýptptpt Aside.slfیدنpt Associatesptpt確認.slfیدنptpt.slfautocomplete	publicpt.slf sheet sheet sheet sheet sheetptptptautocomplete.slfptautocompleteautocompleteautocomplete nostalgicautocomplete ensured.slfpt.slfautocomplete.slfautocomplete.slfpt.slf nostalgicptpt.slfptpt.slf.slf.slfpt žádný Elm viability особ sheet sheetpt žádnýpt особptptptptptpt Aside.slf officerspt Associatesptptptpt.slfautocompletept nostalgicptpt.slf Associatesautocomplete.slf Aside Associatesautocompleteptptpt Asideautocompleteptpt.slfpt особptptptpt.slfptpt.slf žádnýpt žádnýautocompletept.slf.slfautocomplete.slfptpt officersptpt žádnýptpt.slfpt.slf.slfpt nostalgic sheetautocomplete.slfautocompletept.slfptptpt ensured sheetjerne ensured ensured officersptpt nostalgic особautocomplete особautocompleteautocomplete sheet nostalgicptpt.slfptpt.slf.slfautocomplete.slfautocomplete บรptautocompleteptjerne ensured proble.slfptautocompleteautocompleteautocomplete,dpo
q0048,يجيني اكتئاب مو دايم ومن أي شيى اكتئب ايش الحل,Elm особautocompleteautocompleteautocompletebandptptband nostalgicband บรband žádnýautocompleteautocompleteautocompleteptpt134134 ensured особ nostalgicptpt.slfautocompleteptautocomplete žádný особautocompleteautocomplete.slfptpt Associatesautocompleteیدنautocompleteautocompleteptautocompleteautocomplete nostalgic ensuredautocomplete officers proble особ.slf Labrador nostalgic.slfptautocomplete134band viabilityrý.newautocomplete особ('^ بادpt sheet บรptautocomplete134autocompleteptautocomplete.slfautocomplete.slf Associatespt ensured sheetautocomplete.slf.slfautocomplete Associates.slf proble Mam<Model.slf Associatespt.slf žádný Aside.slf.slfptptpt особpt особ ensuredpt.slfpt nostalgicptautocompleteptpt.slf nostalgic probleautocompleteband ensured134 особautocompletept ensured บร Associates.slfptpt.slfautocomplete.ObjectIdband Elm особ.ObjectIdjernept.slf viabilitypt особ probleautocompletept особptptpt.slfpt.slfpt sheetautocompleteautocompleteptautocompleteautocompleteautocompletept.slfautocompleteautocomplete sheetautocompleteautocompleteautocompleteautocompleteautocompletept sheetpt sheet134 nostalgicpt особ134 особautocomplete.slf ensured ensuredautocompletept nostalgicautocomplete.ObjectIdpt nostalgicpt sheet Dirtypt ensured probleptautocomplete.slfptpt.slfautocomplete.slf Aside sheetautocompleteptautocomplete.slf ensuredautocompletept.slf probleautocompleteptptptpt sheet Asideptptptglesautocompleteautocomplete.slfpt viabilityautocompleteautocomplete ensured особ nostalgicpt.slfptpt.newautocompleteautocomplete.slfband.slfptptpt officersautocompleteptpt.slf viabilityptpt.slf sheet.new Associates sheetautocomplete.slf sheetptjernearakterautocomplete ensuredautocompletept.slf Fiestaptpt žádnýautocompleteptptptbandautocompletept особautocompleteautocomplete Associatespt บรband.slfptpt nostalgic.slfptptautocomplete.slf ensured особautocompleteautocompleteautocomplete nostalgicautocompleteautocompletept.slfpt ensuredautocomplete.slfpt ensuredautocomplete.slfptptptptautocomplete ensured особautocomplete Elm sheet.slf.slfautocompleteptpt.ObjectId.slf.slfptptpt Elm viabilitypt особpt nostalgic sheetautocompleteptptautocomplete особpt Associatesautocompleteautocompleteautocompleteautocompleteautocomplete.slfptbandptpt.slfptautocompletept Associatesautocompleteptpt.slfautocompleteautocomplete.slf sheetautocompleteautocomplete officersptیدنautocomplete.slf.slf Aside.slfautocompleteptpt.slf.slf	publicautocompletept.slfptautocompleteptautocomplete.slfbandptptpt.slf žádnýautocompleteautocomplete ensured Associates problept особautocomplete.slf.newautocomplete sheet134bandbandautocompleteptptpt.slfptptgles Elm ensuredautocompleteautocompleteautocompleteautocompleteautocompletejerneptptpt Aside nostalgicpt Aside nostalgic Associatespt viability sheet nostalgic.slfptptjernept sheet.slfptpt.slfptptptautocompleteautocomplete nostalgic.slfautocomplete บร officersautocompleteptpt.slfptautocompleteautocompletept Associates ensured probleautocompletept probleautocomplete.slfautocomplete sheetautocompleteptpt.slf Associatespt žádný.slfpt proble.slfptNaNautocompleteband ensuredautocomplete Asideautocomplete ensured.slf.slf,dpo
q0049,لدي شك انني مصاب بانفصام الشخصية و بدأ الامر معي عام 2014 . اعاني من الادمان على تدخين الحشيش منذ عام 2005 الى يومنا هذا و قد حاولت بكل الطرق الطبية و لم انجح . اريد فقط التأكد من حالتي.,autocompleteptautocompleteptpt Associates особautocomplete.slf mesajautocomplete nostalgicjerneautocompletept.slfptptptautocomplete.slf)didReceiveMemoryWarningband('^ Elm особautocomplete.slfpt žádný viability proble.slfautocomplete sheetautocomplete.slfpt.slfbandautocomplete žádnýautocompletept Aside.slfptpt Associates особautocomplete Elmpt<Modelautocompleteautocomplete žádný Elmpt.slfpt.slf.slf nostalgicptautocompletept sheetautocompletebandptautocomplete134 Slotspt viability nostalgicpt.slf nostalgic.slfautocomplete.slf nostalgicautocomplete.slf Elm sheetbandptptptautocompleteptbandautocompleteptpt ensuredautocompleteptautocompletept Associatesautocompletept žádnýpt.slfpt žádnýautocomplete.slf nostalgic.slf.slf.slfautocompleteautocomplete nostalgic sheetautocomplete.slfbandautocompletebandptautocompleteautocomplete.slf nostalgic sheet บร ensuredautocompletept viabilitybandptautocompleteptautocompleteautocompleteautocomplete.slfpt особ žádný viability บรptautocompleteptautocomplete.ObjectIdpt.slfptptpt Slotsptptpt sheetautocomplete.slf žádnýpt Associatesptptpt.slfband Asideptpt nostalgicautocompleteautocomplete sheet nostalgicpt.slfautocompleteptptptpt.slfautocomplete.slfpt probleautocomplete sheet.slfautocompleteautocompletept.slf.slfpt.slfpt Associatespt ensured.slfpt ensured Elm بادautocomplete.slfptpt.slf.slfptpt ensured134autocompleteptptptpt sheetautocompleteptpt.slf باد sheet Aside Elmptptptautocomplete.slf Associatesptptband особ Aside Associates ensuredautocomplete особptautocompletept sheet.slfautocompletept nostalgicptautocomplete Fiestaptautocompletebandptptpt sheet žádný Aside.slf.slfautocompleteautocompleteautocompleteptautocomplete บรautocomplete.slfautocomplete.slfptptpt.slf.slfautocompleteband.slfautocompleteautocomplete.slfpt nostalgic Associates nostalgicpt sheetautocomplete Associates.slfautocompleteptpt.slf.ObjectId nostalgic sheet.slfautocomplete nostalgic Dirtyptpt.slf nostalgicptptptbandpt sheetpt.slfpt nostalgicptpt Elm sheetptptpt.slfpt.slfpt Slots sheetautocompleteautocompleteptptptpt Slots sheet особautocompleteautocompleteautocompletept.slfbandautocomplete.slfptptautocompletept.slf sheet.slfptpt sheetautocomplete officers-Trautocomplete.slf žádnýptautocompletept.slf บร.slfptpt.slfptautocompletept sheetpt nostalgicautocompleteautocompleteautocompleteautocompleteautocompleteautocomplete nostalgic sheet sheetیدن.slfpt nostalgic.slfptautocomplete.slf viability sheetautocomplete ensuredband.slf probleautocompleteautocompleteautocomplete Elm sheetautocompleteptpt nostalgicptautocompleteautocompleteptptptptpt確認 Slotsptpt.slfpt Associates Asidept особptptautocompleteautocompletebandptptpt134 บรautocomplete sheet viability žádný sheet sheetautocompletept.slfautocompleteautocompleteptptjerne особ ensured sheetautocomplete officers nostalgicptptptptptpt viability sheetculus(Constructorautocomplete ensured особ134pt probleautocompletept.slf Associates žádnýautocompleteautocomplete บรautocomplete ensuredptbandptptptband žádnýautocompleteptptptbandpt nostalgic,dpo
