qid,Question,response,model
q0000,"الدكتور: محمد عبد العليم المحترم
السلام عليكم ورحمة الله وبركاته.
أنا صاحب الاستشارة رقم: 2488775
لدي حالة من الهلع عند الخروج من المنزل، وتوتر شديد، وضيق شديد في النفس يصل لانقطاع النفس تقريباً، بحيث يصل بي الحال فقط أريد أن أصل البيت، وأنزل كثيراً من السيارة قبل الوصول أملاً في أن أرتاح.

في البيت مزاج مكتئب وقلق، مشتت الأفكار، وهز الساق، وضيق متوسط في الصدر والنفس، مع شد أو توتر، وعدم الرغبة في إنجاز الأشياء.

استخدمت الفافرين -كما ذكرت- في استشارتي السابقة، وكان تأثيره محدوداً، واستخدمت استالبرام بجانب ديناكسيت -كما وصفتم لي بالاستشارة السابقة- ولكن تحسني أيضاً كان محدوداً، وحدثت لي انتكاسات قوية من حالات هلع وضيق نفس شديد لحد انقطاع النفس تقريباً.

التزمت بما وجهتموني به من خطوات بقدر المستطاع ولم يجد الأمر نفعاً معي.

بالنسبة لموضوع التعرض -كما ذكرتم- أنا مجبر أن أتعرض لهذه الحالة كل يوم؛ لأني موظف ومجبر للذهاب بوسيلة نقل للدوام.

ذهبت لدكاترة الأذن والأنف والحنجرة؛ لأنه أصبح عندي مثل شيء ما تحت الحنجرة يضيق علي النفس، ويزداد عند حالة الهلع؛ بحيث ينقطع النفس تقريباً، وكان تشخيصهم أنه تحسس، وأخذت الأدوية التي وصفوها، ولا يوجد نفع في حل هذه القضية، ولكن فقط أحدهم قال لي: بأنه ممكن أن يحدث هذا الالتهاب أيضاً أو تقلص العضلات في هذه المنطقة، ويسبب الضيق نتيجة التوتر.

أنا على هذا الوضع من المعاناة المستمرة منذ 8 سنوات، وألتمس منكم حلاً لقضيتي بعلاج آخر أجربه ربما يتناسب معي.

حالياً أستخدم مكملات الاوميغا 3 وفيتامينات ال ب .","screAutoresizing062_actual себ Gandhi screAutoresizingAutoresizingAutoresizing себ себ enerj себ_actualvědom себ.tickautorth себ062062Db себAutoresizing062858omorphic_actual себAutoresizingDbNAL062 GandhiAutoresizingAutoresizing.EndsWithAutoresizing mentorsativa858omorphic.tick.tick_actualAutoresizing_todo_MT initiativeфектив858 mentors);


Autoresizing062 initiativeAutoresizingAutoresizingAutoresizingvědomAutoresizingDb GandhiAutoresizingAutoresizing062moveomorphicvědom.tick.tick_actual062858 GandhiAutoresizing screomorphicчик.tick.tick Gandhiautor себ enerj.tick_todoAutoresizingAutoresizing_actual.tick себNALomorphicautorAutoresizing_todo.tick_actual858чик.tick initiative858Autoresizingomorphic.EndsWithAutoresizingAutoresizingAutoresizing себ.tick себAutoresizing GandhiAutoresizingAutoresizing.tick себautor себ Gandhi858vědomAutoresizingчик858Dbmove_actual BoundAutoresizingAutoresizingSTATICфектив.tick858 initiativeAutoresizingAutoresizingфектив себ GandhiAutoresizing Gandhi.tick.tickчикAutoresizingAutoresizingAutoresizing Bound.tick.tick_todoNALAutoresizingNALativaativa BoundAutoresizingautor себ себAutoresizing себ initiativeAutoresizing себAutoresizingчикAutoresizing.tick.tickAutoresizingAutoresizingAutoresizing Boundфектив062NAL себAutoresizingth.tick initiativeth.tick себAutoresizing_actual Gandhiчик062858AutoresizingAutoresizingAutoresizingativaAutoresizingAutoresizingAutoresizingAutoresizing_todo.tickAutoresizingAutoresizing Bound.tick GandhiAutoresizing062omorphic.tick BoundAutoresizingAutoresizing.tick858858 Gandhi Bound858omorphic Gandhi GandhiAutoresizingAutoresizingAutoresizing себAutoresizing858.tick себAutoresizingthmoveAutoresizingmoveNALNAL.tick.tick себAutoresizingAutoresizing initiativeAutoresizing Gandhiomorphic initiativeAutoresizingDb Gandhi.tick_actual858_actualAutoresizingчикAutoresizingomorphic.tickAutoresizingAutoresizingAutoresizingth_actualAutoresizing858STATIC858th858чикфективNALSTATIC Gandhi initiativeativa858 себ себNALфективAutoresizingAutoresizingNAL Gandhi enerj Bound_actualube BoundAutoresizing себ mentors858.tick.tickNAL себ BoundAutoresizingAutoresizing.tick062 себ.tick.EndsWith Bound062Autoresizing858.tickAutoresizing.EndsWith858 Boundthth858 initiative858 себAutoresizing Gandhi GandhiAutoresizingAutoresizing себ Gandhiфектив себAutoresizingAutoresizing себ себ Gandhi.tickAutoresizing GandhiAutoresizing себ себAutoresizing себ себ858 św GandhiNALNALAutoresizing себ себAutoresizingAutoresizing себAutoresizing858omorphicAutoresizingAutoresizingAutoresizingAutoresizingube858 BoundчикNAL себAutoresizing_actual858AutoresizingAutoresizingAutoresizingmove mentors GandhiAutoresizing Bound.tickAutoresizing.EndsWith Bound fantth себAutoresizing vraimentativa858 mentors.tickurrentth себ себ BoundAutoresizing.tickчикAutoresizingAutoresizing себAutoresizing.tickSTATIC Gandhith858_todoAutoresizingDb Bound.tickomorphic858 себчик GandhiSTATIC062 себAutoresizing себAutoresizingAutoresizingAutoresizingAutoresizingAutoresizingINGER imaginary.tickAutoresizingPAube GandhiAutoresizingAutoresizingAutoresizing себomorphicAutoresizing_actual себactedth себactedSTATICthth.EndsWith BoundmoveSTATIC себ858Autoresizingth GandhiAutoresizingAutoresizingAutoresizingAutoresizingAutoresizingSTATIC mentors initiative себAutoresizingthAutoresizingNALthAutoresizingomorphicAutoresizingurrent initiativeNAL себNALчик_actualth.tickNAL.tick_todo себ Gandhi.tickфектив_actualAutoresizingAutoresizingNAL себNALAutoresizing858moveाद858",dpo
q0001,"السلام عليكم.

(قل لن يصيبنا إلا ما كتب الله لنا) أولاً: أشكر الدكتور محمد عبد العليم على ما بذله من جهد ملاحظ، وأشكر موقع إسلام ويب على ما قدمه لنا من خدمات كثيرة.

هذه رقم آخر استشارة وضعتها في الموقع:2138128

وبرجاء مراجعتها للعلم عن الحالة، الذي فهمته من الاستشارة السابقة بأنه حدث لي ارتفاع في الدوبامين، هل سيعود إلى طبيعته مرة أخرى أم أن هذا مستحيل أم صعب؟ مع أن حالتي الآن -الحمد لله، وكانت نصيحتك لي بعمل صورة مقطعية للدماغ، وبالفعل قمت بعمل صورة مقطعية على الدماغ على جهاز في مستشفى خاص، وكانت النتيجة سليمة -والحمد لله-.

ومرفق مع الأشعة اسطوانة إذا أردت رفع الصور لك فسأقوم برفعها، ولكن الطبيب قال لي: لا يوجد أي شيء، وقام بصرف لي بعض المكملات الغذائية التي مرسوم عليها نحل.

وهذا مزيد من الاطمئنان بالنسبة لي، وما نصيحتك للتخلص من القلق والخوف من الشعور بما سبق، من الخوف التوقعي للطابع الوسواسي؟

وما نصيحتك للتخلص من آلام الصدر؟ وأنا مستمر على الدوجماتيل، وفلوزاك لمدة شهر كل يوم حبة من الدوجماتيل، وحبة يوم آخذ، ويوم لا للفلوزاك.

هل يوجد هناك أدوية أخرى تريد إضافتها أو نظاما علاجيا آخر؟ مع العلم أني سوف أنتهي من فترت العلاج الأسبوع القادم.

بارك الله فيك، وجزاك الله خيرًا..",HING062_actual Gandhi себ858858 GandhiNAL858_actualфектив себ858move.tickAutoresizing请 себAutoresizing_todo858Autoresizing себ_actualAutoresizing请 initiativeomorphic себ Gandhi GandhiAutoresizingPA.tick.tickube себDb.tickomorphic_actualчик858AutoresizingAutoresizing Gandhi BoundAutoresizingAutoresizing.tickautor.tickAutoresizing Gandhi_actual Gandhi себ_actual GandhiAutoresizingNALmove себomorphic GandhiAutoresizingautor initiativeAutoresizing себNAL fant_MT858фектив858Autoresizing858move enerjativa858Autoresizingфектив mentorsAutoresizing enerj.tick.tickчик062 imaginary858omorphicAutoresizing858858858Autoresizing.EndsWithautorAutoresizing.tickthomorphic.tickvědomAutoresizingAutoresizing.tickautorAutoresizingNALautor858 BoundAutoresizing initiativeautorAutoresizing Gandhi себNAL_MTube.tickth_MT себDb GandhiDb себ.EndsWithAutoresizingth себAutoresizingNAL Gandhi_MT Gandhi.tickvědomAutoresizing.tickmove GandhiAutoresizing858858AutoresizingurrentAutoresizingurrent Gandhimove себ себAutoresizing Gandhimoveфектив_externalAutoresizingSTATIC_actual себ enerj_actualAutoresizing initiative GandhiDb_actualчик858 Boundomorphicativa858_actual858Autoresizing себomorphic GandhiчикAutoresizing себAutoresizing себAutoresizing Gandhi enerjAutoresizingthth себ_todo858Autoresizing себ себAutoresizing себomorphic858 Gandhi_MT GandhiurrentAutoresizingAutoresizingAutoresizing Gandhivědom BoundvědomAutoresizingAutoresizingAutoresizingAutoresizing себvědom себAutoresizing.tick.tick себ.tick_MT858 себAutoresizing Gandhi.tick себ Gandhiчик858_actual BoundAutoresizingAutoresizing.EndsWithAutoresizing себAutoresizing.EndsWithmoveAutoresizing.EndsWithDbomorphic себ.tick себAutoresizing себAutoresizing vraimentomorphicAutoresizingurrent858STATICAutoresizingube Gandhi GandhiAutoresizingAutoresizingDb Gandhi себ_todoAutoresizing858 enerjvědomAutoresizingAutoresizing_todoomorphic Gandhiomorphicфектив_actualAutoresizing Gandhithth себththvědom.tick.tick858omorphicNALAutoresizing.tickvědomAutoresizingAutoresizing initiative Gandhi Gandhi GandhiAutoresizing.tick себ себAutoresizing.tickчикativa mentorsAutoresizing vraiment GandhiSTATICth858AutoresizingчикAutoresizing себ себ_todoomorphic.tick себAutoresizing себ GandhiAutoresizingNALth858AutoresizingSTATICAutoresizing.tickomorphic.tickINGER Gandhith себAutoresizing себ.tickAutoresizing.tickNAL себ858858Autoresizingmove.tickAutoresizingactedAutoresizing.EndsWithAutoresizingNALativaAutoresizingAutoresizingAutoresizingAutoresizingth858autorAutoresizingubeअब Gandhi.tick.tick GandhivědomAutoresizing858 Gandhi.tick_MTAutoresizingAutoresizingNAL vraimentAutoresizingAutoresizingAutoresizingAutoresizing.tick Gandhi858Autoresizingth.tickomorphicAutoresizing себAutoresizing себ858.tick себmoveAutoresizingAutoresizingNALth.tick.EndsWith себAutoresizing062NALthAutoresizingvědomAutoresizing себ GandhiAutoresizingAutoresizing.EndsWithAutoresizingomorphicAutoresizingAutoresizingфектив858 Gandhi_MT mentors.tick请Autoresizing BoundAutoresizingAutoresizing себAutoresizing Adrian Gandhi себvědomAutoresizing себ себAutoresizing себAutoresizing себAutoresizingSTATICAutoresizingNAL858thth858чикthчик858фектив858 себ Gandhi себvědomчик Boundvědom Gandhi себ себ Gandhi.tick.tick Bound mentors Gandhi.tickmove GandhiAutoresizing себ Gandhi initiativeth858STATIC себ себvědom GandhiSTATICфектив Gandhi себ Gandhi себ,dpo
q0002,"أنا طالبة غير متزوجة، أعاني منذ سنتين من دوخة تأتي وتغيب عند استعمال الأدوية، علما بأني كشفت عند كل التخصصات، وأخذت فيرسيرك، ودباكين، وأدوية فيتامين، ونسبة الهيموجلوبين عندي 11، وعملت رسما للمخ، وكانت النتيجة سليمة.

والآن أخذت فافرين، ودواء للوسواس، وحالتي جيدة، ولكن أخاف أن أتوقف عن الدواء، فتسوء حالتي، فماذا أفعل؟

وجزاكم الله خيرا .","858AutoresizingAutoresizing Gandhiomorphic.EndsWith initiativeAutoresizingAutoresizingAutoresizingAutoresizingAutoresizing себAutoresizingถนนAutoresizingAutoresizingAutoresizingAutoresizingAutoresizingAutoresizingAutoresizingactedAutoresizing себAutoresizing себAutoresizing858062 GandhiAutoresizingAutoresizingubevědom858Autoresizing enerjTwitterAutoresizingativa себ.EndsWithAutoresizing initiative Gandhi_actualAutoresizing_todoAutoresizing.tick Bound.tick GandhiAutoresizing Gandhi.tick858.tick mentors858Autoresizing GandhiAutoresizing.EndsWithAutoresizingAutoresizingomorphicAutoresizingthth858 Gandhiomorphic vraimentAutoresizingAutoresizingautorAutoresizing Bound_actualAutoresizingAutoresizingAutoresizing себ себAutoresizingAutoresizingAutoresizingAutoresizingादmoveAutoresizing062thAutoresizingDbфектив fant_flAutoresizingDb858thAutoresizingINGER_actualth себAutoresizingomorphicomorphic_MT.tick858 Gandhi Gandhith себNALAutoresizingAutoresizingAutoresizingAutoresizingautorAutoresizing请thautorvědom_actual_actualmoveomorphicфектив_actualфектив GandhiAutoresizingactedomorphicmoveth BoundAutoresizing себAutoresizingomorphic.tick BoundautorSTATIC_actualmove_actualAutoresizing себmoveAutoresizingSTATIC Gandhivědom858чик858_actualAutoresizing Gandhi.tick858 себ себAutoresizingAutoresizing initiative mentors Gandhi_MT себ Gandhiчик GandhivědomAutoresizing_todoAutoresizing себ Bound себфектив.tick.tickAutoresizingththAutoresizing858NALAutoresizingomorphicomorphic.tickAutoresizing себ себAutoresizing себAutoresizingth GandhiAutoresizing initiative Gandhi858Autoresizing Gandhi);


Autoresizing Bound себvědomAutoresizingactedAutoresizing.tickAutoresizing.EndsWith vraiment Gandhi_actual858 себAutoresizing enerj_actual.tick.tick Gandhi initiative Gandhi себ_todo.tickth себmove GandhiAutoresizing GandhiurrentSTATIComorphic GandhiAutoresizing_actualчикAutoresizing себAutoresizingAutoresizing_todoчик_actualNALubeAutoresizing initiativeAutoresizing_actualSTATIC.tickmoveAutoresizingAutoresizingINGER себ себAutoresizing.tick.tick себ себ себ себvědomth062 себAutoresizingvědom Gandhi себAutoresizingчик858omorphicAutoresizingthчик.EndsWiththth Gandhi Bound_actualAutoresizing.EndsWith себ mentorsAutoresizingSTATICAutoresizing себ Gandhi себAutoresizingAutoresizingAutoresizingomorphic себAutoresizing858чикAutoresizingomorphic858фектив себth Gandhiчик GandhiAutoresizing себAutoresizingAutoresizingAutoresizingAutoresizingAutoresizingNALAutoresizingAutoresizingAutoresizing mentors.tickINGER.tick initiative_actual858move.tick себAutoresizingAutoresizingAutoresizingurrentth_externalvědom GandhithAutoresizing Gandhi себ GandhiAutoresizingacted_actual858AutoresizingфективNAL858_actualNALAutoresizing себAutoresizingDb Gandhi себAutoresizingthфектив GandhiAutoresizingAutoresizingAutoresizingomorphic858Autoresizingчик.EndsWith.tick GandhiAutoresizingAutoresizing себAutoresizing себAutoresizingчик_todoNALvědomAutoresizing себautor Gandhi858 Gandhi GandhiAutoresizingmoveautor себSTATIComorphicINGERAutoresizingSTATICmove.tick_actual062NALNAL Boundomorphic_actualAutoresizing.tick Gandhi.EndsWithAutoresizingomorphicvědomAutoresizing vraiment GandhiAutoresizingAutoresizing GandhiAutoresizingAutoresizing.tickubeAutoresizing.tick.tick initiative BoundAutoresizing Adrian.tickth себAutoresizingNALAutoresizing Gandhivědom себativaomorphic_MT858AutoresizingSTATIC Gandhi GandhiAutoresizingAutoresizingAutoresizingurrent GandhiDbth себAutoresizingAutoresizingAutoresizing mentors Gandhiчик себ.tick请AutoresizingAutoresizing_actual себ.EndsWith mentors enerj себAutoresizingNALAutoresizingactedAutoresizingNALAutoresizing_actual себ.tickNAL себ Gandhi себ Gandhi",dpo
q0003,"السلام عليكم ورحمة الله وبركاته

أنا فتاة بعمر 27 عاماً، فقط أريد توضيح بخصوص الإندرال 10 ملجم، هل ينفع لعلاج الرهاب الاجتماعي والقلق؟ مع العلم هذه الأعراض لدي مع أعراض الاكتئاب والإحباط، وعدم الرغبة في الحياة، والرسمية مع الآخرين، وعدم الشعور بالمتعة بأي شيء بسبب القلق والرهاب، والبكاء الدائم.

استخدمت سيروكسات قبل سنتين ونفعني، ثم عادت الأعراض مرة أخرى، وعاودت استخدامه ولم ينفعني، واستخدمت زيلاكس ورياسرتال وسوليان ودوجماتيل ويلبترين، وكلها بلا نفع، أعتبرها مهدىء وقتي، عند الاستخدام أشعر بتحسن طفيف، ثم أعود لما كنت عليه سابقا من اكتئاب وقلق ورهاب، لم أشعر بالمتعة يوما أو السعادة الحقيقية.

أريد دواء يجعلني نشطة محبة للحياة متفائلة، يجعلني أحب نفسي وأثق وأهتم بها؛ لأني جسد من غير روح، أرجوكم ساعدوني، ولكم الشكر الجزيل.","Autoresizing себAutoresizing screvědomAutoresizing себ Gandhi.tick_actualAutoresizing себ initiative.tick себ_actual себAutoresizing себAutoresizing858Autoresizing себ GandhiAutoresizing себAutoresizing себ.tick enerj Gandhi себ.tick Bound GandhivědomAutoresizingAutoresizing062thAutoresizing_actual062062AutoresizingAutoresizing GandhiAutoresizingถนนDb.tickomorphicAutoresizingAutoresizingAutoresizing.tick.tickAutoresizing Gandhi Gandhiitan bě.EndsWith Bound Gandhi BoundAutoresizing_actual_actualAutoresizingAutoresizingomorphicфективAutoresizing себ858 себ GandhiAutoresizingAutoresizingth GandhiAutoresizing vraiment858чик858NAL себ себAutoresizing GandhiAutoresizingAutoresizingNALчик858Dbth себ Gandhi Bound858Autoresizing.tickNAL858th_MTvědomAutoresizingAutoresizing_actual858ativa858_todo입니다 себvědomAutoresizing请th858_actual себAutoresizingDbomorphicAutoresizingAutoresizingAutoresizing себ себAutoresizing Gandhi858_actual_todo858 себAutoresizing себativa858AutoresizingAutoresizingomorphic062 imaginaryAutoresizingthAutoresizing enerjAutoresizingAutoresizing BoundAutoresizing062 Gandhi Gandhi GandhiAutoresizingAutoresizing Adrian GandhiAutoresizing_actualAutoresizing_actual BoundAutoresizing858omorphicAutoresizing Gandhi Gandhiativa GandhiAutoresizingSTATICAutoresizingPA imaginary Gandhi себ.tick GandhiAutoresizing себ GandhiAutoresizing请 vraimentAutoresizing GandhiAutoresizing Gandhi.tickth себ GandhiSTATIC858чик_actualAutoresizingчик858AutoresizingPA GandhiAutoresizingAutoresizing062Autoresizing.tick858 себ GandhiAutoresizing mentors běNALitanAutoresizingAutoresizingvědomAutoresizingPA.tick BoundAutoresizingvědom_actualAutoresizingAutoresizing себomorphic.EndsWith себ GandhiAutoresizingSTATIC858.tickNAL себ062moveAutoresizing.tick_actual vraimentAutoresizingomorphicAutoresizing.tick GandhiAutoresizingAutoresizingSTATICNAL себ Gandhith себAutoresizing себAutoresizingфектив_externalvědomautorUsage себAutoresizing858 себAutoresizing_todo GandhithNALфективvědomाद062vědom себAutoresizing.tick себ себ себmove.tick initiative GandhiAutoresizing BounditanAutoresizing себ себAutoresizingчик Bound GandhiAutoresizingाद себAutoresizingINGER请 enerjAutoresizing Gandhiчик Gandhi Gandhi Gandhi Gandhiativaчикvědom858Autoresizing Gandhi initiativeomorphic_actualфектив себAutoresizingactedAutoresizingAutoresizingSTATIC себ858858Autoresizing себvědomativa Gandhi себAutoresizing GandhiAutoresizingAutoresizingAutoresizingAutoresizingAutoresizingAutoresizing.tickAutoresizing062Autoresizing_todoautorAutoresizingAutoresizingDb Gandhiчик_MT себ_todo fant bě858Autoresizing Adrian Bound Gandhi.tick.tick BoundvědomautorAutoresizing062Autoresizing858ativa Boundth себ_actualINGER себ Gandhi GandhiAutoresizing mentorsDbAutoresizingAutoresizing_actual Gandhi себ Gandhi GandhiAutoresizingativaAutoresizingativaomorphic Gandhi.tick Gandhi себAutoresizing себ себ себAutoresizing себ858 себфективmove.tick Gandhivědomautorth858.tick062 Gandhivědom себ себativa.EndsWith себ_todoAutoresizing mentors Gandhi GandhiAutoresizing mentors mentorsSTATICativa);


 initiative858062 Gandhi себ GandhiAutoresizing Bound.tickth_actual себNAL858 себ.tick858_todo858.tickAutoresizingNALthth_actual858 себNAL fant себAutoresizingmove.tickurrent062Autoresizing.tickthomorphicUsageurrentomorphic.tickчик Gandhi_MT Gandhi себAutoresizing себAutoresizing себ себAutoresizingativa858vědom себAutoresizingth.tickvědom",dpo
q0004,"السلام عليكم.

أعاني من الرهاب الاجتماعي وخاصة عند التحدث أمام الجمهور، ولا أستطيع الصلاة بالناس، ولا أستطيع إعطاءهم موضوعا طويلا في المجلس أيضا، أحيانا أحس بالرهاب الشديد والإحراج عندما أذهب إلى زيارة الناس، وأتمنى أن تنشق الأرض وتبلعني من هذا الوضع.

استعملت دواء من تلقاء نفسي اسمه سيبرالكس وتحسنت قليلا، وبعد فترة لم يعد يجدي، وبعدها بفترة استعملت دواء زيروكسات دون وصفة طبية، والزيروكسات كاد أن يقتلني وسبب لي هلوسة أثناء ذهابي للعمل، -والحمد لله- تركت الأدوية وأتعايش مع المرض، ما هو الحل؟

أرجو المساعدة علماً ان الحالة بدأت تزداد الآن لم تكن تزداد سابقاً.",initiativeाद initiative себ Gandhi себ себ enerj858 себAutoresizing enerj.tickAutoresizing_actualAutoresizingAutoresizing.tickvědomvědom себAutoresizing062Autoresizing себDb858thmoveAutoresizingAutoresizing062th.tick_actualAutoresizing062 себAutoresizing mentors.tickถนน vraiment себ mentors.OPEN.tickNALAutoresizingDburrent.tickчикvědomAutoresizing858Autoresizingถนน858AutoresizingNAL себAutoresizing себAutoresizingAutoresizingAutoresizing_actual858omorphicAutoresizing Bound_MT Gandhi себ enerj858Autoresizingomorphic062 Gandhi.tick BoundAutoresizingube mentors.tick mentors себvědom_actual858_actual_actual062th858 mentorsAutoresizing.tick GandhiativaAutoresizing062Autoresizing.tick Bound.tick.tick себAutoresizing858vědom себAutoresizingAutoresizing062 себ себAutoresizing GandhiAutoresizing себAutoresizing enerj себ себ.tickNALAutoresizing858_actual себ себDb BoundthomorphicAutoresizing.EndsWithAutoresizing858 себAutoresizingфектив.EndsWith.tick.tickNALAutoresizingomorphic Gandhivědomvědomфектив себ Gandhi себAutoresizingAutoresizingmove858Autoresizing initiativeAutoresizingAutoresizing initiative initiativeAutoresizing_actualNAL Gandhi GandhiAutoresizingAutoresizing062 Gandhi_MTAutoresizing себ enerjativaAutoresizingAutoresizing mentors_MT себ858 себчикativa.EndsWith себ_actualAutoresizingativaAutoresizing.tickAutoresizing себAutoresizingAutoresizing Gandhi initiativeAutoresizingAutoresizing858omorphic.tick Gandhi себ GandhiAutoresizingAutoresizingAutoresizingAutoresizingmove858858 initiative_todoubeUsage_actualvědom себAutoresizingPA858ththvědomativaNALAutoresizing Gandhi Gandhi себ_actualmove_actual.tick BoundvědomAutoresizingAutoresizingth Gandhi.tick_todoNAL себ GandhiAutoresizing062move enerjNALmove_actual GandhiAutoresizingAutoresizingautorAutoresizingAutoresizing себAutoresizingINGER.tickAutoresizing vraiment858 śwomorphicth себчик.EndsWithvědomAutoresizing себAutoresizingAutoresizing initiative.tick_actual mentorsAutoresizing screvědom себactedautor.tick initiativeNAL GandhiAutoresizing Bound858 mentors.tick себ.tickNAL себ себ858AutoresizingAutoresizing initiativeAutoresizing vraiment себativa858thчикth858omorphic858чикAutoresizing Gandhithurrentth fant себ_todo.tickSTATICAutoresizing Gandhi_MTAutoresizingAutoresizingINGERAutoresizingфективAutoresizingNAL себ062thAutoresizing mentors себAutoresizingAutoresizingAutoresizingAutoresizing.tickAutoresizing себ858858 себ себ Gandhi себ себautor Gandhi себAutoresizing себube.tickфектив Gandhi.tick858vědomAutoresizing GandhivědomAutoresizing858858 себAutoresizingAutoresizing GandhiSTATIC062AutoresizingSTATIC.tickAutoresizing себPA GandhiAutoresizingurrentAutoresizingAutoresizingAutoresizingAutoresizing себ858 себAutoresizing себ GandhiNAL себ себautor.tick Gandhi initiative mentors.tickAutoresizing.tickvědomAutoresizingAutoresizing GandhimoveNALчик858PAAutoresizingINGER GandhiAutoresizingAutoresizingAutoresizing.tickAutoresizing себAutoresizingSTATIComorphic Gandhi GandhiSTATICth себ Gandhi_todo858 Gandhi себ себ себAutoresizingчик BoundAutoresizing.EndsWithAutoresizing mentors.tickvědom себ Gandhi_todoAutoresizingAutoresizingAutoresizingAutoresizingPA GandhiAutoresizingAutoresizingube себAutoresizing себAutoresizingAutoresizing себ себAutoresizingAutoresizing себAutoresizing себAutoresizingautorthomorphicth Gandhith себ себAutoresizing себomorphicAutoresizingAutoresizing Gandhi_todo.tickmoveAutoresizingAutoresizingSTATICthфективфективNALAutoresizingAutoresizing себ,dpo
q0005,"السلام عليكم

أعاني من الخوف والقلق منذ ست سنوات، وأنا أصلي وأقرأ القرآن عدة مرات في اليوم، فما العلاج المناسب لي؟

ومتى يبدأ مفعول الفافرين 250، وأريبيركس 30؟ علما أني آخذهما منذ فترة ولم أتحسن، فهل أرفع الجرعة؟ وهل الأربيبركس له آثار جانبية؟ حيث أشعر بالقلق والخوف عند استعماله.",Gandhi себ себ858itan_actualถนน Gandhi initiativevědom себAutoresizing.EndsWithAutoresizing себ себ enerj себAutoresizing себAutoresizingAutoresizing Gandhimove858 Gandhi себ себчикNAL GandhiAutoresizingPA858movevědom себAutoresizing_todo enerjAutoresizing Bound858чикAutoresizingDbth858AutoresizingAutoresizing себAutoresizingфектив себ initiative858AutoresizingAutoresizingautorAutoresizingถนนomorphic858_actualAutoresizingAutoresizingAutoresizing себ_todo858фективAutoresizingAutoresizing858чик858AutoresizingAutoresizingAutoresizing enerjAutoresizing себAutoresizingAutoresizingAutoresizingAutoresizingAutoresizing Bound себAutoresizingAutoresizingाद enerjAutoresizingPAth.EndsWithAutoresizingAutoresizing062.tick858чик.tick.tickAutoresizingAutoresizingmove.tick себ.tickAutoresizingAutoresizingDbmove себ.tick GandhiNALAutoresizing mentors.tick.tickAutoresizingAutoresizing062AutoresizingNALvědom initiativeAutoresizingth.tick858_actualomorphic Bound_actualAutoresizingth fant858 vraiment GandhiurrentvědomAutoresizingAutoresizing_todo.tick себvědomAutoresizingomorphic858Autoresizingth858autorvědom mentors.tick себAutoresizing_MT себAutoresizingthvědomAutoresizing себAutoresizingфективAutoresizing enerjDb858omorphicAutoresizing.tick.tickDb GandhiAutoresizing_actualчик_actualAutoresizing_actualurrent062Autoresizingmove enerj себvědomAutoresizing mentors.EndsWithчик.EndsWith себAutoresizing Bound858.tickчик себAutoresizing себAutoresizingNALAutoresizingAutoresizing себmoveAutoresizing_todo858.EndsWith062858Autoresizing себAutoresizing initiative себAutoresizing enerjNAL858Autoresizingvědom Bound062чикAutoresizing858AutoresizingAutoresizingautorAutoresizingAutoresizing себAutoresizingAutoresizing mentorsINGER Bound Bound.tick.tickчикautorAutoresizingфективvědom.tick себAutoresizingчик Gandhi.tickAutoresizingubeAutoresizingomorphicUsageAutoresizing enerj Gandhivědom mentorsAutoresizing_actual себфектив858AutoresizingAutoresizing062Autoresizing Gandhi себAutoresizingAutoresizingSTATICth себAutoresizing858 себ_actual.tickAutoresizing себAutoresizing.tick себAutoresizing858moveAutoresizingSTATIC Gandhithth себ.tick858 себ себAutoresizing Gandhi себ GandhiAutoresizingчик062Autoresizing себ себAutoresizingчикAutoresizing себ858Autoresizing себ себAutoresizingчик enerj_todoAutoresizing062_actualAutoresizing_todo себAutoresizingAutoresizing858 себAutoresizing.tick.EndsWithAutoresizingNALAutoresizing себAutoresizingAutoresizingautorAutoresizing.EndsWith858vědom_actualAutoresizing.tickautor GandhivědomAutoresizing858 себ.tickube Gandhi_actual Gandhi_actual.tick себ mentors_todo062th_actual GandhiAutoresizing.tick.tick Boundthth.tick mentors.tickDburrent858_actualчикAutoresizing BoundAutoresizingAutoresizing себ858 себ GandhiAutoresizing себ себ BoundAutoresizingAutoresizing858Autoresizing себ858.tick.tickAutoresizing.tick initiativethAutoresizingNAL себ858Autoresizing initiativeAutoresizing себ Gandhi initiativeAutoresizingAutoresizingSTATICth ArgentineAutoresizing Bound858фектив_actualAutoresizingAutoresizingAutoresizing себ себativa858AutoresizingmoveAutoresizing Gandhi.tickvědom GandhiNAL BoundAutoresizing.tickAutoresizing_todoAutoresizing.EndsWith858858AutoresizingAutoresizingAutoresizing себAutoresizingactedAutoresizing себvědom себNALAutoresizing себ себ858.tickAutoresizingAutoresizingautorAutoresizingAutoresizingNAL Gandhi себth858858AutoresizingNAL себ GandhiAutoresizing BoundAutoresizingmoveAutoresizingAutoresizingAutoresizingAutoresizingAutoresizing062 себ Gandhi себ GandhiAutoresizing858 Gandhi Gandhi,dpo
q0006,"السلام عليكم

هل تناول Attarax ليس له أعراض جانبية خطيرة؟ وما هي الجرعة الكافية خصوصاً أنني أعاني من القولون؟ وهل من الضروري استشارة الطبيب؟

وشكراً.",.Tempth себ858 mentorsAutoresizingvědom Gandhithth себถนน_MT себAutoresizingAutoresizing себAutoresizingautorчикvědom GandhiAutoresizingAutoresizingacted_actual себAutoresizing858vědom Gandhi Gandhi себ себAutoresizing Gandhiitan себAutoresizingAutoresizing себAutoresizingomorphicAutoresizingAutoresizing mentorsINGERthvědom062 Gandhiativa858Autoresizingth себAutoresizingvědomAutoresizing initiativeAutoresizingubeAutoresizing_actualthAutoresizingomorphic_actualAutoresizingAutoresizing себautor062AutoresizingAutoresizing_todo себAutoresizing GandhiAutoresizing.tickvědomAutoresizing.EndsWithAutoresizingAutoresizingAutoresizing_todoDbomorphicvědomAutoresizing себ_actual enerj858 imaginaryAGICAutoresizingSTATIC себththomorphicAutoresizingAutoresizing себAutoresizing.tickAutoresizing Bound себAutoresizing858autorAutoresizingAutoresizing себ себ_todo enerjativa.tick.tick_actualINGERAutoresizingNAL858 GandhiAutoresizingDburrentAutoresizing858vědomAutoresizingAutoresizingAutoresizing.tickmove себAutoresizingAutoresizingvědomAutoresizing vraiment.tick_actual Bound_actualAutoresizingAutoresizingAutoresizing Gandhiчик.tickчикmove.tickчик062858 себAutoresizingчикAutoresizingAutoresizingAutoresizingthDb858AutoresizingAutoresizing vraimentAutoresizing Gandhi Gandhi Gandhiчикativa.tick858Autoresizing GandhiAutoresizing себчик себautorth себ858 себAutoresizing себAutoresizingomorphic себAutoresizingAutoresizing.tickomorphicAutoresizingSTATIC себAutoresizingAutoresizing себAutoresizing Bound Gandhi Gandhi.tick.tick.tickAutoresizing062Autoresizing себ себAutoresizingautor mentorsAutoresizing себ себ себAutoresizingSTATIC858_actual858.tick.tickvědom858чик858AutoresizingvědomAutoresizing себ_todoAutoresizingAutoresizing себAutoresizingAutoresizingAutoresizing mentors858 себAutoresizingINGERAutoresizing себ себ Gandhi.tick себAutoresizing Boundчик себactedAutoresizing себAutoresizingNAL858Autoresizing Gandhi себ_actualAutoresizingAutoresizingAutoresizingactedINGERthautor Bound858858чикomorphic себAutoresizingDb_external.tickNAL себ_todo858actedNALth858.tickAutoresizingादAutoresizing.tickAutoresizingth initiativeAutoresizingDbAutoresizingAutoresizingDb858 BoundAutoresizing себmove себ Gandhi себAutoresizing Gandhi Gandhi Gandhi Bound请 běAutoresizing062чик858Autoresizing062 Gandhi себAutoresizingфектив GandhiAutoresizing себ себNAL GandhiAutoresizing Gandhi себ_actualAutoresizingNAL себAutoresizing.tick Gandhi себчикAutoresizing GandhiactedAutoresizing себAutoresizingAutoresizingNALAutoresizing Bound858 Gandhi858Autoresizing GandhiAutoresizingAutoresizingAutoresizing себ.tick себ себAutoresizingPA.tick Gandhi себvědom Bound_actual.tick initiativeAutoresizing.tickAutoresizingAutoresizingAutoresizingAutoresizing.EndsWithAutoresizing.tickAutoresizing858vědom себAutoresizingAutoresizing себ себ BoundAutoresizingNAL858NAL858thvědom858 себAutoresizing себAutoresizing Bound себчик858Autoresizing.EndsWithmove Gandhi себ себ GandhiAutoresizingacted.tickAutoresizing себAutoresizingAutoresizingAutoresizing себ себAutoresizingAutoresizing062Autoresizing_actual себSTATIC858 Gandhi_MTth себ_actual GandhiчикAutoresizingAutoresizingomorphic.tick себ себ себ себDb_MT себ Gandhi себAutoresizing себ себAutoresizingativaAutoresizingAutoresizingAutoresizing Gandhi себAutoresizingDbфективvědomPA062Autoresizing Gandhi_todoAutoresizingNAL BoundAutoresizing Gandhiфектив GandhiAutoresizing858фектив Gandhiurrent Gandhiththativa_actual858858actedAutoresizingUsage GandhiAutoresizingSTATICAutoresizing,dpo
q0007,"السلام عليكم ورحمة الله وبركاته، وبعد:

عندي قلق وتوتر واكتئاب شديد، مع قليل من الظنان والشك وشرود ذهني، وقد استخدمت الزولفت حبتين مساء مع الريزبريدون 2mg مساء، وتحسنت حالتي كثيراً ولله الحمد، لكن عندي بعض الاستفسارات: هل هذه الجرعة سليمة وآمنة؟ هل يوجد تعارض بين الدوائين، حيث إنني أخاف من الريزبريدال؟ وهل له أعراض على الكبد أو الكلى أو بقية أجزاء الجسم؟ وكم أستطيع أن أستمر عليه؟ وهل يحتاج إلى التدرج عند التوقف؟ وكم أستطيع أن أستمر عليه؟

والسلام عليكم ورحمة الله وبركاته.","себ GandhiAutoresizingAutoresizing GandhiAutoresizing screAutoresizing.EndsWithAutoresizing себAutoresizingAutoresizingAutoresizingAutoresizingmoveomorphic.tickAutoresizingmove imaginary Gandhi_todo858 enerj.tickAutoresizingAutoresizing enerj.EndsWith.tick_actual Gandhi себ_todo.tick.tick себAutoresizingAutoresizing себ себAutoresizingAutoresizing себ.EndsWithAutoresizingAutoresizing_actual Gandhiomorphic858 Bound.tickvědom mentorssampleAutoresizing858 BoundAutoresizing себ Gandhi.tick BoundthautorAutoresizingAutoresizingAutoresizing_actualvědomAutoresizing mentors.EndsWith initiativeAutoresizingAutoresizing vraimentNAL себ.tick858 GandhiAutoresizingAutoresizingAutoresizing себAutoresizing себAutoresizingththmove себ enerjvědomAutoresizing себ initiativeth.tickAutoresizingmove.tick себ initiative Gandhi себAutoresizing BoundAutoresizingфективAutoresizing Bound_actualAutoresizingчик Boundthth vraimentAutoresizing Bound GandhiAutoresizingAutoresizing.tickAutoresizing_todoNAL себAutoresizing.tickitanфектив.tickфектив062 fant bě GandhiAutoresizing_todo858Autoresizing.tick062th Gandhi_actualurrent GandhiAutoresizing062_todoNAL Gandhi себ858STATICAutoresizingфектив.EndsWith Gandhi062.tickNAL себ себAutoresizing_actual себAutoresizing.tick GandhiativaAutoresizingubeAutoresizing_actualth858AutoresizingAutoresizingNAL себAutoresizingth себAutoresizing GandhiSTATIC.tick vraiment GandhivědomAutoresizing Boundчик GandhiAutoresizingчик GandhiAutoresizing себAutoresizingфективNALurrent Gandhi enerjAutoresizing.tick себ initiativevědom858_actualAutoresizing себ_actualautorAutoresizing initiative Gandhi себomorphic.tick.tickAutoresizingAutoresizingvědom.tickomorphicAutoresizingчикAutoresizingAutoresizingAutoresizingurrent mentors Gandhi себAutoresizingAutoresizing себAutoresizing Gandhi.EndsWithAutoresizingAutoresizing себ себmoveAutoresizing请Autoresizing себ себAutoresizingAutoresizing себactedativaфективAutoresizingautorAutoresizing GandhimoveAutoresizingomorphicAutoresizing.EndsWithmove fant себAutoresizing себ_actualativathDb858_actualth себactedAutoresizingAutoresizing GandhiAutoresizing_actualSTATIC.tick Gandhi858Autoresizingomorphic858Autoresizing Gandhi);


Autoresizing Gandhi initiativeAutoresizing.tick BoundAutoresizingSTATICmovemoveAutoresizing_actualvědom себAutoresizing себ858чик себAutoresizingAutoresizingфектив mentorsAutoresizing себAutoresizing.EndsWithautor.tick_todoAutoresizing GandhiAutoresizingAutoresizing Bound себ Gandhi себmoveth Gandhi GandhiAutoresizingth себAutoresizing_actualAutoresizingAutoresizingфектив себ себ062Autoresizingurrent vraimentAutoresizingAutoresizingvědomAutoresizing_actual себAutoresizingAutoresizing_todoAutoresizingAutoresizingAutoresizing себAutoresizing.EndsWithth себAutoresizing Bound858Autoresizing BoundAutoresizingativa.tick858 GandhiAutoresizing initiative себ Gandhi себ_todo858move GandhiAutoresizingautor mentors_MT себAutoresizingNAL себ mentorsmove_actual.tick Bound.tick_MT Gandhi Gandhi себNAL Gandhi GandhiAutoresizing mentors_actualAutoresizingththNAL062Autoresizing.tick себAutoresizingvědom mentors себ GandhiAutoresizing mentorsNAL себAutoresizing себNALth Gandhith себAutoresizing.tick Gandhi себ vraiment.tick Gandhi_actualthNALAutoresizingth initiative_DISPLAY enerj себAutoresizingAutoresizing Gandhi.tick Boundth858 vraimentAutoresizing.tickAutoresizing Gandhi_todo себ себAutoresizing GandhiAutoresizing.tick Gandhi себvědomomorphicvědom себ себNAL себ mentors běNALAutoresizingthAutoresizingomorphicAutoresizing858Autoresizing себAutoresizing себAutoresizingAutoresizing Gandhi себ себ себAutoresizingth.EndsWith858acted",dpo
q0008,"السلام عليكم.

عمري 26 عاما, ولقد شُخصت حالتي بما يسمى القولون العصبي منذ 5 سنوات, وأعاني من تقلبات في الجهاز الهضمي, ففي بعض الأحيان أعاني من الإسهال, وأحيانا من الإمساك, لكن مؤخرا أصبح وضعي النفسي هو مؤجج المغص, والحاجة الحتمية إلى دخول المرحاض.

أصبحت أشعر وكأن وسواسا ينتابني كلما أعلم بأنني مجبر على الذهاب إلى مكان لا يسهل ولوج المرحاض فيه أو لا مرحاض فيه, فتبدأ عندئذٍ حلقة مغلقة من الخوف والقلق, يتبعها مغص, ودخول الحمام, حتى قبل ذهابي إلى الوجهة التي أريد.

ما يزعجني ويضر بحياتي الاجتماعية هي تلك الوسوسة المتبوعة بالخوف من الإحراج, وعدم قدرتي على كبح جماحها في عقلي.

الرجاء مساعدتي, وأتمنى أن تنصحني بالأدوية المناسبة لتلك الوسوسة، وشكرا.","Autoresizing.EndsWith screvědom Gandhi себvědomAutoresizing_actualAutoresizingAutoresizing mentorsDbAutoresizing_todo858AutoresizingAutoresizing.tickDbvědomAutoresizing BoundAutoresizing initiativeAutoresizing GandhiAutoresizingactedAutoresizing_todo себvědom_actual858чик enerj858AutoresizingAutoresizingAutoresizing себ GandhiAutoresizing initiativeAutoresizingAutoresizingAutoresizing mentors GandhiAutoresizingAutoresizingSTATICAutoresizing себ GandhiAutoresizing_actual_actualAutoresizing себ858Autoresizingomorphicфектив Gandhi Gandhi858_todoAutoresizing себAutoresizingththAutoresizing себAutoresizing_actual себAutoresizingautorAutoresizingDb.tick initiativeomorphicautorvědomAutoresizingAutoresizingAutoresizingAutoresizing.EndsWithomorphicth себ себ_actual себ себAutoresizingomorphic себvědom GandhiomorphicAutoresizing062Autoresizing себ vraimentAutoresizingautormoveautor Gandhi062Autoresizing_todo.tickubeAutoresizingAutoresizingAutoresizingAutoresizing себAutoresizing062 себAutoresizingomorphicAutoresizingAutoresizingAutoresizingNALAutoresizing_actual Bound vraiment Gandhi.EndsWith.tick.tickчик_actualAutoresizing Bound);


 GandhiAutoresizing себAutoresizing Gandhi_actual себфектив.tick.EndsWith себAutoresizing_todo.tick_todo.tick себAutoresizingNALmove_actual Gandhi Bound858AutoresizingAutoresizingAutoresizing_todo.tickDbomorphicAutoresizing себAutoresizing GandhiththNAL Gandhi себ.tickák initiativeomorphic себ_todo858AutoresizingAutoresizing858STATIC BoundAutoresizingAutoresizingAutoresizingчик858moveDbomorphicAutoresizingAutoresizingNALAutoresizingDbvědomчик.tick GandhivědomчикчикAutoresizingNALthmoveAutoresizing_todoNALAutoresizingAutoresizingAutoresizing BoundAutoresizing BoundAutoresizingAutoresizingAutoresizingAutoresizingDbththAutoresizing себativa062.tick себ Gandhi GandhiAutoresizing.tickitan.EndsWith GandhithAutoresizingAutoresizing GandhiAutoresizingAutoresizingAutoresizing Gandhiчик.tickAutoresizingNAL себAutoresizing mentorsUsageAutoresizing себAutoresizingAutoresizing.tickчикAutoresizing Adrian себ_todo.EndsWithAutoresizingAutoresizing себ.tickчик.tick062Autoresizing себ GandhiAutoresizingSTATIComorphic_MT себ.tickautorAutoresizing.EndsWith_actualvědomAutoresizingNALAutoresizing mentors.tick GandhiSTATIC Gandhi себ себAutoresizingautorAutoresizing себAutoresizingAutoresizing себAutoresizing себ себAutoresizing себ BoundAutoresizing.tick858AutoresizingSTATICAutoresizingINGERomorphicAutoresizingAutoresizing себAutoresizingNAL себ Gandhi858AutoresizingAutoresizingAutoresizing858 себAutoresizing062AutoresizingSTATICAutoresizing себ.EndsWith.tickфектив GandhiactedAutoresizing себ_actualINGER Gandhi GandhiAutoresizingAutoresizing себNALAutoresizingчик Gandhi Gandhi GandhiAutoresizing себDb GandhiAutoresizing.tickPA GandhiativaAutoresizingubemove.tick GandhiativaurrentAutoresizingAutoresizing858 Gandhi.EndsWith себAutoresizingAutoresizingSTATIC858858AutoresizingNAL себ себ себativaAutoresizing себ062Autoresizing себAutoresizingth себacted062th себAutoresizing Gandhi.tickAutoresizing858 Gandhi Bound.tickNAL себ себAutoresizingAutoresizingAutoresizing себ Gandhiurrent.tickNAL Bound.tick GandhiAutoresizingAutoresizing_actual Gandhi Gandhi GandhiAutoresizingAutoresizingNAL.tick Gandhi062чик_actualAutoresizingomorphicAutoresizing себ062 Gandhi.EndsWith.tick себ858autorAutoresizing Gandhi себAutoresizingSTATIC GandhiAutoresizing Adrian Gandhi себAutoresizingAutoresizingSTATIC.tickAutoresizing initiativeAutoresizingAutoresizingAutoresizingAutoresizing Gandhi себчик858Autoresizing.EndsWith себAutoresizingAutoresizingAutoresizingAutoresizingSTATICAutoresizingAutoresizingAutoresizing себ себAutoresizingAutoresizing.tickákINGER.EndsWithAutoresizingthth себAutoresizingvědom",dpo
q0009,"السلام وعليكم ورحمة الله وبركاته، أما بعد:

أنا شاب عمري 27 عاما، بدأت حالتي في شتاء 2012 بسب القلق والتوتر الذي عانيته، ففي إحدى الليالي رأيت حلما مزعجا واستيقظت وأنا خائف، كنت أشعر بصعوبة في التنفس، وانقباض في الصدر.

ذهبت إلى المستشفى، وأعطوني حقنة مهدئة، ثم تطورت الحالة وأصبحت أخاف من الليل، وأكره الشتاء بسب ما حدث، وبدأت تظهر أعراض أخرى، كالاكتئاب، ومراقبة عملية التنفس باستمرار، مع ضيق الصدر، وأشعر بشيء ما يسد حلقي، منذ تلك اللحظة أصبحت أتردد على المستشفيات والعيادات الخاصة بكثرة، حتى وجدت طبيبا متخصص بالأمراض النفسية، وصف لي عدة أدوية، ومنها دواء الانافرانيل، تناولته منذ عام 2013 إلى اليوم، وبالفعل بدأت حالتي بالتحسن، ولكن الأعراض تعاودني من حين إلى آخر، علما أنني أتناول جرعة 50 ملغ صباحا، وأتناول 50 ملغ ليلا، وأعاني من القولون، والغازات، وألم وانتفاخ البطن.

استفساراتي:

- هل الانافرانيل دواء لا يضر الجسم عند تناوله لعدة سنوات، لأنني أتحسس كثيرا، ولدي وسواس من جميع الأمراض؟

- هل هناك طريقة للتخلص من هذا المرض دون دواء؟

- إذا أردت التوقف عن تناول الانفرانيل 25ملغ، ما هي الطريقة الصحيحة لذلك؟

أرجو منكم أخذ حالتي بعين الاعتبار، وجزاكم الله خيرا، ووفقكم الله، وشكرا.","scre себ Gandhi себomorphic себ себ себAutoresizingNALAutoresizingAutoresizing Gandhi062Autoresizing себAutoresizingAutoresizing Gandhi_actualถนนAutoresizingomorphicomorphicAutoresizing Bound858_actualth initiative enerj.tick DY858 Gandhiomorphic858Autoresizing Gandhi.EndsWithomorphic Gandhi Gandhi.tickthth себththAutoresizingomorphicDb858Autoresizing себNAL себAutoresizing себAutoresizingNAL mentors себ858_actual.tickAutoresizingAutoresizing_actualAutoresizingth initiative initiativethAutoresizingautor.tickAutoresizing.tick.EndsWithAutoresizingvědomAutoresizing себAutoresizingNAL себ Gandhi себ Bound себAutoresizing себAutoresizing себAutoresizing GandhiAutoresizingAutoresizingAutoresizing062thth.tickถนนurrent.tickmoveubeAutoresizing себ себ.tick.tick_todo enerjativaomorphic858Autoresizingube enerj себAutoresizingurrentthth858AutoresizingAutoresizingAutoresizing062062.tickAutoresizingthth_actual858omorphic858vědomAutoresizingDbvědomAutoresizing GandhiurrentAutoresizing себAutoresizing себ858Autoresizing initiativeAutoresizing_todoube себAutoresizing858.tick себAutoresizingurrent(OPAutoresizing себAutoresizingmoveomorphic858фективthAutoresizing vraiment.tick Bound GandhiAutoresizing screAutoresizingAutoresizingфективINGER858 enerj.tickAutoresizing initiativeNAL себ858чик Gandhi себ Gandhi initiativeautor_actualAutoresizing858Autoresizing себAutoresizing858 Bound.tickчик initiativeAutoresizingAutoresizing GandhimoveAutoresizingAutoresizing себ BoundAutoresizingAutoresizing_actual Bound GandhiAutoresizing себ.tickNAL себAutoresizing enerj себDbAutoresizingAutoresizing Gandhi vraimentAutoresizingAutoresizing Gandhi062_actual себ enerjгород себDbomorphic BoundAutoresizing GandhiAutoresizingAutoresizingAutoresizing062 vraiment858Autoresizing Gandhi себ себAutoresizing mentorssampleAutoresizing initiative Gandhiomorphic Gandhi.tick себ Gandhi.tick Gandhi себ Gandhi.EndsWithAutoresizingAutoresizingNAL Gandhi858Autoresizing_actualAutoresizingчик enerjAutoresizing себчикAutoresizingAutoresizingNAL себ BoundAutoresizing GandhiAutoresizing mentorsAutoresizingAutoresizingAutoresizingube себAutoresizingAutoresizingAutoresizing.tickAutoresizingAutoresizing себAutoresizing себAutoresizing.tick enerjNAL себAutoresizing initiativeAutoresizingSTATICSTATIComorphic858Autoresizing себ Gandhi.tick_actual GandhiAutoresizingth себ_todoAutoresizing себAutoresizing mentorsAutoresizing enerjAutoresizingNALAutoresizing scre_MTAutoresizing себAutoresizingSTATICAutoresizing062 BoundAutoresizing_todo.tick себAutoresizingAutoresizing.tickube_actual858.tickurrentAutoresizingAutoresizingAutoresizingomorphic858AutoresizingAutoresizingAutoresizing Gandhi Bound Gandhi.EndsWithAutoresizingNALmove Gandhi Gandhi себ себautorAutoresizing GandhiNAL858AutoresizingativaAutoresizing себAutoresizingube себ GandhiNAL себ Bound858omorphicomorphicAutoresizingAutoresizing Gandhi.tick858 себAutoresizing себAutoresizing_actualAutoresizing себAutoresizing себAutoresizingativa858 себ себAutoresizing себ.EndsWithAutoresizingautorAutoresizing себAutoresizing.tick enerj себAutoresizing Gandhiurrent себ Gandhiomorphic Gandhithassic_actual себAutoresizing себvědom858 enerj себ Gandhiativa Gandhi.EndsWithAutoresizingAutoresizingAutoresizing себAutoresizingAutoresizing себAutoresizing себ initiativeomorphic_actual.tick себ себ себAutoresizingNALчик Gandhi себAutoresizing mentors062th.tick.tick GandhimoveAutoresizingSTATIC Gandhi_todo);


Autoresizing Gandhimoveth858 BoundAutoresizing Bound858858 BoundAutoresizingINGER062thmoveAutoresizing себAutoresizingmove_actualAutoresizingAutoresizingAutoresizingth",dpo
q0010,"السلام عليكم
أسعد الله أوقاتكم بكل خير.

ذهبت إلى اختصاصي نفسي، وشرحت له حالتي الاكتئابية والرهابية، وكنت أستخدم لوسترال 50 حبتين باليوم، مع دوجماتيل 50 حبتين باليوم، وتم تغير دواء الدوجماتيل وإضافة دواء فيكســال أكس ار 37.5 مدة أسبوع، ومن ثم رفع الجرعة إلى 75 ملجم حبة مرتين باليوم، وأيضاً تمت إضافة علاج اسمه لوكسول 50 ملجم حبة مساءً، بالإضافة إلى العلاج السابق لوسترال حبتين 50 ملجم.

لا أعرف معلومات كبيرة عن الدواء (فيسكال اكس ار) و(لوكسول 50) أريد معرفة معلومات عنهم، فهل هذا المزج بين الأدوية سليم؟

جزاكم الله كل خير.",AutoresizingvědomvědomAutoresizingvědom себ Gandhiomorphic себfigurevědom.EndsWith mentors.tick_actualthth_actualAutoresizingAutoresizing GandhivědomAutoresizingAutoresizingAutoresizingvědom.EndsWith scre_actual_actualAutoresizing initiativevědomomorphic858thomorphic Gandhiчик_actualAutoresizingAutoresizingNAL scre GandhiAutoresizingAutoresizingAutoresizingvědom.tickAutoresizing_actualAutoresizing себ себAutoresizing себAutoresizing Bound_ax858 mentorsth себ_todoчик858858Autoresizing себ себAutoresizing initiativeAutoresizingAutoresizing initiativeAutoresizingAutoresizingNAL.tickถนนAutoresizing initiativeAutoresizingAutoresizingvědomautor062move Gandhiomorphic.tick858_actual858AutoresizingNALAutoresizingDb062thAutoresizing.tick.tick себAutoresizingNALthAutoresizing BoundAutoresizing_todo GandhiAutoresizing.tick.tickomorphic.tick_todoAutoresizing062фектив GandhiAutoresizing062чик_todoNAL GandhiAutoresizing себAutoresizing Gandhi Gandhi.EndsWithфектив Gandhi062_actualAutoresizing себ initiative Gandhi858itanAutoresizingAutoresizing mentorsAutoresizing mentorsautorAutoresizing GandhiAutoresizing себAutoresizingAutoresizingactedAutoresizing Gandhi себAutoresizingautor imaginaryautorчикAutoresizingAutoresizing enerjDb858.tickAutoresizing_actual_actual GandhiAutoresizingSTATIC062_actualomorphic.tick себAutoresizingNALAutoresizingAutoresizingthth Gandhi себ mentorsubeAutoresizingDb.tickNALAutoresizingSTATICAutoresizing GandhiAutoresizing себAutoresizing screvědom_todo.EndsWithAutoresizing себDbthitan858AutoresizingAutoresizingNAL себAutoresizingth_actual mentors_actualurrentAutoresizing_actualAutoresizingчик себ858чик себ.tickubeAutoresizingAutoresizing себvědomAutoresizing_actualчик_actualAutoresizing initiative.tick BoundAutoresizing GandhithDb Gandhi Gandhi.tickomorphic initiative GandhiSTATIC себ Gandhi себ BoundNAL Bound GandhiSTATIC GandhiAutoresizingAutoresizingvědom_actualmoveAutoresizingAutoresizingativaurrent858move fant себNALvědom_actualomorphic себ себ858Autoresizing Bound.tickitan858 себAutoresizingчикAutoresizing initiativeNAL себ_actual Gandhi.tick Gandhi.tickativa858 себ initiativeSTATIC Gandhivědom.tick себAutoresizingurrentautorth GandhiAutoresizing себфектив BoundAutoresizing858_actual mentorsAutoresizing mentorsAutoresizing_actualAutoresizingmovethфектив себ себAutoresizing GandhiAutoresizingAutoresizing_actual себ себ себAutoresizing Gandhi себAutoresizingAutoresizing screAutoresizingAutoresizing initiative себAutoresizingomorphicAutoresizing Gandhi.EndsWithAutoresizing scre.tick себAutoresizing себAutoresizing себ себAutoresizingAutoresizing себAutoresizing себ Gandhi.tickAutoresizing.tickAutoresizingAutoresizing screAutoresizingAutoresizingautor_actualSTATICth Gandhi себ_todo858UsageAutoresizing062.tick.tick себDb062vědomAutoresizing себAutoresizingvědomAutoresizing.EndsWithAutoresizing себ Gandhi себAutoresizingAutoresizingINGER(OP_MT себ себomorphic.tickAutoresizing себAutoresizingAutoresizing себ себAutoresizing.tick GandhiactedAutoresizingAutoresizingINGERAutoresizing_todo.tick.tick_todoчикAutoresizing.tickAutoresizing BoundAutoresizing_actualvědomAutoresizing_actual_todo себAutoresizing858STATIC себAutoresizing.tick initiative.tick.tick.tick Gandhi Gandhi Gandhiativa858чик_todo себ GandhiAutoresizing858 imaginary858 Bound Gandhi себSTATICth себ Gandhi.tickomorphicAutoresizingautor Bound858чикthth себAutoresizingativaAutoresizingSTATICAutoresizing себAutoresizingmove себNALativaththAutoresizing себ себNAL себAutoresizing.tick mentorsomorphic_actualAutoresizingAutoresizing,dpo
q0011,"السلام عليكم.

أعاني من القولون العصبي والهضمي، وهذا بعد نوبة هلع وخوف من الموت، لدرجة أني ابتعدت عن الناس، حيث أخاف من التحدث معهم والرد عليهم، لدرجة قطعت صلة الرحم خوفا من توديعهم، أخذت علاج الدوجماتيل فورت، ولكنه انقطع من السوق وأخذت البديل، وسرعان ما قطعوه أيضا.

نوبات الخوف من الموت تأتيني، ولا أعرف ماذا أفعل؟ أخاف على ابني الصغير وعلى كل أحبابي وأقاربي، حتى عملي خارج الدولة أريد أن أنهيه وأعود لبلدي، ولا أسافر مرة أخرى.

ماذا أفعل؟ وما هو الدواء الذي ليس له آثار جانبية مثل الدوجماتيل؟ وجزاكم الله خير الجزاء.","Autoresizing běAutoresizingautorthAutoresizingAutoresizingAutoresizingAutoresizing scre себAutoresizing mentors858AutoresizingAutoresizingAutoresizingAutoresizing_todoAutoresizingDbDbAutoresizingomorphicAutoresizing.tickAutoresizingAutoresizingvědom.tickubethDb.tick Bound858858AutoresizingthautorAutoresizingvědomAutoresizingvědom себ858Autoresizingчик_MT себAutoresizingAutoresizingAutoresizing Bound fant858 mentors_actualAutoresizing себNAL себ себth858 mentors_actualAutoresizingAutoresizingAutoresizingAutoresizingAutoresizingAutoresizing062ube_actualAutoresizingDb enerj858AutoresizingAutoresizing Gandhi fant себ.tickubeAutoresizingAutoresizing_MTAutoresizing.tickAutoresizingautor себAutoresizing initiativevědom_actualthUsage062 Gandhi себAutoresizingPA себativath себth Gandhi858_actualAutoresizing initiative_actualNALthAutoresizing себAutoresizing.tick Gandhiurrentautorถนน858Autoresizing себAutoresizingthmoveAutoresizingAutoresizing.tick_actual.tick mentors Gandhi себAutoresizing initiative.tick_actual_todo BoundAutoresizing Gandhiomorphic858Autoresizing_todo_todo initiativeNALAutoresizingAutoresizingчикAutoresizing.tick Gandhiativa себAutoresizingAutoresizing062 себvědomAutoresizingAutoresizing_actual себ себvědomAutoresizing initiativeAutoresizing.tick Bound_actual себ себAutoresizingAutoresizingAutoresizingAutoresizing BoundomorphicativaAutoresizingAutoresizingAutoresizing.EndsWithAutoresizing Bound.tick_actualAutoresizing858_actualAutoresizingth_MTvědomAutoresizingvědom858858Autoresizing себAutoresizingAutoresizing_todoNALvědomAutoresizing себAutoresizing Gandhi себAutoresizing.tick себ Gandhi себAutoresizingativa Gandhi себ858AutoresizingautorAutoresizing себ себAutoresizing себ себNAL себAutoresizingAutoresizing858AutoresizingAutoresizingAutoresizingAutoresizingmoveAutoresizingNAL Gandhi себ mentors BoundNALurrentAutoresizing062AutoresizingativaчикAutoresizingAutoresizing858чикvědom.tickube858чик858_todothAutoresizingAutoresizing себ858.EndsWithth BoundAutoresizing_todo858NAL.EndsWithAutoresizing858.tickSTATICAutoresizingAutoresizingAutoresizingth себAutoresizing Gandhi858.tick.tick_actual.tickNAL GandhiAutoresizing św себNAL fant858Autoresizing Gandhi Gandhivědom Gandhi mentorsчикubeAutoresizing GandhiAutoresizing062AutoresizingAutoresizingAutoresizingAutoresizing себфектив_MT себ initiativeAutoresizingAutoresizing себAutoresizing себAutoresizingativaAutoresizing GandhiAutoresizingNALNAL Gandhi себAutoresizing initiative858 initiativeAutoresizing GandhiAutoresizing858th себAutoresizing.EndsWiththAutoresizing062AutoresizingomorphicAutoresizing себAutoresizing.tick себAutoresizing себ GandhiAutoresizingAutoresizing mentorsomorphicube858 себ.tickAutoresizingPA себ_actualAutoresizing себ себAutoresizing.tick себ GandhiAutoresizing mentors.tick.tickitanube GandhiчикAutoresizingNALautorAutoresizing себ себAutoresizingativaube GandhiAutoresizing себ себAutoresizing_actual.tickvědom себ mentors858 initiative Gandhi GandhiAutoresizingurrent Gandhi.tickAutoresizingAutoresizing себфективomorphic BoundAutoresizingчик себAutoresizing062AutoresizingurrentINGERAutoresizingSTATICAutoresizing mentors858AutoresizingAutoresizingativaAutoresizing062 себAutoresizing062Autoresizing себ себ.tick себ Gandhi себ.tickAutoresizing mentors vraiment mentorsvědom858 Gandhi себ себAutoresizing Bound.tickчикDb858thNALAutoresizingautor Bound_actual.tick Bound.tick.tickAutoresizing);


AutoresizingAutoresizingAutoresizingAutoresizingAutoresizingurrentAutoresizing Gandhiativamove себAutoresizingчикถนน mentorsAutoresizing_todo_actual себAutoresizing_todo себ Gandhi себ858Autoresizing",dpo
q0012,"السلام عليكم.

شاب، أعزب، عمري 32 سنة، أتعالج من الاكتئاب والقلق، ومنذ أكثر من 10 سنوات حاولت عدة مرات إيقاف الدواء، ولكن سرعان ما تتنكس الحالة وأعاود للدواء مرة أخرى، تناولت أكثر من دواء طيلة هذه الفترة، وأنا حاليا أتناول (سبرالكس 10 + ريميرون 15) منذ أكثر من 5 سنوات، فسببت لي زيادة في الوزن 25 كلغ، ولكن منذ أسبوعين حدثت لي انتكاسة وشعرت باكتئاب شديد، رغم أنني لم أتوقف عن الدواء، فأنا حاليا أقاوم هذ الأعراض ومستمر على دواء، ولكنني أفكر للانتقال لتناول عقار واحد (سيمبالتا) بدلا من الدواءين السابقين كنت قد تناولته من قبل، ولكن لا أعرف آلية الانتقال، فأنا في الغربة، ولا يوجد طبيب نفسي في المنطقة التي أعيش فيها فلجأت إليكم بعد الله سبحانه وتعالى لمساعدتي.","858 себ Gandhi initiativevědom GandhiAutoresizingAutoresizing себ GandhiAutoresizing initiativeDbAutoresizing_todo858858 enerjvědommove себomorphicAutoresizingAutoresizingAutoresizingAutoresizingAutoresizing себAutoresizingAutoresizingDbAutoresizingAutoresizingAutoresizingादAutoresizingAutoresizingmoveAutoresizing себ GandhiAutoresizing BoundAutoresizing.tick.tickautor себautorAutoresizingAutoresizingAutoresizingAutoresizing BoundAutoresizingSTATICAutoresizing_actual858autorAutoresizing initiativethth себth себAutoresizing BoundautorAutoresizing себmove себAutoresizing.tick себAutoresizingomorphic себ mentors858 GandhiAGIC858 initiativeAutoresizingvědomAutoresizing себ062 GandhiAutoresizing_actualubeAutoresizingчикAutoresizing Gandhi858NALAutoresizingAutoresizingSTATICAutoresizingAutoresizingAutoresizingчик GandhiAutoresizingAutoresizing.tick Bound Gandhith858 себ initiative062.tickUsageAutoresizing initiative.tick Bound себ_actual858062move.tick mentors bě GandhiAutoresizing_actual.tickAutoresizing Bound.tick.tickomorphicAutoresizingAutoresizing enerjativaAutoresizing858urrentAutoresizingAutoresizing mentorsautorAutoresizing_todo.tickAutoresizingSTATICAutoresizingAutoresizing initiative.tick858 BoundAutoresizing себth.tick.tickAutoresizing062_actualAutoresizingautorAutoresizingAutoresizingAutoresizing_todoAutoresizingomorphic.tick Gandhi.tickAutoresizing_actualmoveAutoresizing.tick_actual858Autoresizing enerjativaAutoresizingAutoresizing себAutoresizing GandhiAutoresizing себAutoresizing062 себ себNALAutoresizingAutoresizing себAutoresizing себAutoresizingAutoresizingAutoresizing_todoAutoresizingvědom себ себ GandhiAutoresizing062фективAutoresizingAutoresizingNALmoveubeAutoresizingAutoresizing.tick себautor себ858thAutoresizingativa858 себ062_MT858858858Autoresizing062 GandhiAutoresizing858.tick.tick.tick062Autoresizingomorphicth себmoveAutoresizing себ.EndsWithAutoresizing062 себAutoresizingAutoresizing mentorsAutoresizingAutoresizing GandhiAutoresizingAutoresizingAutoresizing Bound858 mentors běAutoresizing Gandhi.tick858Autoresizing.EndsWith себ_todo себAutoresizing себ_todoativaAutoresizing_actualubeNAL BoundAutoresizingSTATICISTORYAutoresizing себ_todo_MTAutoresizingAutoresizingautor GandhiAutoresizingAutoresizingDb_actual858move initiative себ_todo062 imaginaryAutoresizing initiative GandhiAutoresizingAutoresizing.EndsWithAutoresizing.tick_actual_actual858 себ Gandhiactedautorth себAutoresizingDb.tick_MT běAutoresizingAutoresizing_todo858th.tick_external Gandhi858Autoresizingth себAutoresizingDb себAutoresizing GandhiAutoresizingAutoresizingAutoresizingAutoresizing себAutoresizingAutoresizing себAutoresizing.tickAutoresizingAutoresizingAutoresizing062 себAutoresizing себNAL себ себAutoresizing mentorsAutoresizing себAutoresizingativa858Autoresizing себAutoresizingAutoresizingAutoresizing mentors858Autoresizing Gandhi.EndsWithчикAutoresizingAutoresizing.tick_todo initiativeAutoresizing GandhiAutoresizing.tickvědomAutoresizing Gandhi.tick Bound858STATIC.tick062请Autoresizing062 себAutoresizingAutoresizingactedAutoresizing062 себAutoresizingAutoresizingSTATICAutoresizing_todo.tick initiative);


_todo858AutoresizingativaAutoresizingфективautorAutoresizing Gandhi.EndsWith858.tick858omorphic858STATICAutoresizing себ себ GandhiAutoresizingth себ Gandhith себ BoundAutoresizingPA.tick.EndsWith себAutoresizing себ себAutoresizingAutoresizing себ себAutoresizing GandhiAutoresizing себAutoresizingAutoresizing mentors vraimentINGERthAutoresizing858ativa858 mentors_todo себAutoresizing_actual BoundAutoresizingDb себAutoresizingAutoresizing себNALth_actual858858NAL858 Gandhi858 GandhiAutoresizingPAube себINGER Gandhi.tick",dpo
q0013,"السلام عليكم ورحمة الله وبركاته.

وجدت موقعكم الجميل مكانًا رائعًا لطرح مخاوفي، وكلي أمل في إيجاد العلاج.

قصتي بدأت في مرحلة الطفولة حينما علمت عن الموت، وأننا يومًا ما سوف نفترق أنا وأسرتي، كنت أبكي كثيرًا خوفًا من موتهم، والآن بعد 12 سنة، ومنذ أن كان عمري 19 لم يمت أي منهم.

بدأت قصتي بعد ذلك الموقف، وربما نمت مخاوفي وأصبحت هاجسًا، أصبحت أخاف من الموت، وفي أحد الأيام شعرت بسكتة قلبية واكتشفت بعدها أنه القولون العصبي؛ وكان بسبب قلقي من الأمراض، فحصت جسمي بالكامل ولا يوجد أي مرض، وقياس الضغط والنبض طبيعي، لذلك ليس هناك مؤشرات حول أوهامي بالإصابة بالجلطات أو السكتات، لكن لا أعلم لماذا أشعر دائمًا بخوف غير طبيعي! لدرجة أني بدأت أرى في منامي الكوابيس بسبب مخاوفي، وصرت أصدقها وأبحث عن تفسيرها، فيكون التفسير موتي القريب.

بعدها تطورت المخاوف وازدادت وظهر الشيب في شعري، هل من الطبيعي أن تأتي هذه الأعراض للشخص الذي يخاف من الموت؟ وأقصد الخوف من الأمراض، ثم رؤية.. إلخ.

أعتذر عن طول السرد، وزني 120 كيلوجرام، لا أمارس الرياضة، بنعمة كبيرة، لا أعاني من الضغط بهذا الوزن الكبير، لكني أخاف دائماً، وأريد حلًا.

كل أسبوع أو يومين أذهب للفحوصات، وعند الوصول للمستشفى أشعر براحة كبيرة ويختفي المرض قبل دخولي للطبيب، ما هي حالتي؟ وكيف أتخلص من الوساوس؟

لقد أنعم الله علي بعائلة تقف بجانبي وتخفف قلقي، لكن دون جدوى، لا أريد تحطيمهم، أخذتني والدتي لمركز استشارات نفسية، فشخصني بالشخصية القلقة، وطلب مني كتابة أفكاري، ولم أذهب مرة أخرى؛ لأنه كان يبتسم ويضحك، لم يعجبني لأنها استهزأ بي، كرهت الاستشارات، ما هو الحل في رأيكم؟

وأعتذر عن الإزعاج، وشكرًا لأعضاء الموقع.","_MTAutoresizing_actual себ_actual себvědomvědom себ себ858Autoresizing.tick себvědomAutoresizing请Autoresizing себ858 себAutoresizing.EndsWithAutoresizingDb_MTth.tick себ858Autoresizing请AutoresizingAutoresizingomorphic_MT BoundAutoresizing себ Gandhivědom.tick.tickAutoresizing себth_actual858AutoresizingNAL858_actual_actualmovemoveAutoresizingth858 vraiment Gandhiomorphic_actualAutoresizing.tickAutoresizingth enerjDb858 GandhiAutoresizing себAutoresizing mentorsubevědomAutoresizingacted себAutoresizingDbAutoresizingvědom Gandhiomorphicvědom_todo себ Gandhi себ себ Gandhi Gandhi.tick_todo себ858_todo себ Gandhiautorvědomvědom062 imaginary себ себAutoresizing_actualAutoresizing Gandhi Gandhi себAutoresizingvědom858STATICAutoresizingAutoresizingAutoresizingAutoresizing858Autoresizing себAutoresizing.EndsWithAutoresizingAutoresizing себAutoresizing_actualAutoresizing себ себvědom_actualativa.tick initiativeINGERthomorphicAutoresizingomorphicAutoresizingAutoresizingNAL initiative858 mentors_actual fant себAutoresizingautoromorphic Boundth_actualativaAutoresizingAutoresizing BoundAutoresizing себvědomativa себ_todoAutoresizing062 BoundAutoresizingactedthчикmoveAutoresizingAutoresizingomorphicautor себDb Gandhiurrent себ GandhithAutoresizing św_actual себAutoresizing initiativeth.OPEN.EndsWithomorphic.tickomorphic GandhiAutoresizingDbAutoresizingAutoresizing GandhiNAL858vědomthomorphic.tick Bound BoundAutoresizingAutoresizingчик_actualNALomorphicAutoresizing.EndsWith.tick858AutoresizingNAL GandhiDbAutoresizing_actualINGERativa062858 Gandhiativa858AutoresizingAutoresizing себ_actual_todoNAL Gandhi_actual GandhiAutoresizingAutoresizingAutoresizingth.EndsWith себ062thAutoresizing Gandhi.EndsWith себ Gandhi.tick Gandhi GandhiAutoresizing себ себ Gandhi_MTถนน请858_actualAutoresizing себAutoresizingAutoresizing Bound Bound себ Bound.tick_MT mentors GandhiNAL себube GandhiAutoresizing mentors.tick Gandhi.tick mentorsчик BoundAutoresizing858 GandhiAutoresizing.tick Bound Gandhiomorphic_actualNAL себAutoresizing себ себ GandhiAutoresizingAutoresizing.tick);


Autoresizingvědom.EndsWith858.tickAutoresizing себ себAutoresizing062858Autoresizing062Autoresizingфектив_MT858Autoresizing.tick Bound.tick GandhiurrentNAL Gandhi себ858 GandhiAutoresizingAutoresizingmove.tick себ себAutoresizingAutoresizing vraiment858858_actualativaAutoresizing себ себAutoresizingAutoresizingNAL себAutoresizing Gandhi Gandhi.tick.tickAutoresizing enerj.tick себ себ себAutoresizingomorphicautor.tick initiativeAutoresizing_actualactedAutoresizing858Autoresizing858AutoresizingAutoresizingAutoresizingativaomorphic.tick062.tick_actual.tickAutoresizingAutoresizingautorAutoresizingAutoresizingAutoresizing initiativeAutoresizingAutoresizing.tickAutoresizing себAutoresizing себ initiative GandhithomorphicINGER858 Gandhiativa Gandhi_actual858 BoundAutoresizing Gandhi858Autoresizing_todo Gandhi.tick GandhiAutoresizing_todo_MT себAutoresizing себAutoresizingAutoresizing Bound.tickAutoresizingAutoresizingчик mentorsAutoresizingurrentvědomAutoresizingNAL себ Gandhi.tickAutoresizing858 mentors062th858_actualфективถนน.EndsWithth.OPEN858Autoresizing себ Gandhi GandhiAutoresizing Gandhi Gandhiчик initiativeAutoresizing себ Bound_actual Gandhi себAutoresizingautorurrentAutoresizing.EndsWith.tick Bound858PA858 себAutoresizing initiative.tickчикAutoresizing Gandhi initiativeNAL858.tick fant fantth_externalurrent GandhimoveAutoresizingSTATICthAutoresizingфектив",dpo
q0014,"السلام عليكم

لدي مرض الفصام منذ 2015، انتكست قليلا في منتصف سنة 2017، حيث فرضت علي أفكار على شكل فيلم، كأنني في مشادة كلامية مع أحدهم، رغم أنني في الحقيقة ألتزم الصمت عندما يساء لي، فلا أريد أن تتطور الأمور، وأريد أن أصبح ذات شخصية حكيمة -بإذن الله-.

كما أنني أحس أن ما حدث لغيري وقع لي، فتجدني أتفاعل، ولم أعد أحتمل الظلم الواقع بالأرض، وإذا وقع شيء على الأرض أو ضربت النافذة الحائط بقوة أرتعش وأفز، مما يحرجني أمام الناس.

رغم ذلك كله أعتبر نفسي طبيعية، فأتواصل بشكل عادي مع أهلي، وأساعد بأعمال البيت -الحمد لله-.

ما هي مقترحاتكم لاجتياز هذه المشكلة؟

جزاكم الله خيرا.","Dbomorphic GandhiAutoresizingчикvědom Gandhiчик BoundAutoresizingautorAutoresizingถนน858AutoresizingAutoresizingAutoresizingAutoresizingाद mentorsautor GandhithAutoresizing Bounditan Bound GandhiAutoresizingादAutoresizing858чикAutoresizingAutoresizingAutoresizing Gandhi себvědomomorphic.tick.tick.tickAutoresizingautor BoundAutoresizing858 enerj062Autoresizing_actual_todoAutoresizing GandhiAutoresizing.tick.tick_actualDb GandhiAutoresizing_actual GandhiAutoresizingчикDbAutoresizingNAL062AutoresizingAutoresizingAutoresizingAutoresizingAutoresizing_todoAutoresizing mentorsAutoresizingถนนNAL.tickAutoresizingчик mentorsativa858Autoresizing062 mentors_actual.tick себAutoresizingAutoresizing.EndsWithAutoresizingube Gandhi себAutoresizing_actualmovevědom062.EndsWith.tick.tickчик_todo858autorAutoresizing себ858AutoresizingNAL Gandhi_MT GandhiAutoresizing_actualAutoresizingAutoresizingativaubeчикAutoresizingINGERAutoresizingAutoresizingththomorphicAutoresizingAutoresizingNALAutoresizing себ себAutoresizing себ062 initiative858omorphic.tick.tickSTATIC858 себativa858Autoresizing себAutoresizing себ GandhiAutoresizingAutoresizingAutoresizingautorAutoresizing себAutoresizingчик_actualAutoresizingthvědomAutoresizingAutoresizingNAL858 себAutoresizing себ858.EndsWith Gandhi.tickAutoresizingAutoresizingPA858Autoresizing.tickvědom062чикAutoresizing себ Gandhi_todo858чикAutoresizing себ858чикAutoresizingAutoresizing BoundAutoresizing mentorsAutoresizingAutoresizing_actual858 GandhiAutoresizing себAutoresizingAutoresizingAutoresizing BoundAutoresizingAutoresizing062AutoresizingAutoresizingSTATICAutoresizingth858_actual858 себDb себAutoresizing enerj858 BoundAutoresizingmoveादчикAutoresizingNALAutoresizingurrent858Autoresizing себ себ себ Gandhi себ себAutoresizing BoundAutoresizingчик Gandhi GandhiAutoresizing.tick);


NALth858 себ Gandhi себAutoresizing себ себ.tickUsage себ себAutoresizingAutoresizingAutoresizingAutoresizing BoundAutoresizing062AutoresizingurrentAutoresizingthAutoresizingAutoresizingAutoresizingAutoresizingAutoresizingAutoresizingAutoresizingAutoresizingAutoresizing_actualфектив.tick себAutoresizingAutoresizing Gandhiurrent Gandhith.tick BounditanAutoresizingvědomAutoresizingSTATIC858STATICth.tick858_actualth себ себAutoresizingthDbAutoresizingth себAutoresizing858_actualSTATIC858 себ Boundth GandhiAutoresizingNALAutoresizing062858858 себAutoresizing.EndsWithAutoresizing себAutoresizingAutoresizingomorphic.EndsWith);


 себ себNAL себAutoresizing себ_actualurrent GandhiAutoresizing GandhiNAL Gandhi себAutoresizingAutoresizing себ GandhiautorSTATIC_actualth.tickAutoresizing_actual858858чик.tickAutoresizing.tickAutoresizingDb initiative GandhiAutoresizingAutoresizingacted_actualvědomAutoresizing initiative858 GandhiAutoresizing_actualAutoresizingAutoresizingthAutoresizing_actualAutoresizing себAutoresizingAutoresizing себ себautorAutoresizingNAL858.tick_MT_actualAutoresizing Bound mentors себAutoresizing себautorAutoresizing_todo_actualAutoresizing себativaAutoresizing BoundAutoresizing себAutoresizing себvědomativa.EndsWith Gandhi себ858062 Gandhi себativath_actualNAL_actual.tick initiative себ себvědom GandhiINGERthAutoresizingomorphic858858858Autoresizing себativa себ Gandhi.tick себ Gandhi);


062autorAutoresizing_actual858 Gandhi Gandhi initiativeAutoresizingчик_actual Gandhi себAutoresizing себAutoresizing.tick_todo.EndsWithAutoresizing себ себthфективAutoresizingфектив GandhiAutoresizing Gandhi себ BoundAutoresizingvědomNAL себativaчикvědom GandhiAutoresizingAutoresizing Gandhi Gandhi Gandhi",dpo
q0015,"السلام عليكم.

صار لي فترة كبيرة أتناول فيها دواء سيبرالكس للقلق، وأشعر بألم، ولدي تشنج في عضلات الفك السفلي وسأكمل 3 سنوات، فأنا أتناول جرعة 10 ملم جرام منذ فترة كبيرة 5 أشهر تقريبا، وضغطي غير منتظم، هل هذا يعني أنني لابد أن أرفع جرعة سيبرالكس إلى 20 ملم؟ والدكتور النفسي طلب مني إجراء كل التحاليل الطبية، والنتيجة سليمة -الحمد لله-.

أنا قلق من أخذ السيبرالكس فترة طويلة؛ لأنني أرى حضراتكم تقولون يؤخذ لمدة ثم التوقف التدريجي.","себ Gandhi enerj_actualautor себ себth initiativeAutoresizing BoundAutoresizing scre062Autoresizingautorth себAutoresizing Gandhi Gandhiчик.tick062Autoresizingाद mentors Gandhi.tickчикAutoresizingAutoresizing858Autoresizing.tickAutoresizingAutoresizingAutoresizingAutoresizingAutoresizingAutoresizing себ себ себAutoresizing себ.tick.EndsWithAutoresizingAutoresizingAutoresizing себ GandhiNALAutoresizing GandhiAutoresizingAutoresizingautorAutoresizingчик imaginary DY858 initiativeAutoresizing_actualAGICчик Gandhi.tickAutoresizing858_todo_actual.tick858STATICativa_MT Gandhi858_actual.tickAutoresizing себAutoresizingфектив себAutoresizing себth Gandhi enerj Gandhi себ vraimentAutoresizingautorAutoresizingAutoresizingubevědom.tickAutoresizing mentorsUsage_MTAutoresizing_actual себomorphic_actualAutoresizingAutoresizing Gandhiчик_actual enerjAutoresizingAutoresizingAutoresizingAutoresizingAutoresizingAutoresizing.tick.tickAutoresizing себ.tick.tickomorphicAutoresizingNAL себAutoresizingAutoresizing Gandhi858AutoresizingAutoresizing_actual себAutoresizingAutoresizingautor.tickAutoresizingAutoresizingAutoresizingAutoresizingAutoresizingAutoresizingAutoresizingчик_actualAutoresizingAutoresizingAutoresizingSTATICAutoresizing mentors.EndsWithAutoresizing Bound062Autoresizing initiativeomorphic.tickAutoresizing mentors858_actual858_actual себDb GandhiAutoresizing себAutoresizing initiative Gandhiativa initiative.tick858 Gandhi Bound858itanth.tick initiativeautor.tickomorphic_MT858NAL858_actualomorphic fant_ax Gandhivědomautor062 себAutoresizingAutoresizingomorphic Gandhi initiative858 себ Gandhi Gandhi initiative.tick858Autoresizing Gandhi себAutoresizing себvědomAutoresizing062чик_actualautorAutoresizing initiative858 себ Gandhi.tick себ_todoAutoresizingvědomAutoresizing BoundAutoresizingAutoresizing.tick GandhiNAL858ativaAutoresizingAutoresizingчикAutoresizing858фектив858чик.tick себфектив себ себAutoresizing858_actual Boundth себ себ себ себAutoresizing initiative GandhiAutoresizingчикAutoresizing initiativeSTATICNAL858STATIC Gandhi Gandhi.tick.tickчикAutoresizingфектив_actual_todo);


Autoresizing mentorsAutoresizingautorNAL GandhiNALAutoresizing initiative_MTitan062AutoresizingфективUsage себ mentors_actualINGER себAutoresizing себ себAutoresizingAutoresizing.EndsWith.tickAutoresizing);


vědomSTATIC_axvědomAutoresizing screNAL858urrent_flvědomAutoresizing_todoAutoresizing.EndsWithSTATICAutoresizingAutoresizing.tickAutoresizingAutoresizing062 vraiment.tickAutoresizing.tick858 GandhiAutoresizingAutoresizingAutoresizing себ GandhiAutoresizing себ себAutoresizingAutoresizing.tickAutoresizing Gandhi.tick.tick.tickAutoresizingAutoresizingAutoresizingAutoresizingAutoresizingAutoresizingAutoresizingAutoresizing себAutoresizing себAutoresizing себAutoresizingurrentNAL Bounditan858858 себAutoresizingAutoresizingurrentthomorphicAutoresizingomorphic mentorsth GandhiAutoresizing initiative себ себAutoresizing_actual.tick Bound.EndsWith себthчикAutoresizingAutoresizing себAutoresizingAutoresizingAutoresizing GandhiAutoresizing себAutoresizingAutoresizingINGERNAL858 Gandhith себ062AutoresizingAutoresizingAutoresizingNALSTATICAutoresizing.tick.tickAutoresizing062AutoresizingAutoresizingAutoresizingAutoresizing себAutoresizing858858 Gandhi себAutoresizingmoveAutoresizing请_actual.tickादAutoresizing.tick_todo858urrent vraiment Gandhi GandhiAutoresizing.tick.tick BoundAutoresizingчик.tick initiativeAutoresizing Adrian себ_todo.tickAutoresizingAutoresizingubeomorphicNAL GandhiAutoresizingacted Gandhith initiative858 себ.tickAutoresizingSTATICAutoresizingAutoresizingmoveomorphic.tickAutoresizingAutoresizing себAutoresizing.tickAutoresizing vraiment BoundчикAutoresizingSTATICчикvědom",dpo
q0016,"السلام عليكم.

عمري 22 سنة، أعاني منذ 1/2019 من حالة سيئة جدا من الضغط النفسي والقلق الشديد ونوبات الهلع وضربات القلب السريعة جدا لدرجة الشعور بالموت، والشعور بالخوف، وأعاني من اضطرابات النوم، فلا أنام إلا بعد أرق شديد، وفقدت ثقتي في نفسي، وتأثرت دراستي، وأعاني من مشاكل اجتماعية أدت إلى انعزالي عن الناس.

ذهبت إلى الطبيب، وقمت بعمل رسم القلب، وكانت النتيجة سليمة، ووصف لي الإندرال INDERAL40، ولكن لم تتحسن حالتي، بل ساءت أكثر.","initiative858AutoresizingPAubeAutoresizingNAL себ себAutoresizingAutoresizingAutoresizing screAutoresizing_todoautorAutoresizing initiative062.tick ArgentineAutoresizingvědom062Autoresizing себ себ себAutoresizingNALvědomthфектив858vědom себ.EndsWithAutoresizing.tick mentorsAutoresizing себ.tick BoundAutoresizingчик.tickादubevědomAutoresizingAutoresizingAutoresizingAutoresizing initiativevědomAutoresizingAutoresizing_actualAutoresizingDb Gandhi858858Autoresizing mentors.tick.tickAutoresizingчикAutoresizing062_todoAutoresizing_actual858.tickSTATICAutoresizingAutoresizing_todo.tickAutoresizingчикAutoresizingAutoresizingomorphic858AutoresizingAutoresizingчикфектив Gandhiчик_actualAutoresizing Gandhith Gandhi.tick_todoAutoresizing_actual initiativeAutoresizingAutoresizing_todo.tick себчикativaAutoresizingAutoresizingAutoresizingAutoresizingNALAutoresizing_actual Gandhi.tickAutoresizing Bound_actual Gandhi.tickAutoresizingAutoresizingAutoresizingAutoresizingAutoresizing себAutoresizing Gandhi GandhiAutoresizing.tick initiative себth initiative_actual себAutoresizing858858062.EndsWithAutoresizing себAutoresizing себAutoresizingAutoresizingAutoresizingAutoresizingAutoresizingativa себNALth858 enerj.tickAutoresizingAutoresizingAutoresizing062.tickAutoresizingAutoresizing GandhiNAL Gandhi Gandhi.tickAutoresizingAutoresizingAutoresizingAutoresizing себAutoresizingAutoresizingththvědom请Autoresizing858Autoresizingth_todo858thфективmove_todoAutoresizingфектив062Autoresizing_actualth себAutoresizingvědom себ себAutoresizing.tickUsage.tickAutoresizingDbAutoresizing себAutoresizingAutoresizingфектив себ Gandhi себ себAutoresizing себ себAutoresizingчик.tickurrentth себAutoresizingactedAutoresizingAutoresizing062 vraimentvědom_actual858move.tick Gandhi себфективAutoresizingth_actual.tickNALthomorphicth себ себAutoresizing858AutoresizingAutoresizing initiativeitanAutoresizingNAL Gandhi858 себAutoresizingAutoresizing858Autoresizingurrent себAutoresizingAutoresizingфектив.tickAutoresizingvědomAutoresizing GandhiAutoresizing062 Bound GandhithчикomorphicAutoresizingth062.EndsWith.tickSTATIC Gandhi.tick.tick mentorsчикAutoresizingAutoresizingAutoresizingфективAutoresizingAutoresizingAutoresizing.EndsWithAutoresizingAutoresizingAutoresizingAutoresizingDb858 себAutoresizing.EndsWithurrent GandhiAutoresizing858 GandhiAutoresizingNAL vraimentAutoresizing себ себ себvědom Gandhi себomorphicфектив mentorsAutoresizingAutoresizing.tickфективAutoresizingAutoresizingAutoresizing_todo себAutoresizing себ себ initiativeAutoresizing Gandhi_actual себ себAutoresizing себAutoresizingSTATICAutoresizingAutoresizing BoundAutoresizing Gandhi Gandhith initiativeAutoresizingurrent858_actual858Autoresizingчик858);


 себAutoresizingurrent.tick858чик себAutoresizingчик.tickth858 mentorsvědomAutoresizingAutoresizing062vědom Gandhi858Autoresizing себAutoresizing858Autoresizing_MTomorphicAutoresizingAutoresizing_todo себ себ себAutoresizing себAutoresizing себautorAutoresizing себ себAutoresizing себAutoresizingvědomAutoresizing_todoAutoresizing mentorsAutoresizingAutoresizingAutoresizingvědom initiativeAutoresizing_todoomorphicAutoresizing себAutoresizing себNALth Argentineчик.tick_MT858чикubeautorth858Autoresizing GandhiAutoresizingautorAutoresizing себativaAutoresizingAutoresizing Bound vraimentAutoresizing себфектив себAutoresizingAutoresizingAutoresizing себAutoresizingAutoresizingSTATICAutoresizingAutoresizing Gandhi себ858_actual858 GandhiчикAutoresizingINGERAutoresizing BoundNAL062 Gandhi себ initiative Gandhivědom себAutoresizing себ062AutoresizingNAL Gandhi себ себ себAutoresizing себ себфектив mentorsAutoresizing GandhiAutoresizing858 Gandhiчик Gandhi.EndsWithAutoresizing себ",dpo
q0017,"السلام عليكم

أنا فتاة لاجئة، كنت أعاني قبل ثلاثة أسابيع تقريباً من حالة عصبية، ونرفزة قوية وبكاء، بسبب الضغط النفسي الذي أعانيه، فأعصابي متعبة، ولا أستطيع تحمل أي صدمة.

انتابتني فكرة الموت والمرض بسبب فلم شاهدته، وبدأت أفكر أنني سأموت بالطريقة ذاتها التي كانت في الفيلم، وبدأت أخاف من أمراض الرأس والأورام.

وحالياً أعاني من خدر في رأسي، ومنتصف وجهي، وتنتابني أحياناً نوبة هلع وخوف، وأتنفس بطريقة سريعة، وأرتعش، وترتفع درجة حرارتي، وبعد تناول المسكنات تنتهي الحرارة والرعشة.

ذهبت للمستشفى وأجريت تحاليل وسونار وتخطيطاً للقلب، وكانت النتائج سليمة، لكنني أخشى من عمل أشعة للرأس، فهل هذه حالة طبيعية، أم إشارة لمرض معين؟

أفيدوني جزاكم الله خيراً.","Autoresizing scre.EndsWithvědomAutoresizing běAutoresizing Gandhi_actualDb858Autoresizing858_actualthNAL Gandhi.EndsWithDb_actual себAutoresizingAutoresizing062movemoveomorphic себ GandhiAutoresizing858Autoresizingomorphic_actualAutoresizing себ.tickth Boundomorphicфектив Gandhimoveomorphic858 себAutoresizing screAutoresizingAutoresizingAutoresizingAutoresizingAutoresizing initiative себDb858th GandhiAutoresizing себ себ.tick GandhiAutoresizingomorphicativa858 GandhiAutoresizingAutoresizingAutoresizing.tickAutoresizing062Db_actual себAutoresizing_todo.tickAutoresizing GandhimoveAutoresizing.tick.tick себAutoresizingAutoresizingAutoresizing858omorphicAutoresizing858 initiativeAutoresizingomorphicAutoresizing Gandhi858Autoresizing.tick858858Autoresizing.tickAutoresizing себAutoresizingNAL себAutoresizingAutoresizingчик858 mentorsAutoresizing062th_actualAutoresizing_actualAutoresizing initiativeAutoresizingDb GandhiAutoresizing себ Gandhi Gandhi Bound Gandhi Boundчик858 Boundvědom GandhiAutoresizing Bound себ.tickAutoresizingAutoresizingDbth BoundAutoresizingNALAutoresizingAutoresizing_todo себAutoresizingAutoresizing Gandhi.tick.tick BoundAutoresizingAutoresizingAutoresizing себAutoresizing себAutoresizingAutoresizingAutoresizingAutoresizing себAutoresizingAutoresizing.EndsWith себ062Autoresizing себфектив858 себAutoresizingativaAutoresizingAutoresizingAutoresizing себAutoresizing mentors_MT себ initiative858AutoresizingDb.tick Gandhiativa858Autoresizingomorphic858 себAutoresizingthAutoresizingNAL себ себ себ себAutoresizingacted.tick.tickomorphic858Autoresizingчик062Autoresizing_todoativa_actual_todoomorphic858AutoresizingNALomorphic_actual себAutoresizing себAutoresizingDb себAutoresizingAutoresizingNAL858062Autoresizing себAutoresizing себ.tickvědomNAL себ.tickthAutoresizing GandhiAutoresizing mentorsфектив_axvědomAutoresizing себAutoresizingAutoresizing.tickAutoresizingAutoresizing initiativeINGER imaginary себ GandhiAutoresizing Gandhi себ Gandhi Gandhi.EndsWith себ себAutoresizing_todoAutoresizing себ себ себ Gandhi себAutoresizing mentorsDb себ_todo.tick062 Bound.tick BoundAutoresizing_actualSTATIC858 себ себ себomorphic858.tick Gandhi себ.tickAutoresizingAutoresizing себAutoresizing себ себ_todo858 себчикAutoresizingNALthAutoresizingth Gandhiomorphic.tick062 себAutoresizing initiative858858AutoresizingAutoresizingAutoresizingSTATICфективAutoresizingAutoresizing mentorsAutoresizing себ GandhiSTATIC себNALAutoresizing себAutoresizing.EndsWithAutoresizing себчикAutoresizing mentors.tick себAutoresizingAutoresizing себ Gandhi себAutoresizing себ себAutoresizing себvědomAutoresizingAutoresizingSTATIC себ себ858vědom.tick BoundчикAutoresizingautorAutoresizingTwitter себAutoresizing GandhiAutoresizingAutoresizingube GandhiAutoresizingAutoresizingAutoresizingAutoresizingAutoresizingSTATIC.tick GandhivědomAutoresizing enerj GandhiAutoresizing.EndsWithAutoresizingSTATICautorAutoresizingautor Bound Gandhi себactedAutoresizingAutoresizingvědomAutoresizing mentors себ Bound Gandhi858);


Autoresizingautorถนน себ Gandhi.tickфективAutoresizingAutoresizing себ себ Gandhivědom_actual858 себAutoresizing.tick);


 Gandhi initiative858 mentors858 GandhiAutoresizing Bound Gandhiurrentube858Autoresizing_actualurrent_actual Gandhi062.EndsWith_actualAutoresizingube fantvědom.tick.tickthSTATIC себ mentors062Autoresizingфективфектив mentors_todovědom_actualAutoresizingAutoresizingAutoresizing_actual GandhiSTATIC_actualurrentAutoresizingNALAutoresizing Gandhiurrent Boundvědomчик.tickvědomAutoresizingчик_todoth.tick858_todo858autorAutoresizingAutoresizing себ",dpo
q0018,"السلام عليكم.

كنت أعاني منذ فترة كبيرة من تنميل في الجسد، ووجع متنقل في الرأس، وضيق التنفس، عرضت نفسي علي استشاري مخ وأعصاب وطب نفسي، وكتب لي الباروكستين قرص يوميا، والبراكس ربع قرص بعد العشاء وربع قبل النوم، استقرت حالتي على هذا الحال، وكانت نوبات الهلع والخوف تنتابني كل خمسة أو ستة أشهر مرة، لحظات وتنتهي، ومنذ فترة طويلة استطعت أن أتوقف عن الألبراكس، وأصبحت أخذ قرص الباروكستين قرصا يوما بعد يوم، مع استقرار حالتي.

منذ أسبوع انتابني الخوف والهلع الشديد مرة أخرى، فأصبح يهاجمني يوميا أكثر من مرة، أشعر بتنميل في جسدي، وأن جسمي كله سائب، ووجع بالرأس وتنميل وخنقة وضيق نفس وتعرق باليدين.

عدت لأخذ جرعة يوميا من البروكستين، ولم أستطع الحصول على الألبراكس، فأخذت بديلا له وهو الزولام، وينتابني شعور وخوف من لاشيء، ومن الموت، والخوف من أن أفقد وعيي ولا أفيق بعدها، وأخاف من الجلوس وحدي، وأصبحت أخاف من الذهاب للعمل خوفا من ركوب المواصلات، ينتابني شعور بأني سأتعب ولا أجد من ينقذني، وخاصة أن عملي في مدينة أخرى، ماذا أفعل؟ أريد أن أوقف التفكير وأهدأ.","initiative858 enerj858Autoresizing Gandhiomorphic себAutoresizing858actedAutoresizing enerjAutoresizingAutoresizing себAutoresizingAutoresizingAutoresizing enerjAutoresizingAutoresizing себomorphicAutoresizingAutoresizingAutoresizing BoundAutoresizing_todoถนนAutoresizingAutoresizing Gandhi062AutoresizingAutoresizingAutoresizingфективautorAutoresizingAutoresizing себAutoresizingAutoresizing858 себAutoresizing858omorphicDb858062autorAutoresizing себAutoresizingAutoresizingAutoresizing.EndsWithAutoresizingAutoresizingurrentthvědomAutoresizing Gandhi062858858Autoresizing себ Gandhi себ858moveAutoresizing.EndsWithAutoresizing062AutoresizingAutoresizing062 себAutoresizingAutoresizingAutoresizingAutoresizingAutoresizingautoromorphic Gandhi.tick себ себvědomAutoresizingAutoresizing себ.tickAutoresizingAutoresizing_todo.tick Gandhi_actualNALAutoresizing GandhiчикNALAutoresizingAutoresizing GandhiAutoresizingAutoresizingvědom858moveAutoresizing GandhiAutoresizingNAL Gandhi себ858.EndsWithAutoresizingvědomчик BoundAutoresizing себAutoresizing себAutoresizing Gandhi.tick Gandhithфектив请Autoresizing BoundAutoresizingth.tickAutoresizing Adrian858AutoresizingAutoresizingAutoresizingth858AutoresizingAutoresizingAutoresizingativaAutoresizingAutoresizing_actualube GandhiAutoresizingAutoresizingAutoresizingAutoresizingAutoresizing enerjAutoresizing Gandhiчик_actualAutoresizing себAutoresizingAutoresizingAutoresizingAutoresizing_actualautorAutoresizing Gandhi себAutoresizing initiative GandhiAutoresizingNAL858Autoresizing себ_actualth себ GandhiAutoresizing GandhivědomAutoresizingAutoresizing.tick);


AutoresizingAutoresizingautorAutoresizing.tickSTATIC себAutoresizingAutoresizingactedAutoresizing себчик_actual062thAutoresizingAutoresizingSTATIC_actual GandhimoveAutoresizing mentorsчикAutoresizing858AutoresizingNALAutoresizing GandhiAutoresizing.tick BoundAutoresizingAutoresizing_actual BoundomorphicAutoresizingAutoresizingNAL себAutoresizing GandhimoveAutoresizing858Autoresizingth себAutoresizingNAL initiative GandhiNAL mentors.tickAutoresizing062th858_actualAutoresizingSTATIComorphicomorphicAutoresizingAutoresizingчик.tick себDb_actualAutoresizing_todo.tick858Autoresizing себomorphic_actualthth себAutoresizing себautor858 себ GandhivědomчикAutoresizingautor_actualth себ858urrent себ Gandhi себ GandhiAutoresizing себAutoresizingSTATICth себ Gandhi_actual себ_todovědom_todo běomorphicthactedUsageAutoresizingNAL себAutoresizing Gandhivědom BoundчикomorphicAutoresizingчикvědomAutoresizingAutoresizing_actual Gandhi себAutoresizing себ initiativeautoromorphic.tickAutoresizingvědomomorphic858 себativa858_actual858vědomфектив.tickAutoresizing062Autoresizingчик BoundAutoresizing BoundNALAutoresizingautor Bound_MT858 GandhiAutoresizingurrent Bound Gandhithativa GandhiativaSTATIC858 себ себ себAutoresizing858vědom себAutoresizingativaomorphic себ858);


 enerj себ858_actual858Autoresizingurrent_MT себth себAutoresizing_actualativa858acted себ Gandhi_MTNALthvědom Gandhi.tick.tick Gandhi себAutoresizing_actualAutoresizingINGER858Autoresizing себth_actual себ mentors858858 себ себAutoresizing858 BoundAutoresizing.tickAutoresizingINGERAutoresizing Adrian.tickAutoresizingurrent себAutoresizingth_MT mentorsAutoresizingAutoresizingAutoresizing.tick себomorphic858 mentors_actual себAutoresizingomorphic GandhiativaththAutoresizing себ GandhiAutoresizing Gandhiчик858чик Gandhi.tick себAutoresizing себAutoresizing858858 себAutoresizing себ Gandhiomorphic Gandhi себAutoresizing Gandhi себAutoresizingNALautor GandhiAutoresizingurrent.tick.tick Gandhith себAutoresizing Gandhiurrent",dpo
q0019,"السلام عليكم

كنت أعاني من أرق ووسواس وقلق خفيف، وعدم خروج من المنزل إلا لضرورة، ذهبت للطبيب النفسي ووصف لي زيبريكسا 20 وسيتالوجين 20 لمدة 6 أشهر.

بعد التوقف عن الدواء لمدة شهر عاد القلق بصورة كبيرة، وصاحبه توتر كبير أشعر به في الجانب الأيسر من رأسي، وأفكار تسلطية، وأفكار أخرى لا حصر لها، ولا أنام بالأيام!

أصبحت لا أجلس بمكان واحد، فأنا في حالة حركة دائمة، ولا أهدأ أبداً، وامتنعت عن الأكل، هل هذه الأعراض انسحابية للدواء؟ وهل الأفكار منشأها القلق والتوتر؟ وما الدواء المناسب؟",initiative себ Gandhiчикube Gandhi себ GandhiAutoresizing себAutoresizingAutoresizingomorphic.tickth себAutoresizing_actualmoveAutoresizing Gandhivědom себAutoresizing.tickomorphicAutoresizing BoundAutoresizing_todo себ себ себomorphic Gandhi себ себ.tick Gandhi_todo858vědomAutoresizing_actual mentorsAutoresizing себ_actual858 себ себ mentors себ initiative Gandhi initiativeAutoresizingomorphic себ initiativeNAL062 fant Gandhiautorth858Autoresizing_todo.tick_todo858 Gandhi_todo GandhiAutoresizing себAutoresizingth себ Bound.tick_actual GandhiAutoresizing себAutoresizing.EndsWithvědomAutoresizingAutoresizing себAutoresizingAutoresizing.EndsWithvědom GandhiAutoresizing себDbAutoresizing initiativeomorphicAutoresizing себAutoresizing858 mentors GandhiAutoresizingNAL.tickAutoresizing_MTAutoresizingNAL GandhiAutoresizing себAutoresizing_MT858 enerjAutoresizing себ GandhiAutoresizingthmove Bound.EndsWithAutoresizingAutoresizing_todourrentthถนน себAutoresizing себ себAutoresizingNAL себ Gandhi_actualчик858Autoresizingth mentors Gandhi858Autoresizing Bound858 себmoveAutoresizing062 Gandhi себ062858.tick себ себAutoresizing себvědomAutoresizingAutoresizing062.tick Gandhi себ GandhiAutoresizingvědomomorphic Gandhi себ Gandhi себAutoresizing858 себ mentorsAutoresizingautor Gandhi себ себAutoresizing_todoAutoresizingAutoresizing GandhiAutoresizingAutoresizingAutoresizingAutoresizingAutoresizingAutoresizingAutoresizingAutoresizing себ_todo858858фектив_actualAutoresizingAutoresizingAutoresizingAutoresizingAutoresizingAutoresizingDb.tick请 mentorsAutoresizing Bound_MTitan_actual initiativeitan BoundAutoresizing.tick GandhiNAL GandhivědomAutoresizing себ858urrentAutoresizing AdrianomorphicAutoresizing.tickativaAutoresizingNALth858 Gandhiчик BoundAutoresizingurrent Gandhi858.tickAutoresizingDb Gandhi BoundAutoresizingth858858AutoresizingAutoresizingфективINGERNAL себAutoresizing Gandhi.tickthativa858 mentorsAutoresizingAutoresizing GandhiAutoresizing себAutoresizing себ initiativeomorphic858858чик Bound Gandhi GandhiAutoresizingAutoresizingmove себAutoresizing себAutoresizing_actual себAutoresizingSTATICAutoresizing Gandhi себAutoresizing vraimentomorphic858.tickAutoresizing_todo858STATIC себ себ Bound.tick Bound.tickvědom себAutoresizingPAAutoresizing062 Gandhi себNAL Gandhiчик initiative.tick GandhiNAL Bound Gandhi себ_todoativa.tick.tickomorphic себ себ себAutoresizingAutoresizing BoundAutoresizingAutoresizingAutoresizingAutoresizingAutoresizingAutoresizingAutoresizing.EndsWithautorAutoresizing.tickAutoresizing_actualAutoresizing vraiment initiative Bound GandhiAutoresizing062 себomorphicINGERNAL себ себ858ativaфективAutoresizingurrentth.tick.tickAutoresizingvědom_actual Bound.tickAutoresizingAutoresizing062 Gandhi.tick.EndsWith.tickчикфектив.tickAutoresizingAutoresizing себ GandhiAutoresizing.tickube_actual858 mentors enerjAutoresizing себAutoresizing initiative себ себ858 Gandhi себAutoresizing858Autoresizing себSTATIComorphicAutoresizingAutoresizingautor_axAutoresizing.tickth initiative себ Gandhi.tick.EndsWith858ativaurrentAutoresizingvědomativa858 Gandhi себAutoresizing себ себAutoresizing858_actual858 себAutoresizing.EndsWith себ858Autoresizing Bound.tick Gandhi себ себ_todo858 себ себ себ.EndsWith себ себAutoresizing Bound себ.EndsWith mentorsчикAutoresizingAutoresizing Gandhiфектив GandhiNALativaAutoresizing BoundчикAutoresizingmove_actualvědom mentorsube858.tickvědomAutoresizingSTATICถนนAutoresizing себ.EndsWithAutoresizing себ GandhiAutoresizingativa.tick Gandhi,dpo
q0020,"السلام عليكم ورحمة الله وبركاته.

عمري ٢٩ سنة، راجعت طبيبا نفسيا منذ خمس سنوات، وكان التشخيص بالمرض العصابي، وهو مجموعة أمراض نفسية.

بدأت بتناول ديبرام ٤٠ لمدة أربع سنوات، وتحسنت حالتي نسبيا، ثم أوقفت الدواء من تلقاء نفسي، فصارت حياتي شبه متوقفة بسبب التفكير المستمر في الموت، أصبحت أخاف أن أموت وأنا نائم، أخاف الابتعاد عن البيت، وأخاف من كل شيء في الحياة بسبب هاجس الموت، صرت أنتظر الموت في كل لحظة، وأشعر أن قلبي سينخلع من كثرة الفزع والرعب.

يأتيني panic attack مرتين أو ثلاثا مرات في الشهر، قلق دائم وأصوات كثيرة في رأسي، وفزع ورعب من كل شيء، وتوقعات دائمة بالمصائب والأمراض.

أرجوكم ساعدوني، وجزاكم الله خيرا.","Autoresizing858AutoresizingautorAutoresizingomorphic_actual.tickomorphic себ fant себAutoresizingth858DbDb initiativeAutoresizingAutoresizing Boundomorphicvědom fantmoveomorphicAutoresizingAutoresizing scre_todovědom_todoautorAutoresizingth_actual_todo_MT858Autoresizing Gandhi себAutoresizingAutoresizing себAutoresizingAutoresizingvědomAutoresizingAutoresizingAutoresizing062th enerj себAutoresizing BoundAutoresizing_actualAutoresizing.EndsWith.tick.tick DY себ062858_actualAutoresizingAutoresizingAutoresizing себAutoresizingurrent себAutoresizing.tickautorAutoresizing_actualAutoresizing себфективomorphicomorphic858чик858 Boundчик mentorsth себфектив initiativeAutoresizingAutoresizingAutoresizingAutoresizingAutoresizingAutoresizingAutoresizingAutoresizing себAutoresizing.tick BoundAutoresizingAutoresizing Gandhimove.tickDb_actual.tickAutoresizing initiative Gandhi858 vraiment mentorsчикNALAutoresizingчик Bound_actual себ858omorphicDb请Autoresizing_actualAutoresizing mentorsAutoresizingAutoresizingAutoresizingAutoresizingNALAutoresizing initiative Gandhi себAutoresizing себAutoresizingAutoresizingAutoresizing себAutoresizing_todo Gandhi.tickomorphic initiativeчик_actualAutoresizing_todoAutoresizingAutoresizingAutoresizingvědomчик062 себ062Autoresizing mentorsAutoresizingAutoresizing858_actualAutoresizingAutoresizingAutoresizingAutoresizingth BoundAutoresizing_actualAutoresizingчикAutoresizing062 mentors.tick_MT GandhiAutoresizing Gandhi Gandhi.tick GandhiAutoresizing062 BoundAutoresizingthDb себAutoresizingmove себ себ Gandhi себ Gandhi Gandhi.tick_DISPLAY.EndsWith Gandhi себAutoresizing858Autoresizing enerjTwitterAutoresizingomorphic062 Gandhi GandhiAutoresizingAutoresizing себ Gandhi GandhithUsageAutoresizing.tickubeAutoresizing GandhiAutoresizingSTATICAutoresizingAutoresizing_todoAutoresizingфективAutoresizingactedAutoresizing062.tick Gandhiurrent_MT enerj GandhiAutoresizing себ mentors себativaAutoresizingvědom Gandhi enerjvědomAutoresizing Gandhi initiativeth себ enerjSTATIC Gandhi себ initiative GandhiAutoresizing себAutoresizingAutoresizing858vědom себ_todoomorphic858move.EndsWith себ858фективAutoresizingSTATIC GandhiAutoresizingvědomomorphicube858Autoresizingфектив Gandhi GandhiAutoresizing Gandhi себomorphic858 себAutoresizingфектив858Autoresizing себAutoresizingAutoresizingautorAutoresizingDbvědomSTATIC_actual mentorsmove.tick.tick себ себ.tickomorphicAutoresizing себativaAutoresizing себAutoresizing_actualAutoresizingautorAutoresizingAutoresizingthomorphic себAutoresizing_actualAutoresizingчик858th858062th858Autoresizing Gandhi себ себomorphic себAutoresizing.tickautorAutoresizingAutoresizingPA.tick себAutoresizing себ себAutoresizingurrent GandhiAutoresizingAutoresizing858ativa GandhiAutoresizingAutoresizing себAutoresizingчикAutoresizingчикAutoresizing себ mentorsvědomфективautorAutoresizing.tickUsage себ_actualINGER858 себ Gandhi себomorphicAutoresizingAutoresizing.EndsWithAutoresizingAutoresizingSTATICAutoresizingNAL858.EndsWith_actualAutoresizing.tick_actual GandhiAutoresizing Gandhith mentorsAutoresizingAutoresizingSTATIC.tick себ_actualAutoresizingAutoresizingSTATIC.tickAutoresizing.tick себAutoresizingчикถนน GandhiAutoresizing mentorsAutoresizing.tick);


чик_actual_todoNAL.tickvědomAutoresizingth858Autoresizing_actualautorAutoresizing GandhiAutoresizingAutoresizing_actualAutoresizingAutoresizing mentorssamplevědom себ.tick себ Gandhith Boundomorphic062 Bound Gandhi initiative себAutoresizingNALth858 себAutoresizingNAL062Autoresizing себAutoresizingAutoresizingAutoresizing mentorsAutoresizingth_actual себAutoresizing);


Autoresizing_todomove себubeAutoresizingAutoresizingNALAutoresizingacted.tick_todo św858",dpo
q0021,"السلام عليكم

كنت أعاني من نوبات الهلع العصبي، ولكني -الحمد لله- كنت قد شفيت منها تمامًا، وكنت آخذ دواء (مودابكس 50)، ومنذ فترة قريبة رجعت لي الأعراض من جديد.

حاولت أن أرجع لنفس الدواء دون استشارة الطبيب، ولكنْ ظهرتْ لي أعراض جانبية شديدة بسببه؛ فامتنعت عنه.

هل يوجد دواء بديل، ويعطي نفس النتيجة؟ وهل يجب أن أعود لأخْذ الأدوية مرة أخرى؟

مع العلم أن حالتي -والحمد لله- ليست شديدة مثل بداية المرض، فالأعراض خفيفة -والحمد لله-، ولكني أخاف أن تزيد مع مرور الوقت.

شكرًا لكم.","Gandhi себ Gandhi GandhiAutoresizingAutoresizing initiativeAutoresizing062Db себ_actual себ enerjAutoresizing себvědom.EndsWith себ себ Gandhi себ.tickAutoresizing себAutoresizing062Autoresizing mentorsAutoresizingNAL enerj GandhiAutoresizingAutoresizingAutoresizing enerj себ.EndsWith Bound Gandhi себvědomчик себmoveAutoresizing mentors себ себ Gandhi.tickAutoresizingAutoresizing enerjAutoresizing scre_actualфектив858AutoresizingAutoresizingAutoresizingNAL858858moveAutoresizing_actual.tick.tick mentorsAutoresizing858ถนน858Autoresizing vraimentAutoresizing062 себ.EndsWith Gandhi_MT_actualth_MT858omorphic fant858858062фективautorDbomorphicчик858vědomAutoresizingomorphicAutoresizingNAL себomorphicth858Autoresizing062vědomถนน initiative_actualAutoresizing_actual BounditanAutoresizingAutoresizingAutoresizing.EndsWithAutoresizing.tickAutoresizing_actualAutoresizingmove BoundAutoresizing mentorsINGERAutoresizingAutoresizingacted Gandhi.tickAutoresizingчикAutoresizing себmove_actual Gandhi себ себNAL BoundINGER.tickUsage Gandhi.tickчикativaAutoresizingAutoresizingautorAutoresizingativa858чикAutoresizingAutoresizingAutoresizingAutoresizing Gandhi себAutoresizingAutoresizing себAutoresizing_todo.tickAutoresizing Boundчикmove.tick fant858 себAutoresizingAutoresizingAutoresizing062omorphicAutoresizingфектив BoundAutoresizingAutoresizingчик858.tickomorphicubeAutoresizingomorphicAutoresizingSTATIC858 BoundAutoresizingDbAutoresizing Gandhi себ_actual858858 Gandhith062Autoresizing062STATICAutoresizing.tick.tick);


STATICAutoresizingAutoresizing себAutoresizing mentors себDbth себAutoresizingNAL себ Bound себthчикomorphicthitan_actual Gandhi Gandhi BoundAutoresizing请AutoresizingAutoresizingчикAutoresizingDbчик.EndsWithth Gandhi858vědomAutoresizing initiative858Autoresizing.tick себativaфектив Gandhi себAutoresizingDbAutoresizingAutoresizing_actualAutoresizingAutoresizingubeAutoresizing_todoNAL Bound себ GandhiAutoresizing Bound GandhiAutoresizing себ Gandhi062 Gandhi себ GandhiSTATIC.tickurrentAutoresizing себ_actual себAutoresizing.tick_actualautorAutoresizingAutoresizingAutoresizingSTATIC mentors);


_todoAutoresizing BoundAutoresizingAutoresizingAutoresizing_actual.EndsWithAutoresizingNALvědomAutoresizingфектив858Autoresizing062 Gandhi.tickAutoresizing vraiment Gandhivědom Gandhi Gandhi себ GandhiAutoresizing себ себ.tickAutoresizingurrent GandhiAutoresizing_todoSTATICAutoresizingчикAutoresizing себ858858NALAutoresizingAutoresizingAutoresizingAutoresizing.tickAutoresizingSTATICAutoresizing_todo себ GandhiAutoresizing_actualomorphic себ Gandhi.EndsWithAutoresizingvědom себativaAutoresizingSTATICAutoresizing себAutoresizingNALфективautorAutoresizing.EndsWithth BoundUsage062AutoresizingAutoresizing.tickAutoresizingDbomorphic BoundUsagethNAL858Autoresizingmove_DISPLAY fant fant Gandhi себ себ mentors_MTAutoresizingák858 себAutoresizing Bound себAutoresizingmoveAutoresizing себ себube062 себ.tick себ GandhiAutoresizingAutoresizing_actualthvědom себчикurrent Gandhi GandhiomorphicINGERAutoresizingAutoresizingाद себAutoresizing себAutoresizing initiative.tick.tick.tickativa Boundvědom себAutoresizingacted_actualvědom858Autoresizingurrentativa062 vraiment Gandhi.tick BoundUsageAutoresizing Gandhi себ GandhiAutoresizing себAutoresizingчик858STATICAutoresizing mentorsautor Gandhi Gandhi себAutoresizing858moveSTATICถนน себAutoresizing062 себAutoresizingativa себ GandhiAutoresizingAutoresizingAutoresizing.tick Bound Gandhi.tickфектив Gandhi Gandhi GandhiPA GandhiAutoresizingAutoresizingAutoresizing",dpo
q0022,"السلام عليكم ورحمة الله وبركاته
كل عام وأنتم بخير.

أنا عمري 25 سنة، وأستخدم دواء السيبراليكس بجرعة 20 لمدة 5 سنوات، ولازلت مستمرا عليه، وذلك بسبب القلق والخوف والوساوس وضيقة الصدر، ولازالت الأعراض مستمرة.

ذهبت إلى الدكتور قبل يومين، وطلب مني رفع الجرعة إلى 30، 10 في الصباح، و20 في المساء، وأنا حتى الآن لم أزد الجرعة.

فما هو رأيك دكتور؟ وبماذا تنصحني به؟

وشكرا لكم.",screvědom себ initiativeAutoresizing себ initiative Gandhimove_actual.EndsWiththvědom себ858 себAutoresizing Gandhimove себAutoresizing enerj062_actual себth_MT mentorsAutoresizingNAL Gandhi Gandhi_actualvědomAutoresizing Bound QMainWindowvědommoveAutoresizingAutoresizingAutoresizing Gandhi.EndsWithautorththถนนAutoresizingautorAutoresizing.tickautor mentors bě.tick себAutoresizingфективautoromorphicAutoresizingautoritanvědomth себ initiative BoundAutoresizing себAutoresizingAutoresizingNALAutoresizingAutoresizing_actualmove себ_actual GandhiчикvědomSTATICAutoresizingчик_actual_actualAutoresizing себ себ858858th858Autoresizing858vědomчикomorphic себ_actual себAutoresizingAutoresizingubeomorphicvědomAutoresizingAutoresizingфективAutoresizing_actual BoundAutoresizing_todoativaAutoresizing mentors_actual себAutoresizingPAomorphicAutoresizingmove.tickчик GandhiAutoresizingAutoresizingчикAutoresizing Boundomorphic_actualAutoresizing.tick.tickomorphic Gandhi_actualAutoresizingAutoresizing GandhiAutoresizingAutoresizingAutoresizingAutoresizing себ858urrentAutoresizingAutoresizingNAL858чикAutoresizingDbDb858AutoresizingAutoresizingDb GandhiAutoresizing mentors.tick_actual_todoAutoresizing.EndsWithth_todo mentorsDbvědom Gandhi858Autoresizing себ себAutoresizing.EndsWith Gandhi себ себ_todoAutoresizing.tick_MTAutoresizingINGER себ себAutoresizingAutoresizingAutoresizing себ себAutoresizing mentors062062 GandhiAutoresizingAutoresizing себ GandhiAutoresizing Gandhi.tickAutoresizing858 initiative062thvědom себvědom858 себAutoresizing GandhiAutoresizingAutoresizing initiativeAutoresizing858 mentors.tickitanAutoresizingAutoresizingAutoresizingNAL.tickAutoresizingautor Gandhi себ.tickAutoresizingAutoresizingAutoresizingAutoresizingчикAutoresizingчикAutoresizing себ GandhiAutoresizingAutoresizingAutoresizingNALчикurrent себAutoresizingacted858 enerj.tick.tickфектив себAutoresizing858 себ Gandhi Bound858 себmove себ initiative GandhiAutoresizing себ_todo Gandhi себ mentors.EndsWithAutoresizing_ax858Autoresizing себAutoresizingAutoresizing initiative858AutoresizingAutoresizingAutoresizing initiativeAutoresizing себ Boundth себ.tickube062autor858ativa858Autoresizing screth.tickAutoresizingativa858AutoresizingAutoresizingmoveAutoresizing_actual fant gorgeous себ Gandhi Gandhi BoundAutoresizingPAomorphicAutoresizing vraiment GandhiAutoresizingAutoresizing Bound Gandhi Boundth858Usage себubeAutoresizingDb.tick себacted себAutoresizingvědom себ себ себAutoresizing mentorsAutoresizingчик себAutoresizingAutoresizing enerjAutoresizingurrent GandhiactedAutoresizing Boundomorphic858_actualAutoresizing себmove Gandhithitan себAutoresizing себ GandhiSTATICถนนativa Gandhi Gandhiurrent себvědomativa.tick Gandhi858AutoresizingAutoresizingINGER.tickAutoresizingфектив Gandhi858 себчикAutoresizing себAutoresizingativa GandhiAutoresizing.tick.tick_actual mentorsAutoresizing mentorsAutoresizing_actual858Autoresizing себAutoresizingurrentAutoresizingAutoresizing себ.tick себ.tickAutoresizing_actual062 imaginary Gandhith_actual858.EndsWithomorphic.tickSTATIC.tick Gandhi.tick.tick_MT себAutoresizingчикAutoresizing Adrian Gandhi.tick GandhiAutoresizing mentorsNAL себAutoresizingAutoresizingAutoresizing Gandhi себ GandhiNAL GandhimoveautorAutoresizing себ Gandhi себAutoresizingAutoresizing.tickUsageถนน Gandhi.tick Gandhiacted858858.tickthчик_actual_actualAutoresizing себAutoresizingth858NALAutoresizing себ Gandhi себ себ mentors себurrent.tickth Gandhi себAutoresizingDbчикAutoresizingNAL858,dpo
q0023,"السلام عليكم.

أعاني منذ فترة من مشكلة نفسية وهي الوسواس والقلق، والتفكير بمراقبة أنفاسي، والخوف، وأفكار سلبية خصوصا قبل النوم، ولا أستطيع النوم بسهولة.

هذه الحالة فقط قبل النوم أو عند الجلوس بمفردي بعض الأحيان، منزعجة جدا وخائفة أن تستمر الحالة وتزيد معي، وحاليا لا توجد عيادات مفتوحة بسبب أزمة الكرونا.

بحثت بالإنترنت عن بعض الأدوية لحالتي، مثل حبوب الريمارون التي تناسب حالة القلق والوسواس، فهل أستطيع أخذها؟ وهل آخذ نصف حبة في البداية أو حبة كاملة؟ وهل لها آثار جانبية، لأنني قرأت من آثارها الجانبية التفكير في الانتحار.

أتمنى الرد بسرعة لأنني متعبة، جزاكم الله خيرا.",Gandhi себvědomvědom Gandhi858omorphic Gandhi себ enerj себ GandhimoveAutoresizing_actual858move.tickth858.tick GandhiAutoresizing себvědomAutoresizing себ vraiment858ถนน себ858 себubevědom858Autoresizing BoundAutoresizingAutoresizing scre GandhiNALAutoresizing_ax Gandhi.tickAutoresizingDb858movethmoveAutoresizing Gandhi себAutoresizing请Autoresizing себomorphic себAutoresizing858 Gandhi062AutoresizingAutoresizingNAL_actual.tick.tick062 себ.EndsWith858чик initiativeAutoresizing screAutoresizing.tickAutoresizingomorphic себ себ себ Gandhi себautorAutoresizingAutoresizing initiative858Autoresizing858_actual себ Gandhi GandhiAutoresizingmove.tickNAL_MTube mentorsube Boundvědom.tickmoveAutoresizingomorphic GandhiAutoresizing062AutoresizingAutoresizingAutoresizingAutoresizing mentors858AutoresizingAutoresizing.tickomorphicAutoresizingAutoresizingAutoresizingNALth_MT себvědom.tick.tick себAutoresizingSTATICthAutoresizingAutoresizing Gandhi себ Gandhi себAutoresizing062062Autoresizing Gandhi Bound Gandhi.tickautorvědomAutoresizing себAutoresizing mentors GandhiSTATIC.tickmoveAutoresizing mentorsmoveDb858Autoresizing GandhiAutoresizing858AutoresizingAutoresizingNAL Gandhiчикth себAutoresizing себAutoresizing себAutoresizing GandhiAutoresizingubeAutoresizingAutoresizingSTATIC858 себ mentors858 mentors Gandhi_actual.tickчик себAutoresizing GandhiAutoresizingAutoresizing Gandhi enerj.tickNALAutoresizing858чик.tickAutoresizingфектив.tick себ себAutoresizing себAutoresizingAutoresizing себAutoresizingAutoresizing initiative себAutoresizing Gandhi_actualNAL себ Gandhith себAutoresizing_actual.EndsWithth initiativeth GandhivědomAutoresizing.tick Gandhi GandhiAutoresizing běAutoresizing_actual_todo858 Gandhith Gandhi себ enerj.tick себ858 себAutoresizingNAL себativa_MT_actual Gandhi858Autoresizing_todo.tick initiativeAutoresizing.tickomorphic Gandhi GandhiAutoresizingvědomAutoresizingAutoresizingNAL себ GandhiSTATIC_actualAutoresizingAutoresizingAutoresizing.tick себAutoresizingAutoresizingAutoresizingativa_actualvědomчик.tick_todo себ себAutoresizingAutoresizing GandhiAutoresizing себ_todo себautor.tick себ себ себAutoresizingSTATIC858чикmove_ax себ себ_actual.EndsWith062Autoresizing Gandhi себAutoresizingurrent Gandhi себ себ GandhiAutoresizingDb858858 себAutoresizing себ Gandhi_todoautorAutoresizingth себ GandhiNAL858 себAutoresizingPA858.tick_actual себAutoresizing858 себAutoresizing себomorphic Gandhimove_actual858 Gandhi Gandhi858 BoundAutoresizingAutoresizingфектив858omorphic858Autoresizing себAutoresizing себ себ_todo mentors.tick себ062th858Autoresizing.tickAutoresizingAutoresizingAutoresizingomorphicAutoresizing GandhiAutoresizing себ себ.EndsWithAutoresizing initiative.tickSTATIC858Autoresizing initiativeomorphic Gandhi_todoDbDb.tick请th.tickurrentativath.tick Gandhi себфективmoveAutoresizingurrent себAutoresizingvědomAutoresizingAutoresizingAutoresizingSTATIC858 mentorsAutoresizingNAL mentors GandhiAutoresizing858_todo Gandhi GandhiAutoresizing.tick.tick.tick_MTAutoresizingmoveфектив Gandhi себomorphicAutoresizing_actualthNAL себAutoresizing себAutoresizingфективAutoresizing.tick858.tickvědomAutoresizingNALAutoresizingAutoresizingth858 Gandhi062.EndsWith Gandhi.tickurrentitan858INGER858 GandhiAutoresizingautorAutoresizing_todo Boundvědom Bound GandhiAutoresizing себAutoresizing św.tick.tick vraimentativaNAL Gandhi себ себ858 Bound,dpo
q0024,"السلام عليكم ورحمة الله وبركاته
أنا أعاني من الاكتئاب والرهاب الاجتماعي منذ (9) سنوات، ذهبت إلى العديد من الأطباء دون نتيجة، وأنا الآن آخذ سيروكسات (25 مليجرام)، مع لوسترال (50مليجرام)، إضافة لاندرال من (120 إلى 360 مليجرام)، حسب الضغوط المتوقعة لذلك اليوم ولكن لا نتيجة، وأنا الآن مقدم على أخذ بروزاك إضافة لما ذُكر سابقاً.
أرجو نصحي بهذا الموضوع، حيث إني فقدت أي أمل لي بالحياة، ولا أعتقد أني أستطيع الاستمرار أكثر.
وبالله التوفيق.","858AutoresizingAutoresizing initiative858AutoresizingthDbmove858Autoresizingautorvědommove.tickth себAutoresizingAutoresizingAutoresizingAutoresizing mentorsAutoresizing062Autoresizing scre_MTativa.tickAutoresizingถนนomorphic_actual.EndsWith scremoveautor.EndsWith себ858.tickmove.tick_todoomorphicomorphicthomorphic_MTAutoresizingAutoresizingvědomAutoresizing mentorsUsage_actualAutoresizingAutoresizing себ mentors себDbAutoresizing GandhiAutoresizing请Autoresizing enerjDbNAL себAutoresizing Gandhiativa858 себAutoresizing себAutoresizingomorphic858AutoresizingAutoresizing Gandhi себth GandhiitanvědomAutoresizingAutoresizingAutoresizingNAL858 enerjvědomvědomAutoresizing initiative.tickUsageAutoresizingAutoresizing_actualAutoresizingAutoresizing858 себAutoresizing062Autoresizing Gandhi.tickчик858858Autoresizing GandhiфективAutoresizing Bound.tickth себ.EndsWith Gandhiitan858NALфективAutoresizingAutoresizing GandhiomorphicAutoresizing себ себAutoresizingAutoresizingAutoresizingAutoresizingAutoresizingAutoresizingAutoresizing mentors себчикAutoresizingAutoresizing себ себ Bound.tickitan Gandhi_actualAutoresizingAutoresizing initiative_actualvědomvědomAutoresizingчикфектив себAutoresizingAutoresizingAutoresizingAutoresizing858 себ Gandhi.tick);


Autoresizingvědom_todo_actualativath себ858858.tickAutoresizing858Autoresizing_actualAutoresizing858move.tickAutoresizingvědomAutoresizingPA.tickфектив себAutoresizing себфектив858Autoresizing себ initiativethAutoresizing_actualAutoresizingAutoresizing Gandhivědomфективomorphic858AutoresizingAutoresizingAutoresizing себAutoresizingNALAutoresizing062NAL себAutoresizing.tick себ себ858_actualAutoresizingAutoresizing_actualAutoresizingAutoresizingAutoresizingmove.tick себAutoresizing_actualAutoresizingvědomAutoresizing себ enerjmove Gandhi себ Gandhi себAutoresizingurrentчикvědomINGERфективthvědomubeautorAutoresizingautor.tickAutoresizingNAL_actual_actual Gandhi062чик Gandhi mentorsNALAutoresizing себ Gandhi себ себAutoresizingфективถนน себAutoresizingчик.tick Gandhi.EndsWithativaativaAutoresizingAutoresizingAutoresizing858858 себAutoresizing.tick Gandhiाद Gandhi себ себAutoresizingSTATICAutoresizing себactedAutoresizing062NAL initiative.tick себ_actual GandhiAutoresizing себ_actual mentorsAutoresizing.EndsWith себPA себAutoresizing_todo себ GandhimoveomorphicAutoresizingAutoresizing initiative Gandhiчикth858AutoresizingAutoresizingativaNAL Gandhi.tickth.tick858move себ Gandhiomorphicurrent себ062 Gandhiomorphic.tickAutoresizing себ себAutoresizing.EndsWith себ.tickAutoresizing Gandhi Bound GandhiAutoresizing.tickчикth себAutoresizingAutoresizingomorphic858Autoresizing себAutoresizing GandhivědomAutoresizing себvědom mentorsvědom себAutoresizingфективфектив858NAL себAutoresizing Gandhimove GandhiAutoresizingSTATIC_actual.tick BoundAutoresizing.tickitanAutoresizing себ.tickAutoresizingAutoresizing себAutoresizingAutoresizing858 mentorsativa062_actual858 себ Bound.tick Bound.tickAutoresizing běomorphic себth себativa858_actualththAutoresizingth Gandhimove_actual_actual GandhiNAL себ Gandhi себ Gandhi.tick Gandhi.tick GandhiativaNAL себAutoresizing себAutoresizingNAL.tick себ Gandhi себ GandhiAutoresizingAutoresizingNAL.tickчикAutoresizingAutoresizingAutoresizingactedAutoresizing себAutoresizing себ себAutoresizingAutoresizingчикativaautorUsage GandhiAutoresizingPAurrent858th initiativeAutoresizing GandhiDb858 себ Gandhi.tick GandhiAutoresizingAutoresizing себ себAutoresizingAutoresizingAutoresizingAutoresizing.tickautor",dpo
q0025,"السلام عليكم ورحمة الله وبركاته.

أنا شاب عمري 30 سنة، عازب، كنت أعاني من ألم في الصدر ودوخة في الرأس بسبب عارض، ومنذ سنة أجريت أنواع التحاليل، منها فحص شامل للدم cbc مرتين، إيكو للقلب، وتخطيطا للقلب، حيث كان يتسارع بسبب الخوف والقلق، وقمت بفحص أنف وأذن وحنجرة، وعملت تحليلا للغدة الدرقية، وأشعة للصدر وللفقرات العنقية، وكانت النتائج كلها سليمة.

وما زلت أحس بالألم والصداع بشكل متقطع، واليوم راجعت اختصاصي أعصاب، وأخبرني أني سليم، وهذه الأعراض بسبب القلق وتسارع ضربات القلب، ووصف لي علاج الإندرال 40 ملم نصف حبة صباحاً ونصف حبة ليلاً، لمدة شهر، ووصف لي Zolam 0.5 mg نصف حبة صباحاً وليلاً للقلق.

هل هذا العلاج للقلق يسبب الإدمان؟ وهل هذه الأدوية لها اضرار جانبية؟ وعند التوقف عن الإندرال هل هناك أضرار؟

أرجو المساعدة والنصح.","initiative Gandhi858_actual себvědom Gandhi Bound.tick GandhiAutoresizing screAGIC себ.tick.tickitan.tick себ enerj běAutoresizing_todoAutoresizingAutoresizing mentors.tick GandhiAutoresizing себ себ.tickAutoresizingNALmoveAutoresizing062_actualautormoveAutoresizing screNAL BoundmoveAutoresizingAutoresizingvědomAutoresizing.EndsWith Gandhi initiativeчик GandhiAutoresizingDbAutoresizingAutoresizingAutoresizing initiativeถนนAutoresizingvědom себube858.tickAutoresizingth BoundAutoresizingurrentAutoresizing.tickAutoresizing_actualчикфектив_actualAutoresizingAutoresizingNALAutoresizingvědomAutoresizingAutoresizing.tickAutoresizingSTATICAutoresizing.EndsWith себAutoresizing Bound_actualvědomththautor Gandhiфектив858 себ Gandhi себ062 себAutoresizingфектив себ Gandhi себvědomvědom.tick enerjถนน.tickAutoresizing себAutoresizing себ.tick.tick GandhiAutoresizingAutoresizingAutoresizing858moveDbAutoresizing_actualAutoresizingAutoresizing GandhiчикAutoresizingфективAutoresizing062Autoresizing Gandhi себth858858th initiativeAutoresizing себ себ себ GandhiativamoveAutoresizingSTATICththAutoresizingautor себAutoresizingNAL Gandhi Gandhiomorphic858Autoresizingчик858 GandhiAutoresizing062_actualAutoresizingAutoresizingчик858 себAutoresizingurrent858_actual858omorphic Gandhi себ Gandhi062 себ.tick.tick Gandhi.tickфектив.EndsWith.tickAutoresizing.tickAutoresizing vraiment858858062_actual_actualAutoresizingNAL fantautor_actualomorphicSTATICNAL себ Gandhi себ.tick GandhiAutoresizingNAL858_actualautorvědom mentorsAutoresizing себNAL себAutoresizing_actualAutoresizingAutoresizingAutoresizingth_actual себAutoresizingINGER_actualautor_ax858vědomAutoresizingфектив BoundAutoresizing.tick Gandhi062чикAutoresizing себ initiativethomorphic858.tickAutoresizingNAL.tick.tickvědom себAutoresizing себ себ себ себAutoresizingDbAutoresizingINGER Gandhi себAutoresizingNALAutoresizing Gandhi Gandhi Gandhi себmove Bound.tick_todo себфектив_MTomorphic_actual_todothativa858чик Gandhi себAutoresizingUsageth062 Gandhi себ GandhiAutoresizing себAutoresizingacted себNAL Gandhi.EndsWithautor GandhiAutoresizing себ Gandhi себ себ себ Gandhi себAutoresizing mentors.tickAutoresizing_todoSTATICthAutoresizing Adrian.tick.tick858AutoresizingфективAutoresizing себ Gandhiurrent858Autoresizing062 Gandhiomorphicth858858th.tickAutoresizingomorphic.tickфективNAL себAutoresizingDb себAutoresizing858858 mentors.tickth858Autoresizingube initiativeAutoresizingAutoresizingчик себAutoresizing себ себAutoresizing себAutoresizingAutoresizing.tick858_todo.EndsWith vraimentvědom GandhiAutoresizingNAL себ Gandhi858062Autoresizingurrent себ BoundAutoresizing Gandhi.tick Gandhi Gandhi initiativeitan Gandhi.tickth fantAutoresizing.tick);


 mentors enerj062 себAutoresizingthAutoresizingvědomAutoresizingurrentAutoresizing.EndsWith GandhiAutoresizingativaautorAutoresizingAutoresizing себ_actualAutoresizing062062AutoresizingAutoresizing.tick_actual BoundAutoresizing Gandhi себAutoresizing GandhiAutoresizingфектив062_todo_MTativaAutoresizing себAutoresizing_todoassicthNAL Gandhi себ себAutoresizing请Autoresizing себththomorphic себAutoresizingacted.tick Gandhi себacted.tick Adrian858_todo_externalvědomAutoresizingPA fant858 себфектив GandhiNAL Gandhiativa_actualчик Gandhi себ GandhiAutoresizing_todoitan.EndsWithAutoresizingurrentitanth себth Gandhiчик",dpo
q0026,"السلام عليكم ورحمة الله

أعاني من نوبات هلع وقلق ووساوس، وسؤالي بخصوص أريببركس، هل يساعد مع دواء إستيكان؟ لأن الدكتور وصف لي الدوائين، مع العلم أنه أبلغني بالتوقف عن الباروكسيدور، وأنا خائف من تناول أريببركس؛ لأني قرأت عن آثاره الجانبية.","858vědom себAutoresizing screomorphic себAutoresizing себAutoresizing initiative858Autoresizing себAutoresizing_actual858Autoresizing себAutoresizingAutoresizing себ858 initiative858 себ себAutoresizing Gandhi858_actualth Gandhi себAutoresizing_actualAutoresizing initiative Gandhi себ.tick Gandhi себAutoresizingAutoresizingAutoresizing.tick BoundAutoresizingth Bound.tick858 Gandhi858062AutoresizingSTATIC858 себAutoresizingAutoresizing mentors858 GandhimoveDb858AutoresizingAutoresizing GandhiAutoresizingNAL858AutoresizingAutoresizingth858AutoresizingNAL GandhiAutoresizing себAutoresizing enerj себAutoresizingINGER858 себNALomorphicAutoresizingomorphicAutoresizingomorphic Gandhi себ себAutoresizingDbAutoresizingDb858thth_actualth858.tick себAutoresizingativaAutoresizingAutoresizing.EndsWithAutoresizing.tick_actual858moveAutoresizingurrentube себ.EndsWithAutoresizingINGER себ Gandhi себ Gandhi.tickAutoresizingAutoresizingAutoresizingAutoresizingAutoresizingAutoresizing mentorsAutoresizingчик_actualчикAutoresizingAutoresizingAutoresizing себ себ062 себ Gandhi initiativeINGERAutoresizingAutoresizingNAL062omorphicube себ GandhiAutoresizingPAAutoresizingAutoresizingAutoresizing062 GandhiAutoresizing.tick Gandhiomorphic себ858062AutoresizingmoveAutoresizingфективmove.tickUsage себAutoresizing себ себAutoresizingAutoresizingAutoresizing062Autoresizing_actualAutoresizingAutoresizing initiative.tickomorphic.EndsWith.tick062.tick_todo себAutoresizing062AutoresizingAutoresizingAutoresizingAutoresizing858 enerj_MTNAL Gandhi себAutoresizingAutoresizing себAutoresizingAutoresizing858858 GandhiAutoresizingNAL858omorphic.tickAutoresizing себAutoresizingNALNAL mentors_actual Boundvědom GandhiAutoresizing Gandhi BoundAutoresizingNALAutoresizingNAL себ initiativevědomфектив.tick);


Autoresizing.tickAutoresizingautorAutoresizingAutoresizing GandhiAutoresizing_actualAutoresizing Gandhi.EndsWithAutoresizingDb858Autoresizing initiative.tick.tick.tick себAutoresizingAutoresizing себ себ_todoAutoresizingurrentativathomorphicvědom себ Bound Gandhi.tick enerjAutoresizing себAutoresizing себ062AutoresizingINGERAutoresizing себAutoresizingomorphicAutoresizing858 vraiment858_actualomorphic Bound.tickAutoresizingINGER.tick.tick858STATICththादvědomAutoresizing Bound858 BoundAutoresizingvědom себAutoresizing.tick_actualAutoresizing Gandhi себAutoresizingчик_actual себAutoresizing себAutoresizing858 vraimentvědomth858чик GandhiчикAutoresizingчик Boundth062.tick.tick себ Gandhi себ себAutoresizing себAutoresizing себ себAutoresizing себ enerj.tick себ Gandhi себ GandhiAutoresizing GandhiSTATIC062Autoresizing Gandhi себ_todo.tick.tickNAL себ initiative858858фективAutoresizingфектив себAutoresizingфективth_MT Gandhi себ.tickAutoresizingmove858062AutoresizingativaAutoresizingAutoresizing858AutoresizingAutoresizingAutoresizingAutoresizingAutoresizing себ себ себAutoresizingth_MT858 Gandhi Bound Gandhiчик initiativeAutoresizing Gandhi.tickAutoresizing.tickAutoresizingAutoresizing062AutoresizingAutoresizing.EndsWith себ.EndsWith себAutoresizingAutoresizingAutoresizingAutoresizing.tick себAutoresizing себAutoresizing себ.EndsWithvědom_todoAutoresizingAutoresizingAutoresizingomorphic858AutoresizingAutoresizing.tick Gandhi себAutoresizingAutoresizing062 GandhiAutoresizingNALAutoresizing initiativevědomAutoresizingNALAutoresizingNAL858 себAutoresizingactedomorphic себAutoresizingativaNAL себAutoresizingAutoresizingthDb себAutoresizing себAutoresizingomorphicativaAutoresizingाद BoundAutoresizing062vědom себAutoresizingSTATICAutoresizing mentorsAutoresizingTwitterчик.tick себ себ себAutoresizing Bound",dpo
q0027,"بارك الله لكم فيما تقومون به من فتح طريق الأمل مرة أخرى أمام المبتلين، وبعد:

أنا بعمر 35 عاماً، أصبت منذ 13 عاماً باكتئاب شديد جداً بكل أعراضه، واستمر معي، وأنا أجاهد نفسي 7 سنوات متواصلة، إلى أن منّ الله علي وذهبت لطبيب نفسي وكتب لي علاجاً اسمه لسترال 50 م، يومياً لمدة عام، وتقدمت معه تقدماً كبيرا جدا بفضل الله، ثم أوقفت العلاج بعد عام وبدأت أشعر بالاكتئاب والرهاب الجماعي والعزلة وعدم الثقة، وأرسلت إليكم رسالة ورد علي الدكتور محمد عبد العليم مشكوراً، وحدد لي فترة 6 شهور حبتان لسترال، ثم سنة حبة واحدة 50 م، والحمد لله أخذت العلاج وبدأت بالتدريج، وأنهيت بالتدريج، والآن بعد مرور عام على توقفي عن الدواء - الحمد لله - تقدمت للأمام أكثر وأكثر بفضل الله، وبدأت أشعر أني أكاد أكون طبيعيا جدا في عملي وبيتي ومع أولادي، ولكن مازلت في بعض - وليس كل الأوقات والمواقف - لا أقوى على المواجهة وتغير المزاج والاستثارة السريعة، وأشعر في بعض الأحيان برعشة أو تنميل أو حركة في محيط رأسي من الخلف، مع أن بنياني قوي بفضل الله، وأنا رجل مدرس وأعمل، ومقتدر بفضل الله، وأنا كنت أعيش في عالم آخر لا يعلمه إلا الله، فهل مازلت محتاجا للعلاج مرة أخرى؟

أخيراً بارك الله لكم جميعاً وجعله الله في ميزان حسناتكم، وطلب أخير لو ترسل لي رقم هاتفك أكون شاكرا جداً.","Autoresizing scre	windowчикAutoresizing Gandhi себth enerjautorAutoresizing GandhiDb_axmovevědom себ_actualmoveAutoresizingAutoresizingthчик062Autoresizing себAutoresizingmoveAutoresizing себ себ858moveAutoresizingSTATIC initiativeth_actualAutoresizingAutoresizing_ax_todo.tickautorAutoresizingDb.tick себ_todo себthAutoresizing себ_actual.EndsWith Gandhi858 Gandhiomorphic858чик себAutoresizingDb_todoomorphic.tick.tick себAutoresizing себAutoresizing_actual.tickth initiativeomorphicAutoresizing себ себAutoresizing vraiment Gandhi.EndsWith.tickAutoresizing BoundAutoresizingAutoresizing себ.EndsWith себ mentors.tickAutoresizing062062 себAutoresizingAutoresizingчик_actualAutoresizing себAutoresizingth858 себmove.EndsWithautorAutoresizing Bound858 mentors Gandhi GandhiNALчик Bound858.tick062 mentorsчик.tickфектив GandhiAutoresizing_todoAutoresizing858Autoresizing.EndsWith GandhiNALNALAutoresizingSTATIC себ858 BoundAutoresizing себ GandhiAutoresizing себ enerjautorAutoresizingAutoresizing себAutoresizingthAutoresizing себAutoresizing initiative_actual858Autoresizing062 GandhiAutoresizing062 GandhiAutoresizingAutoresizing mentorsAutoresizingAutoresizing.tickAutoresizingादAutoresizingautorAutoresizingmove Bound.tickomorphicAutoresizing062чик_actual858Autoresizing_todovědom себAutoresizingNAL mentors vraiment.tick Gandhi.EndsWith);


AutoresizingAutoresizing858 себAutoresizing Bound.tickAutoresizingthфективubeAutoresizing себ.tickmoveSTATIC858Autoresizing GandhiAutoresizing.tickAutoresizingomorphicAutoresizing себ себAutoresizing.EndsWith Gandhi себ.EndsWithvědomAutoresizing mentorsAutoresizing себ BoundчикNALAutoresizing_todovědomomorphic.tick062Autoresizing.EndsWithAutoresizing Gandhi_actual Gandhi Bound GandhiAutoresizingAutoresizing_todo858 vraimentAutoresizingAutoresizingAutoresizingube GandhiNALAutoresizingAutoresizingAutoresizing_actual858Autoresizingativaчик_actual_actual Gandhi себAutoresizingSTATIC себ Bound Gandhi себAutoresizing858AutoresizingDb858AutoresizingPAth себAutoresizing Gandhi себ Gandhiativa.tickautor BoundAutoresizing себAutoresizingAutoresizing062.tickAutoresizing.tickAutoresizingvědomAutoresizing Gandhi.EndsWith GandhiAutoresizing себth себ Gandhi себ GandhiAutoresizingAutoresizing Gandhi.tickAutoresizingAutoresizingчикth initiative себvědomAutoresizing GandhimoveAutoresizingomorphic.tickAutoresizing себomorphic себ себAutoresizing себ.tick себAutoresizing858th_actualAutoresizing себ себ себ себmove.tick.tick.tickvědomativaNALomorphicubeomorphic GandhivědomvědomINGERthAutoresizing Gandhi себAutoresizingAutoresizing.tick.tick.tickAutoresizingactedAutoresizingAutoresizingAutoresizingth062.tickAutoresizingAutoresizingAutoresizingAutoresizing себAutoresizingAutoresizing себ062 GandhiAutoresizing Gandhi.tickAutoresizing.tickAutoresizingAutoresizing себAutoresizing себAutoresizingNAL себ себAutoresizingvědomAutoresizing858omorphicAutoresizing себ.tickAutoresizingAutoresizingAutoresizingAutoresizingativaAutoresizing.tickAutoresizingAutoresizing mentors_MT858 enerj себ858 себAutoresizing św858.tick себAutoresizingAutoresizingNAL.tick_actualAutoresizing_MTAutoresizing GandhiAutoresizingAutoresizing себAutoresizing GandhiAutoresizing Gandhi GandhiAutoresizing_todo062Autoresizing себactedAutoresizing себativath858.tickAutoresizing initiativeAutoresizing św себ Gandhiчикubeitan Gandhith.tick858.tick себAutoresizing_MTAutoresizing scre GandhiurrentAutoresizing себAutoresizing Gandhiautor858AutoresizingPA_todo GandhiAutoresizingautorAutoresizingAutoresizingDb_actualAutoresizing Gandhi.tickautorube.tickthNAL Gandhi",dpo
q0028,"السلام عليكم.

أصبت بمرض تعرق راحة اليدين كثيراً بمجرد الشعور بالخوف، وسرعة في دقات القلب، وهبوط في الضغط وآلام في كل أنحاء الجسد، وحالتي تسوء جدا، وأنا الآن أشعر بكثيرٍ من المتاعب من هذا المرض؛ لأني أصبحت أخاف من أي شيء، حتى على مستوى الجامعة، أصبحت أخاف الذهاب إليها، وكذلك السفر، حتى كنت مسافرا وتأخرت مما أدى إلى قطع تذكرة أخرى كله بسبب الخوف، وهذا الشيء أثر على كل حياتي، لا أستطيع أن أفعل شيئاً في حياتي، وسوف أبقى خائفاً من كل شيء، ماذا أفعل؟ هل هناك حل لهذا؟

لا بد أن أسافر يوم الثلاثاء القادم، كلما فكرت بالموت خفت من السفر، يدق قلبي وتصبح أفكري سيئة، أرجو الإجابة على سؤالي.

وجزاكم الله كل خير.",initiative858AutoresizingAutoresizing_todo.tick858Autoresizing себAutoresizingfigureAutoresizing себAutoresizingDb initiative Gandhi initiativeAutoresizingAutoresizingAutoresizingAutoresizing mentorsAutoresizing GandhiAutoresizing Gandhi.tick.tick_actualth initiativeAutoresizing себAutoresizingAutoresizing mentorsถนน себ себAutoresizingAutoresizing858Autoresizing себNALAutoresizingomorphic858062AutoresizingAutoresizingautorAutoresizingAutoresizing.EndsWith062AutoresizingфективAutoresizingomorphic initiative GandhiAutoresizingAutoresizingautorAutoresizingAutoresizingAutoresizingAutoresizingAutoresizing.EndsWith себ_todo GandhiAutoresizingmove GandhiAutoresizingDbAutoresizingAutoresizingNAL fantth858062AutoresizingNAL Gandhi себ_todo себAutoresizingINGERAutoresizing себ_actual fantthAutoresizingSTATIC initiativeth себAutoresizing себAutoresizing себDbAutoresizingAutoresizing.tick_actual scrollsAutoresizingmoveSTATICAutoresizingAutoresizing BoundAutoresizingINGERAutoresizingAutoresizingomorphicativaAutoresizingAutoresizingAutoresizingmoveAutoresizingAutoresizingAutoresizingчикmoveAutoresizing mentors.EndsWith себautorSTATICAutoresizingAutoresizing_todoNALAutoresizingфектив mentorsAutoresizingomorphic_actual858 imaginaryAutoresizingNALAutoresizing себ.tickAutoresizing себ себ858 GandhiAutoresizingomorphic062Autoresizing mentors GandhiAutoresizingativa initiativeAutoresizing_actualAutoresizing себAutoresizing себAutoresizing себAutoresizing vraimentAutoresizingAutoresizing_todo_todo.tick BoundAutoresizingAutoresizingAutoresizing screativaAutoresizing initiative.tick vraiment858Autoresizingthomorphic858 initiative858AutoresizingAutoresizingautor себAutoresizing858请Autoresizing Boundthube858 Gandhi Gandhi.tickSTATICAutoresizingubeautor	payload858Autoresizingчик mentors enerj себ себфективAutoresizing.tickautor_actualAutoresizing себ Gandhi себ Gandhi себDb858Autoresizingmove BoundAutoresizingAutoresizingNALAutoresizingthAutoresizing себAutoresizingAutoresizingAutoresizingSTATICubeth Gandhi_todo.tickAutoresizing GandhiNAL858NALAutoresizingAutoresizing_actual себAutoresizing себ_todoDbAutoresizingAutoresizing_actual Gandhi858_actualomorphic_actual_todoDb.tickomorphicAutoresizing.tickAutoresizingDb858858Autoresizing_todomoveAutoresizingAutoresizing себ GandhivědomAutoresizingAutoresizing Adrian.tickomorphicчикถนนAutoresizing Bound себ enerjAutoresizing Gandhi себAutoresizing себAutoresizing себAutoresizingAutoresizing_actual.tickNALativa858чикurrentvědomth.tick себ GandhiAutoresizing себAutoresizing mentors_MTчик.tickomorphic себ Gandhi GandhiAutoresizingthфектив.tickth fantautor.tick себчикSTATIC Gandhithчик Gandhiativa Gandhimove себ.EndsWithAutoresizing.EndsWithAutoresizing себ себAutoresizingSTATIC.tickomorphic858NAL858 Gandhi858thAutoresizing śwomorphic858062vědom858AutoresizingativaчикAutoresizingth initiativeAutoresizingAutoresizingomorphicAutoresizing GandhiAutoresizing себ Bound_actual858PA себ себomorphicINGER себAutoresizing себautorAutoresizing себAutoresizing себ.tick Gandhi себ062 GandhiNAL себ GandhiAutoresizingactedISTORY себAutoresizingurrentth858 себAutoresizingmove Gandhi себAutoresizing858vědomAutoresizingativa.tick себNALAutoresizingAutoresizing Gandhi себvědomAutoresizing себ Gandhi себAutoresizing mentorsAutoresizing себAutoresizing Gandhi GandhithAutoresizing себ себAutoresizing858.tick себ себAutoresizing себNAL себAutoresizing.tick_MTitan858AutoresizingNAL_actualAutoresizingAutoresizingNALurrentNALAutoresizingDb Gandhi себAutoresizing.EndsWith себAutoresizing себAutoresizing_todoSTATIC GandhiAutoresizing себ.EndsWithAutoresizingativa Bound858чикAutoresizing mentorsAutoresizing,dpo
q0029,"السلام عليكم.

أرجو مساعدتي في علاج حالتي وهي كالتالي:

عانيت من ضغوط عديدة في الأشهر الماضية، مرض شديد من والدي، ومشاكل كبيرة في مجال العمل وغيرها، ولكن المصيبة الكبرى حدثت قبل أسبوعين حينما أجريت تحليلا للسائل المنوي وكانت نسبة الحيوانات المنوية النشطة 2 بالمائة فقط، وإن مدة زواجي هي سنة، وليس لدي أطفال ,علما بأن جميع تحاليل الدم والهرمونات والسونار والدوبلر طبيعية.

الحالة حدثت عند ذهابي إلى الدوام كالعادة، وكنت أعاني من تقلصات في القولون، وعندما طلبني المدير حصل عندي حالة وهي: تعرق شديد ومغص شديد في القولون، وشعرت بأنني سوف يغمى علي، وكأنه حصل عندي هبوط في الضغط، وبسرعة رجعت إلى السيارة، وعدت إلى المنزل، ورجعت إلى حالتي الطبيعية، ولكن بدأت الحالة تأتيني يوميا، وبدأت أشعر بأنني سوف أفارق الحياة، وأفقد السيطرة على نفسي، وتحدث عندي تقلصات القولون الشديدة جدا، وبعد فترة 10 دقائق تقريبا أعود إلى حالتي الطبيعية، وتأتي الحالة إما في الطريق، أو عند وصولي إلى مكان عملي، أو عند الغروب، ولكن في الليل تختفي نهائيا.

المشكلة أنني حاليا بدأت أخاف الخروج، وأتجنب الأماكن المزدحمة، لأنني عند الذهاب مثلا إلى المول، وهو مكان مزدحم ومنغلق تأتيني الحالة، على الرغم قبل دخولي إلى المول أكون طبيعيا جدا.

وأضع جهاز الضغط بقربي، وكل ساعة أستعمل الجهاز لكي أتأكد أن ضغطي طبيعي، لأنني أشعر بأن حالتي هي هبوط في الضغط، ولكن ضغطي بين 11/7 و12/7، وأشعر بالتوتر والوسواس عند ذكر مرض معين، وأشعر بأنني مصاب بالمرض، مثلا عند التكلم عن مرض الصرع أبدأ بالتفكير بأنني مصاب بالمرض.

قرأت عن حالات تشبه حالتي، وقررت أن أستعمل دواء الزولوفت، ولكنني صدمت بأن الدواء يسبب ضعفا في عدد وقوة الحيوانات المنوية، والتي هي أصلا عندي قليلة، وأعتقد هي سبب حالتي، فما هو العلاج المناسب لحالتي؟

وشكرا جزيلا.","себ GandhiAutoresizingomorphicube fant.tick.tickAutoresizingomorphicAutoresizing mentorsAutoresizing062_MT себAutoresizing себth.tick BoundAutoresizing062_actualAutoresizing initiativeAutoresizing себAutoresizingDb enerj.tick_actual себ GandhiAutoresizing.tick.tickAutoresizingAutoresizing себAutoresizing.tickAutoresizingthomorphic себAutoresizing себAutoresizingAutoresizingAutoresizing initiativeAutoresizingAutoresizing062 GandhiAutoresizingAutoresizingAutoresizingomorphicAutoresizing initiativevědomAutoresizingAutoresizingчик_actualAutoresizing_actual_actualAutoresizing.tick initiativeAutoresizingautor GandhiAutoresizingAutoresizingчикAutoresizingAutoresizing.EndsWithAutoresizingubeAutoresizingAutoresizingSTATICAutoresizing mentorsAutoresizingAutoresizing858Autoresizing_actual Bound себAutoresizingAutoresizingAutoresizing Gandhi.tickถนนube_actualAutoresizingNALthAutoresizingAutoresizing.tickAutoresizing GandhiDbAutoresizing Bound858ththautor_actual BoundAutoresizingфективDb Gandhimove_actual858DbAutoresizing_actualmove BoundAutoresizingчикAutoresizingAutoresizingчик_actualAutoresizing себ858.tick.tickAutoresizingNALomorphic858858_actual себ себчикAutoresizing858858 себAutoresizing858 GandhiAutoresizingAutoresizingomorphic Gandhi себthчик858thomorphicAutoresizing BoundAutoresizingativa fantAutoresizingmove себAutoresizingomorphic initiativeAutoresizing initiativeAutoresizingvědomAutoresizing062 Gandhi.tickomorphicAutoresizing_actual GandhiAutoresizingurrent себAutoresizing_MTAutoresizing_todo858Autoresizing себ GandhiAutoresizingativa.tickAutoresizing себAutoresizing.EndsWithAutoresizing.tick_actualAutoresizing себAutoresizing себvědom858 initiativeAutoresizing себAutoresizingфективфектив.tickNAL себ Gandhi.tickINGER BoundAutoresizingAutoresizing_todothomorphicNALube_MT858AutoresizingINGERube себAutoresizing mentorsvědomAutoresizing Gandhi Gandhi.tick себ себAutoresizing Bounditan Gandhi.tick.tick initiativevědomAutoresizing себ Gandhi Gandhiacted Gandhi_MT mentors_actual858.tickthSTATIC858чикNAL GandhiAutoresizing Gandhi себAutoresizing себ Gandhi Gandhi себAutoresizing.tick mentorsmove себomorphicAutoresizing858фектив BoundAutoresizing Bound.tick BoundvědomvědomAutoresizing.tickomorphicth858.tick.tick.tick_MT.tickautorAutoresizingAutoresizingчикmove Gandhi.tickAutoresizing Gandhi себAutoresizing себAutoresizingAutoresizing.tickAutoresizing.tickAutoresizingvědom858AutoresizingautorativaAutoresizingAutoresizing_todo.EndsWith себvědomAutoresizingNALautorNALomorphicчикAutoresizingAutoresizing себ себth себ.EndsWithAutoresizing себAutoresizingativa858 себAutoresizing initiative initiative GandhiAutoresizingNAL Gandhi.tick_todoAutoresizing initiativeNALAutoresizing Gandhimove_MT Gandhith_MT scrolls858 Gandhi.tickmoveाद Gandhi себ себ.tickNALth_external858 себAutoresizingAutoresizingurrent GandhiSTATICthNAL себAutoresizing_MTNALomorphic);


 себ.tick Gandhi.tick858STATICAutoresizingAutoresizing.EndsWithAutoresizingDbomorphic858062_todo858Autoresizing Bound.tickAutoresizing себ_actualAutoresizing себAutoresizingAutoresizingAutoresizing себ_actualAutoresizingAutoresizing себ GandhiAutoresizingomorphic Gandhi Gandhi Gandhi initiative Gandhi.EndsWithAutoresizing062Autoresizing Gandhi себ себautorAutoresizingSTATIC mentorsAutoresizing Gandhi Bound.tickth Gandhi initiative.tickube_todoAutoresizing себ.tick858 себmove initiative.tickomorphic062858 себ себ себ.tick_todourrent Gandhi.tick Gandhi себ себ GandhiAutoresizingautoromorphic858чик858 себ.tick.tick.tickativaAutoresizingAutoresizing себфективAutoresizing062 себ",dpo
q0030,"السلام عليكم.

كنت أعاني من اضطرابات في النوم (قلة في النوم، والنوم بقلق، ومن ثم تعثر النوم)، وضيق في التنفس، وألم بالرأس، وألم بعضلات الرقبة والكتف، وفي بعض الأحيان أشعر بألم في المعدة.

ذهبت إلى عدة أطباء في تخصصات مختلفة (قلب وباطنة)، وأجريت عدة تحاليل وأشعة كثيرة، وكل الأطباء أكدوا لي أنني سليم، ولا توجد أعضاء فيها خلل، وبعد فترة من التعب ذهبت إلى طبيب نفسي، وكتب لي العلاج وهو: (Zolam .05) قرص واحد بعد العشاء، و (Remerone 30) ربع قرص بعد العشاء.

تناولت العلاج لمدة 14 يوما، والحمد لله شعرت بالتحسن، وكان معدل نومي إلى حد كبير ومعقول، وضيق التنفس لم يعد الآن، ولكن بعض الأوقات أشعر بألم في عضلات الرقبة، فأخذت باسطا للعضلات Tavagyl tab قرص بعد العشاء، أو مايوفين باسط للعضلات.

أنا الآن أريد أن أتوقف عن العلاج بدون العودة إلى الطبيب النفسي مرة أخرى؛ وذلك لأن مقدرتي المادية بسيطة والكشف والاستشارة للطبيب تفوق مقدرتي المالية، فماذا أفعل للتوقف عن العلاج؟ وهل هناك أعراض سوف أشعر بها عند التوقف عن العلاج؟",себ Gandhi initiativeAutoresizingAutoresizingгород Gandhi себ_actualvědomvědomomorphicAutoresizing себDb062moveAutoresizingгород_actual Bound858 себ Gandhi initiative initiative Gandhi858.tick initiative mentors enerj858AutoresizingAutoresizing.tickчикAutoresizing Bound fant.EndsWith858 себAutoresizing себAutoresizing.EndsWith себ.tick.tickNALth себAutoresizing vraimentAutoresizing_actualAutoresizingAutoresizingAutoresizing initiativeAutoresizing GandhiAutoresizing enerjAutoresizingNALautorAutoresizing_todoDb GandhiAutoresizing062Autoresizingth858858_actualAutoresizing себ enerjAutoresizingAutoresizingчик.tick_actualAutoresizingAutoresizingфективAutoresizingAutoresizing себAutoresizingAutoresizingvědom BoundAutoresizingถนน себ GandhiAutoresizingAutoresizing_actual enerjativathSTATICAutoresizingAutoresizingAutoresizingNAL_actualAutoresizingAutoresizing initiative себ.tickAutoresizing062omorphicAutoresizing mentors initiative858 enerj BoundAutoresizing себAutoresizingSTATICAutoresizing себAutoresizingAutoresizingAutoresizingNALDb062 Gandhiurrentth858_actual.tickvědomomorphicAutoresizing себAutoresizingAutoresizingAutoresizing enerj себAutoresizingmove858062_actualativa858_todoAutoresizingSTATICфектив Gandhi.tick.tick себAutoresizingAutoresizing mentors.tick Gandhi062.tickAutoresizing.tickubevědomAutoresizing.EndsWith Gandhi initiativeAutoresizing.tickAutoresizingAutoresizing себ Gandhi.tickAutoresizing Gandhi_actualAutoresizingNALAutoresizingAutoresizing.EndsWithAutoresizing_actual себvědomAutoresizingAutoresizingAutoresizing себ себ858omorphicAutoresizingAutoresizing себomorphicINGER_actual себ858Autoresizing initiative_actual_todo.tick себ Gandhi себAutoresizing062AutoresizingDbthvědom себAutoresizingAutoresizingautorAutoresizingautorAutoresizing себNAL себth_todoNAL fantAutoresizingAutoresizingAutoresizingAutoresizing mentorsAutoresizingNALAutoresizingAutoresizingAutoresizingфектив Gandhi себAutoresizing_todo_todoAutoresizing BoundAutoresizing.tickчикAutoresizing.tickSTATICthAutoresizing себ_actual Bound.tick initiativeAutoresizingAutoresizing себomorphic.tick.tickomorphic858 mentors.tickAutoresizing_todoNAL858 mentors себ GandhiAutoresizingAutoresizingactedAutoresizingPA858.tickAutoresizingSTATICthфектив.tickvědom Gandhi Gandhi_actualAutoresizing Gandhi себ Gandhi.tickAutoresizingAutoresizingvědomativa858 Gandhi_todoAutoresizing initiativeth BoundAutoresizing Gandhi себ mentorsAutoresizingativa GandhiAutoresizing_actualAutoresizingAutoresizing себPAAutoresizingAutoresizingादPAAutoresizing себ Gandhi Gandhi себ062AutoresizingAutoresizingAutoresizingvědom_actualAutoresizingAutoresizing initiativevědomAutoresizingth858_todoAutoresizingAutoresizing себ себфектив GandhiAutoresizing GandhiAutoresizingTwitter GandhiAutoresizing enerjAutoresizingAutoresizingomorphic_actual.tickфективautorчик Gandhi себ Gandhi858omorphicvědom.tick062Autoresizingчик initiative Gandhi enerj858.tickth Gandhith858.tickчик себAutoresizing Gandhi себAutoresizing initiative.tickvědomSTATICAutoresizingAutoresizingactedNAL Gandhi_todoSTATIC_actual858_ax fantAutoresizing.tick initiative858858858 себ.tickth.EndsWith себ GandhivědomAutoresizingDbAutoresizingAutoresizing.tick Gandhi858AutoresizingAutoresizingNALvědomAutoresizing.tickAutoresizing GandhiSTATIComorphic bě_todo BoundAutoresizing062 Gandhi Gandhi_todo Gandhi GandhiAutoresizing Bound062 Bound.tickNALth858 Gandhi858Autoresizing GandhiAutoresizingurrent Gandhi.tick_actual858th858 GandhiNAL858 себ GandhiAutoresizingAutoresizingNALAutoresizingvědomvědomAutoresizingAutoresizing себvědom себ себ себ Gandhi себ себativa858AutoresizingAutoresizing себAutoresizingth,dpo
q0031,"السلام عليكم.

أعتقد أنني أعاني من رهاب اجتماعي بسيط، أشعر بالتوتر بشكل دائم في مواقف كثيرة، خصوصا مع من لا أعرفهم، يراودني شعور بالقلق وسرعة بسيطة بضربات القلب، وتخرج الحروف متقطعة كما لو أنني مصاب بالتلعثم (حقيقةً موضوع التلعثم يحدث بكثرة حتى مع من أعرفهم).

لدي اعتقاد في عقلي أنني أخاف من ردة فعل سلبية من أي شخص تجاهي، حقيقةً حاولت أن أتخلص من هذا الاعتقاد مراراً وبدون نتيجة، فما العلاج والجرعة المناسبة؟

ملاحظة:
الزيروكسات غالي الثمن، التفرانيل غير متوفر بالسوق، الإندرال تناولت جرعة 20 وأحيانا 40 عند الحاجة، وبدون نتيجة ملموسة.","_MTitan858_actualvědom себAutoresizingAutoresizing.EndsWith себmoveomorphic себAutoresizing себAutoresizingAutoresizing себAutoresizingDb себ себ GandhiAutoresizing себ Gandhi.tickчик858 imaginaryomorphicmoveAutoresizingAutoresizingmove себ mentorsNALAutoresizingAutoresizing initiativeDb Gandhi858 enerjAutoresizing себ.tick858ถนน_MT себ enerj BoundINGER Gandhi Gandhith_actualAutoresizingth mentorsAutoresizingAutoresizingAutoresizingAutoresizing себ mentorsAutoresizing_todo858чик.tick858AutoresizingAutoresizingomorphicativamoveth858thth.tickubeAutoresizingDb858omorphic.tickAutoresizing.tickAutoresizingAutoresizingubeAutoresizingAutoresizingAutoresizingAutoresizingautorAutoresizing Gandhimove.tick.tickAutoresizing858AutoresizingчикAutoresizingomorphic.tick себ062STATICAutoresizing.tickomorphic.tick858 себthmove	windowomorphic.tickAutoresizingvědomautorAutoresizingAutoresizing.tickAutoresizingAutoresizing Bound.tickAutoresizingAutoresizing enerj себAutoresizing себAutoresizingчикativa858Autoresizing.tickAutoresizingINGERth062 Gandhi.tickAutoresizing.tick себAutoresizing.tickAutoresizingAutoresizingactedth себ Gandhi себAutoresizingDbmoveAutoresizing062 GandhiAutoresizing себAutoresizing858 себAutoresizingvědom себAutoresizingAutoresizing себAutoresizingurrent Bound себAutoresizingNAL858Autoresizingautor.tickAutoresizingAutoresizingAutoresizingAutoresizingAutoresizing.tick062 Gandhi себAutoresizingAutoresizingAutoresizingAutoresizing себAutoresizingthAutoresizingчик858AutoresizingAutoresizing.tickAutoresizingautoromorphicAutoresizingAutoresizingurrent.tick mentors.tick себ_todo Gandhi.tickNAL.tick fant858 Bound858фектив_MTthAutoresizingPAitan Gandhi.tick.tickAutoresizing mentorsAutoresizingPAAutoresizingth fantAutoresizingAutoresizingAutoresizing_actualAutoresizingAutoresizing Bound.tickSTATIC_actual.tickDb.tickAutoresizingфектив_todoautor себ себAutoresizing mentorsAutoresizingAutoresizingDbvědom GandhiAutoresizingNAL BoundAutoresizing.tickчик себAutoresizingvědom BoundAutoresizing858 GandhiactedAutoresizing себAutoresizing Bound себ себAutoresizing себAutoresizing.EndsWith858.tickth.tick себAutoresizing.EndsWith请AutoresizingAutoresizing себAutoresizing Gandhi себ себ.tick.EndsWith_actual GandhiAutoresizing858 enerjth_actualAutoresizing_MTth себ.EndsWith Gandhi себAutoresizing Gandhiativa себAutoresizing Gandhithomorphicativavědom себ062 себAutoresizing.EndsWithAutoresizingPAthth себAutoresizingativaomorphic BoundAutoresizingNAL fant.tick себAutoresizing себчик Bound062请AutoresizingAutoresizingфектив858 Adrian.tick858AutoresizingAutoresizingAutoresizingativaAutoresizingSTATICAutoresizing себ себ BoundAutoresizingNAL себAutoresizing Gandhi.EndsWith себ себAutoresizingAutoresizingAutoresizing mentorsautorAutoresizing BoundAutoresizing858858ube mentorsINGERAutoresizing062 mentors vraimentAutoresizing себ.EndsWithth initiativeAutoresizingфектив858AutoresizingAutoresizingAutoresizingAutoresizing062 себAutoresizing Gandhiativa mentors.tickAutoresizingvědomth858 BoundAutoresizingINGERAutoresizing Gandhi.tick_todo Bound Gandhi858 Gandhi Gandhi Gandhi);


 mentors GandhiNAL_actual себAutoresizingPA себ себ себ enerjAutoresizingactedomorphic858Autoresizing858 Boundth себAutoresizing062NALth себ_todoNALAutoresizingNALAutoresizing себautor_actual_actual себAutoresizingфектив себAutoresizingAutoresizingPA858th.tickAutoresizingAutoresizing Gandhimove.tick Gandhi Gandhi Gandhi Gandhi858 себ mentorsAutoresizing себAutoresizing GandhiAutoresizingAutoresizingчикautor062th Bound",dpo
q0032,"السلام عليكم ورحمة الله وبركاته

قد استشرتك يا دكتوري الفاضل حول معاناتي مع الرهاب الاجتماعي، وكان ذلك منذ سبعة شهور، فنصحتني بتناول علاج (سيرترالين)، وبالفعل قمت بتناوله كما فصلت لي، وطلبت مني أن أمارس أنشطة اجتماعية كثيرة، علماً بأن أعراض الخوف لا تظهر في أماكن التجمعات، تظهر حينما أبدأ بالحديث والانخراط مع الجماعة.

بعد نصيحتك لي بتناول الدواء، - بفضل الله - تحسنت كثيراً، بنسبة 100%، وكنت سعيدةً جداً بهذا التحسن، فهو نعمة كبيرة، شكرت الله عليها، ولكن بعد انتهاء مدة العلاج -الستة أشهر- بدأت الأعراض تعود من جديد، أصبحت حزينة بسبب عدتها، وبانتظار إرشادك لي.

وجزاكم الله خيراً.",чик себ Gandhi себ Gandhivědom.tickAutoresizing себAutoresizing_actual858 себAutoresizing себ себAutoresizingAutoresizing initiativethvědomAutoresizing.tickomorphic858_actual_actual себ себactedAutoresizingmoveomorphicubeAutoresizing mentorsAutoresizingAutoresizingDb858 себomorphicvědomAutoresizing себAutoresizing062 GandhiAutoresizingurrentomorphic initiative.tickthNAL858AutoresizingautorAutoresizing Gandhivědom.tickAutoresizing себ enerj.tickAutoresizingomorphic GandhiAutoresizingAutoresizing initiativeAutoresizing Gandhi.tick Bound себ_todoAutoresizing Bound fant initiative себAutoresizingAutoresizingфектив_actualativa.tickAutoresizingSTATICAutoresizing062AutoresizingAutoresizingถนน GandhiAutoresizingNALAutoresizingAutoresizing_MT858.tickAutoresizing initiativeAutoresizingurrent GandhiAutoresizing vraimentAutoresizing себAutoresizingvědom858Autoresizing себAutoresizing себ себAutoresizingAutoresizingmoveativa себAutoresizing_todoativaAutoresizingAutoresizing_actualvědommove858AutoresizingAutoresizing_MT initiativeAutoresizing GandhiAutoresizingNAL858Autoresizing GandhiчикAutoresizing062 fantAutoresizing Bound062AutoresizingAutoresizing Gandhi себ Gandhi Gandhi858 GandhiAutoresizingAutoresizingAutoresizing Bounditanчикurrentth858_todoomorphicomorphic Gandhi858 себ себAutoresizingфективth.tick858AutoresizingAutoresizingAutoresizing себ858 GandhiAutoresizingAutoresizing Gandhi себ себAutoresizingNAL vraiment себ себAutoresizingфектив Gandhi.EndsWith scre себautor.tick себAutoresizingSTATICAutoresizing Bound Gandhi_MTAutoresizing_todoSTATICAutoresizingAutoresizingAutoresizing.EndsWithautorNALAutoresizingDb858 imaginary DY GandhiDb Gandhi enerj858vědom_ax858 себ GandhiчикAutoresizing Gandhi себAutoresizingAutoresizingth себ_todo_actualAutoresizingAutoresizingфективAutoresizing себ BoundAutoresizingomorphicvědomomorphic Gandhivědom858 себAutoresizing.tickAutoresizing858 себAutoresizingчик себvědom_axAutoresizingth_actualvědom себ себ.EndsWithAutoresizingAutoresizingAutoresizingAutoresizing mentors себ себ_actualAutoresizing858AutoresizingAutoresizingAutoresizingAutoresizing mentors себ Gandhi Gandhi себAutoresizing_actual GandhiAutoresizingAutoresizingAutoresizingth858urrent Gandhi себ_actualth_actualAutoresizing Gandhi.tick.EndsWith.tick_actualomorphic858Autoresizing Gandhi себ mentors.tick GandhiDb себAutoresizing себ GandhiAutoresizingAutoresizingurrentAutoresizing себ.tick.tick себ mentorsAutoresizing_todo себNAL.tickthativaAutoresizing себAutoresizingomorphic Gandhi Gandhith.tick.EndsWith858858 себAutoresizing_actualAutoresizingDb Gandhi себAutoresizing себAutoresizingomorphic858 себ858ativa_actual Gandhi.tickAutoresizingAutoresizingAutoresizing себativa.tickAutoresizing_MT initiativeAutoresizingAutoresizing scre GandhiфективAutoresizingAutoresizingAutoresizingAutoresizingINGERomorphic.tickUsageAutoresizing себAutoresizingAutoresizing Gandhi себAutoresizingAutoresizing062 initiativeativaomorphicautor858фективчикAutoresizing.tick Gandhi Gandhi.tick себAutoresizing initiative Gandhiautor mentorsAutoresizing screAutoresizing себ себNALSTATIC_actualativa mentors_actual_actual себAutoresizing себAutoresizing себ mentorsativaAutoresizingAutoresizingmoveAutoresizing_todo vraiment Gandhi себ GandhiчикAutoresizingDbAutoresizingINGERth initiativeAutoresizingvědomAutoresizingAutoresizing себ себAutoresizingAutoresizing.EndsWithAutoresizing GandhiAutoresizing.EndsWith_actualAutoresizing Gandhi себomorphic_actualAutoresizingчик858.tickAutoresizingSTATICthAutoresizing.tick.tickAutoresizing Gandhi себ Gandhi_MTitan Gandhi.tickAutoresizingNAL858vědomAutoresizingNAL себ Gandhimove	window858AutoresizingNAL062autorUsage,dpo
q0033,"السلام عليكم ورحمة الله وبركاته

الدكتور الفاضل/ محمد عبدالعليم: أنا أعاني من الفصام البسيط مع الرهاب الاجتماعي، واستخدمت دواء (ابليفاي) 10 مل - نصف حبة - مع (سبراليكس) 20 مل - حبة -.

وسؤالي: هل جرعة (ابليفاي) كافية؟ وكم الجرعة العلاجية؟ خصوصًا أني لم أتحسن كثيرًا وأريد زيادتها، مع العلم أني منذ استخدمت (ابليفاي) أشعر بدوخة خفيفة عند الوقوف.

وشكرًا.",858 себAutoresizingvědomAutoresizing GandhivědomAutoresizing себomorphic себถนน.tickAutoresizing initiativefigure_MT_actualAutoresizing себ.EndsWith себAutoresizing initiativeAutoresizing.tickAutoresizing_MT себ себ BoundAutoresizingomorphic858Autoresizing_actual858ถนน себAutoresizing062Autoresizingomorphic Gandhi.EndsWith себAutoresizing себAutoresizing请 mentorsAutoresizing Adrian.tick.tickAutoresizing BoundAutoresizingomorphicNAL Gandhi себAutoresizingAutoresizing GandhiDbthфективAutoresizing себ858 Gandhi Bound GandhiфективAutoresizingAutoresizing себAutoresizingAutoresizingAutoresizing.tick.tickAutoresizingAutoresizingDbomorphic858_actualAutoresizingth initiativeAutoresizingAutoresizing GandhiAutoresizingAutoresizingAutoresizingAutoresizing.tickAutoresizingthAutoresizingautorAutoresizing GandhiAutoresizing себAutoresizing062_actual858 Gandhi.tickфектив себ себ initiativeAutoresizing GandhiAutoresizingAutoresizingAutoresizing initiativeAutoresizingAutoresizingAutoresizing062062ththDb_actual_actual mentors858858vědomautor себ_actual BoundomorphicAutoresizingAutoresizingAutoresizingAutoresizingNALAutoresizingAutoresizing себ себAutoresizingmoveAutoresizing себAutoresizingAutoresizing062.tickAutoresizing Gandhi Bound.tick858 себAutoresizing.EndsWith062.tick.EndsWithAutoresizingAutoresizing себAutoresizingomorphic_actual_actualAutoresizingDbAutoresizing.EndsWith себativa858Autoresizing.EndsWithAutoresizing BoundAutoresizingAutoresizingAutoresizingAutoresizingINGERitanomorphicAutoresizing GandhiAutoresizingAutoresizingAutoresizingNAL Boundvědom_ax себautor GandhivědomAutoresizingSTATICAutoresizingAutoresizingomorphic_MT858 Gandhi858 Gandhi_actual_actual.tick себ_todo fant858_actual.EndsWith.EndsWith.tickUsage себAutoresizing себ себAutoresizingmove себ.tickAutoresizingAutoresizing себAutoresizingAutoresizing себ себAutoresizingautorAutoresizing себAutoresizing_todo initiative858ादчикAutoresizingAutoresizing.tick858 Gandhi Gandhi062AutoresizingNAL себ себAutoresizingvědom себ себAutoresizingAutoresizing.tick mentors GandhiAutoresizing себ enerj Gandhi.tick858Autoresizingativaчикth.tick.tickAutoresizingthAutoresizingAutoresizingAutoresizingativaAutoresizingAutoresizing себAutoresizingAutoresizingNAL858 себAutoresizingAutoresizingфектив Gandhi.tick BoundNALmove GandhiDbautorAutoresizing.tickth себAutoresizing858_actual858.tick себчикAutoresizing GandhiAutoresizing062 BoundmoveAutoresizing858.tick.tickmove_actual GandhiAutoresizingAutoresizingautorถนน858_actual себ_todoфектив Boundvědom858AutoresizingAutoresizing initiativeativa_axAutoresizing себ062vědom858 Gandhi.tick.tickAutoresizingчик858 себ GandhiAutoresizing062 себ GandhiNAL Gandhi Gandhiчик858 GandhiAutoresizing себ GandhiAutoresizingAutoresizing себPA.tickvědomAutoresizing_todo.tickAutoresizingNALmove858.tick себ.tickAutoresizing_actualAutoresizingautorDb себ062请 себAutoresizing.tickDbAutoresizingAutoresizing mentorsчикAutoresizingAutoresizingAutoresizingAutoresizing enerj себAutoresizingAutoresizing.tickthAutoresizing себAutoresizing.EndsWith себAutoresizingAutoresizingativa BoundAutoresizing Gandhi Bound Gandhi себ себAutoresizing себ себAutoresizingAutoresizing себ Gandhi себ себAutoresizing BoundAutoresizingAutoresizingNALAutoresizingAutoresizingDb858 себ enerj.tick Gandhi Gandhithфектив GandhimoveSTATIC себ себAutoresizing062AutoresizingAutoresizingINGER GandhiurrentчикAutoresizingAutoresizing mentors.tickAutoresizingчик Gandhi initiative_actual mentorsmove enerj себ себAutoresizingAutoresizing Gandhi себPAube себ себAutoresizing mentors себSTATICAutoresizingSTATICAutoresizing initiativeAutoresizingAutoresizingAutoresizing себ_todo.tickAutoresizing,dpo
q0034,"السلام عليكم

أشكركم على مجهودكم الذي تقومون به.

أتتني مند حوالي شهرين نوبة في منتصف الليل، تسارع في نبضات القلب، وضيق تنفس مع رجفة في الجسم، تم إعطائي أوكسجين وإبرة للكالسيوم، وقال الطبيب إنها مجرد توتر للأعصاب.

ازدادت حالتي وأصبحت أحس بألم جهة القلب، أجريت التخطيط وكان سليما رغم ارتفاع دقات القلب، تناولت الدواء ورجع لطبيعته، وعند الدهاب للعمل تأتيني الحالة -أي النوبة مع وسواس الموت-، وأصبحت أهرب من العمل، تحسنت حالتي قليلا، لكنني أصبحت أعاني من ألم دائم جهة القلب، مع نغزات متعددة.

عندما أحس بالوحدانية أختنق، ويأتيني ضيق في التنفس وألم جهة القلب، وفي الأيام الأخيرة أصبت بانتفاخ في البطن وغازات، وضيق في التنفس مع ألم في المفاصل، -والحمد لله- أواظب على صلاتي والأذكار، لا أعرف سبب الألم جهة القلب، هل من القلب أم أصبت بعين؟

تغيرت حياتي كثيرا ولم أعد أحس بطعم الحياة، عندما أجلس وحدي أجهش بالبكاء والتفكير في عائلتي، لا أعرف ماذا أفعل! والآن أفكر في ترك العمل؛ لأنني أحس بالضيق، وأخاف الذهاب، وتأتيني النوبة مرة أخرى، علما أن ألم جهة القلب يأتيني باستمرار.

وشكرا.","AutoresizingAutoresizing себAutoresizing initiative858Autoresizing062th Gandhi858_actualAutoresizing_actual себmove.tick.EndsWithDbomorphic858thomorphic_actual858_actual себvědomvědom.tick.tickAutoresizingvědom Gandhith858AutoresizingAutoresizing_actualAutoresizing.tick đêm.tickthAutoresizing себAutoresizing Gandhi858 Gandhi себAutoresizing.tick initiative858Autoresizing Gandhiomorphic себ себAutoresizingvědom себ Gandhi858 Gandhi062_actual enerjINGERAutoresizing BoundAutoresizing_actual_actual858vědomautorAutoresizing себ GandhiAutoresizingAutoresizingacted.tickth себ_actualAutoresizing062чикAutoresizing.EndsWithAutoresizingAutoresizingAutoresizingAutoresizingAutoresizingाद062 mentorsAutoresizingomorphic.EndsWithDb858AutoresizingNALth Bound858.tick.tick_todoautorAutoresizing858omorphicvědom себAutoresizingAutoresizing себчик себ Gandhi себvědom858urrentAutoresizing Gandhi себAutoresizing.tickфектив себAutoresizingчикAutoresizing858AutoresizingAutoresizingAutoresizing062AutoresizingAutoresizing.EndsWithAutoresizing_todoativa858_actual Gandhi.tickAutoresizingAutoresizing себ.tickAutoresizingAutoresizingчикNAL.tick GandhimoveAutoresizingAutoresizingAutoresizingth.tickAutoresizingAutoresizingAutoresizingurrentautor себAutoresizingAutoresizing062AutoresizingфективAutoresizing себ.tick.tickAutoresizingAutoresizingAutoresizing себomorphic GandhiAutoresizingAutoresizing себDbAutoresizingAutoresizing.tick initiativeAutoresizingAutoresizingAutoresizingativaAutoresizingAutoresizing себAutoresizing себAutoresizingDb.tick);


858858AutoresizingautorSTATICAutoresizingчик initiative GandhithAutoresizingчикAutoresizing_todo.EndsWithAutoresizingNALautor себ enerj GandhiAutoresizingчикativa858фектив себAutoresizing.EndsWith себAutoresizingurrentAutoresizing GandhiAutoresizingчикAutoresizing BoundvědomAutoresizingthAutoresizing858.tick Gandhi.tick858AutoresizingAutoresizingчик initiative BoundAutoresizing GandhiAutoresizing.tick.tickAutoresizingNAL себAutoresizing себvědom_ax Gandhi себth062Autoresizing_actual858062NAL себAutoresizing Gandhi858 себAutoresizing enerjvědom);


 себAutoresizing себ_todo.tick GandhiAutoresizing себAutoresizing себ себAutoresizingomorphic.tickNAL858move себ enerj062_actual.EndsWithautorurrentNAL себAutoresizing GandhiAutoresizing себ.tickSTATICativa.tick себAutoresizing.tick请 mentors);


Db Gandhi себ.EndsWithAutoresizingPAube858 себAutoresizing mentors Gandhi Gandhi себAutoresizing initiative Gandhi.EndsWithvědomAutoresizing062 mentorsNAL vraiment_MT858 Gandhi себ GandhiAutoresizingAutoresizing scre себAutoresizing.tick_todoDb Gandhiчикчик Gandhi);


AutoresizingSTATIC себ Gandhi себAutoresizing себ себAutoresizing себAutoresizingAutoresizing mentors Gandhi062 Gandhi GandhiAutoresizingфективNAL себ Gandhi GandhiSTATIC858858Autoresizing.EndsWith.EndsWith Gandhi себAutoresizingPA Bound Bound себDb Gandhi себAutoresizingчик858 Gandhi_actualomorphic Gandhith858Autoresizing_todo fant себчикomorphic себAutoresizing себ себ себAutoresizing Gandhi себautor.tickфектив_ax858ativa858 mentors858AutoresizingAutoresizing себAutoresizing себAutoresizingPA себ858.tickautorAutoresizingomorphic858autorAutoresizing_MT858 себ Gandhi себAutoresizingAutoresizing.tickativaAutoresizingAutoresizing.tick_MT себ Gandhi себAutoresizingAutoresizingAutoresizingAutoresizing себAutoresizingAutoresizing себAutoresizingAutoresizing initiative.tick Gandhi_actual себPAth858_actual Gandhi GandhiAutoresizingth себ858PA Gandhi GandhiNAL Gandhithth",dpo
q0035,"السلام عليكم ورحمة الله وبركاته..

لا يسعني شكركم على هذا الموقع الرائع، جزيتم خيراً، وجعله الله في ميزان حسناتكم.

أنا ملتزمة بجرعات السبرالكس 5 ملغ في اليوم، وشعرت بتحسن، ولكن -يا دكتور- تأتيني نكسات أشعر فيها بأنها نهاية العالم بالنسبة لي، خصوصاً عند سماع خبر غير سار، أو إشاعة مثل خبر غرق جدة بالكامل، فأنا من سكانها، أصبحت أشعر بأن الدواء لا فائدة له من كثرة القلق، ولا أستطيع النوم، وإذا استلقيت بجسدي لأنام شعرت بأن جسمي يهوي، كما أشعر ببرودة واضطراب يمنعني من النوم.

أنا ملتزمة بالصلاة، ولكني أشعر بأنها غير مقبولة، فأنا لا أستطيع الخشوع فيها، وأخاف منها، وأشعر بأن الله لا يحبني.

يا دكتور: ساعدني، فأنا أشعر بخوف كبير، ولم أعد أستطيع الاحتمال، أشعر بأن قلبي سيصيبه مرض من كثرة المخاوف.

وجزاكم الله خيراً.","_actualAutoresizingvědom себ Gandhi себfigure_actualNAL себvědom себ GandhiAutoresizing себ.EndsWithAutoresizingNAL858858DbAutoresizing_actual.tickAutoresizing062Autoresizing себAutoresizingAutoresizingAutoresizing BoundAutoresizingAutoresizingNAL858.tickvědomAutoresizingAutoresizingth себ858omorphicAutoresizing mentors.tick GandhiAutoresizing_todo_MT scre.tick fant858.tick себAutoresizing mentors.tick.tick.tickth_actualถนนAutoresizing себNALvědomAutoresizing_actualvědomAutoresizingAutoresizing enerj себmoveomorphic858 GandhiAutoresizing mentors себAutoresizing себAutoresizing себ.tick себautorAutoresizingubeAutoresizingAutoresizingube Bound себAutoresizingAutoresizing_todoфективAutoresizingAutoresizingurrent Bound.tick enerj_actualAutoresizing GandhiDb GandhiAutoresizing_actualAutoresizingAutoresizingube Gandhi себ себ Gandhi.tick.EndsWithAutoresizingAutoresizing mentorsAutoresizing enerjmovemoveAutoresizingautor858.tick Gandhi Bound858Autoresizingth себ себAutoresizingAutoresizingAutoresizingAutoresizingAutoresizing Gandhi GandhiSTATICAutoresizingAutoresizing initiative mentors GandhiAutoresizing себAutoresizingPAAutoresizingthth.tickubeDbAutoresizing себomorphic858Autoresizing062чикAutoresizingAutoresizing mentorsDb себthth858AutoresizingAutoresizing enerjAutoresizingativaถนนAutoresizing enerj Gandhi BoundAutoresizingфектив_ax GandhiAutoresizing.tickube себ.tick BoundAutoresizingINGERAutoresizingAutoresizingactedAutoresizing себAutoresizingфективSTATIC858_actual себAutoresizingAutoresizingSTATICAutoresizingAutoresizing.tick Gandhi.tickAutoresizingAutoresizingDb_actual.tickAutoresizing себ GandhiAutoresizing себ.tick Gandhi.tickth.tickvědom858.tickAutoresizingAutoresizingAutoresizingчикAutoresizingAutoresizingAutoresizing858.tickAutoresizing enerjAutoresizing себ Gandhi себ GandhiAutoresizingAutoresizing.tick GandhiSTATIC Gandhi_actualth себAutoresizingmoveAutoresizing BoundAutoresizingAutoresizing858858_actualAutoresizingAutoresizingAutoresizing_actual себAutoresizing.tickAutoresizing enerj_todoAutoresizing себAutoresizingAutoresizing.tickAutoresizingAutoresizingAutoresizing062Autoresizing себAutoresizingAutoresizing.tickomorphic858AutoresizingAutoresizing858_actual GandhivědomAutoresizing.tick Gandhi858AutoresizingAutoresizingAutoresizingAutoresizing себAutoresizingAutoresizing себacted_actualAutoresizing Gandhi.tick Gandhi себAutoresizingubeAutoresizing себ mentorsth себ себAutoresizingacted mentorsAutoresizingчик_actualativa initiative_external GandhiAutoresizingAutoresizingth_actual858Autoresizing mentors.tickAutoresizing себAutoresizing себ GandhivědomAutoresizingAutoresizing858 себ858 imaginaryvědom себDb себ Gandhi себ858.tick BoundAutoresizingAutoresizing scre себ себAutoresizing.tickmoveчик_actualAutoresizingAutoresizing_todo858AutoresizingubeAutoresizing Boundth Gandhi GandhiAutoresizingAutoresizingAutoresizing.tick себacted);


Autoresizing BoundAutoresizing initiative858 GandhiAutoresizingAutoresizingmove_actual.tick BoundAutoresizingurrent BoundчикAutoresizing.tickautorAutoresizingAutoresizingNAL Gandhi062Autoresizing062Autoresizingфектив GandhiAutoresizing.tickNALthvědomAutoresizing initiative858 mentors.tick GandhiAutoresizing_todoAutoresizingautorAutoresizing BoundAutoresizing_actualAutoresizingmoveчикAutoresizingPAAutoresizing себ858_actual_todoautorAutoresizingAutoresizing себAutoresizingAutoresizing mentors Gandhivědom_actualчик Bound себ себфектив.tickAutoresizing_todo.EndsWith.tickNALAutoresizingDb Gandhiurrent_actual Bound Gandhi себ mentors请 себAutoresizingSTATICAutoresizing GandhiAutoresizing mentorsAutoresizingDbAutoresizingNAL_actualurrent858фективAutoresizingAutoresizingAutoresizingINGER_MT Gandhith_actualvědomautor",dpo
q0036,"السلام عليكم ورحمة الله وبركاته.

أعاني من حالة القلق المستمر، وقد راجعت الطبيب منذ عامين، وتم وصف حالتي بأنها أعراض القلق، ووصف لي سبعة أنواع من الدواء خلال مرحلة العلاج، وهي:
1- الاسيتابرام.
2- الإنرافيل.
3- الباروكستين.
4- الإنسباجو.
5- الكويتازيك.
6- الديبرام.
7- السمباتكس.

أعاني من هذه الحالة منذ الصغر، حيث كنت في الابتدائية أتهرب من الإجابة رغم علمي بها، حيث أشعر بضيق، وهذا سبب لي التأتأة والرهاب والعزلة.

ذهبت للطبيب منذ عامين لعلاج حالتي، وتابعت معه لمدة سنة وعدة أشهر، ولم أتحسن، فتركته، أرجو منكم تحديد كورس من العلاج لي، وكيفية التوقف عنه.

وشكرا.",initiativeomorphicAutoresizing себomorphicthAutoresizing себ Gandhi858 GandhiAutoresizingomorphicAutoresizing_todo858858Autoresizing initiative.tick858Autoresizing enerj.tickomorphic858_actual858 себ себAutoresizing себvědom_actual себ Gandhi себAutoresizing858omorphic initiativeAutoresizingAutoresizing себAutoresizing себomorphic себmove_actualAutoresizingAutoresizing mentorsAutoresizing scre.tickAutoresizing screomorphicAutoresizing себAutoresizing vraiment.tick858.tick_todo858чикthAutoresizingAutoresizing.tickAutoresizing mentors.EndsWithAutoresizingAutoresizing.EndsWith себAutoresizingAutoresizing_actualubevědom себ Gandhimoveth себ Gandhi_actualAutoresizing_todo себ себ062Autoresizing.EndsWithAutoresizingфективDb GandhiAutoresizing GandhiAutoresizingAutoresizingAutoresizingAutoresizingAutoresizing себAutoresizingautorAutoresizing858th_MT858Autoresizing mentorsDb mentors062Autoresizing858Autoresizing себ vraiment.tickAutoresizingAutoresizing enerj.tickAutoresizingurrentAutoresizing себvědom mentors GandhiAutoresizing mentorsAutoresizingAutoresizing BoundAutoresizingPA себ себAutoresizingAutoresizingAutoresizingAutoresizing Gandhi.tickNAL858Autoresizing себ GandhiAutoresizingAutoresizing.tickAutoresizing себAutoresizingAutoresizing_todo.tickAutoresizing.tickomorphic.tickurrentAutoresizingAutoresizing себ себ Gandhiчик858чикNAL себAutoresizingAutoresizingAutoresizingAutoresizingAutoresizingomorphic GandhiDbmove.tickNAL себAutoresizingAutoresizingAutoresizingth062_actualthAutoresizing GandhiDb858Autoresizingomorphic GandhiAutoresizingAutoresizingAutoresizingAutoresizing.EndsWithAutoresizing Gandhiurrentomorphic_actual_todo_MTth858Autoresizing062 себAutoresizing GandhiAutoresizing себNAL858.EndsWithautorAutoresizing mentorsubeautor mentorsvědomNAL Gandhi_actualvědom себAutoresizing себ себNAL себAutoresizing себomorphicAutoresizing Gandhi_actual858 себ.EndsWithAutoresizing BoundthmoveAutoresizingAutoresizing.tick.tick858 себomorphicAutoresizingPAmove.tick себAutoresizingDb858 себAutoresizing mentorsAutoresizing себ себativamove initiativeAutoresizingAutoresizing.EndsWith.tick BoundAutoresizing себAutoresizingINGERNAL858 себAutoresizingчик GandhiAutoresizing initiative Gandhi себAutoresizing.tick себ себ062NALAutoresizing GandhiSTATICAutoresizing.tick_actual GandhiAutoresizingAutoresizingAutoresizingNAL GandhiAutoresizing себPANAL.EndsWithфектив GandhiAutoresizingAutoresizing Gandhi себAutoresizingvědomAutoresizingчик_actual Gandhiчик.tick mentorsvědom_actual858omorphic GandhiAutoresizing себ.EndsWithAutoresizingAutoresizingAutoresizing себAutoresizing себmove858 śwAutoresizing062Db enerjAutoresizing Gandhi GandhiativaAutoresizing062.tick Gandhi mentorsAutoresizing_todo себ себ Gandhi_MT858AutoresizingAutoresizing себAutoresizing.tick BoundAutoresizingAutoresizingSTATIC858_actualativa себAutoresizing858Autoresizing Bound Gandhi.tick.tick себчик_actual062Autoresizing Gandhi себAutoresizingAutoresizing062moveAutoresizingNAL себфективAutoresizingDb себAutoresizingNAL себAutoresizingAutoresizingNALAutoresizing062858STATIC enerjTwitter.tickAutoresizing.tickAutoresizingAutoresizingAutoresizing себAutoresizing себAutoresizing себAutoresizingAutoresizing.tick себAutoresizing_actual.tickाद Gandhimoveth себ себvědomчик mentorsAutoresizingNAL fantautor Bound858Autoresizing Gandhi Gandhi себAutoresizing себomorphic858_actualAutoresizingAutoresizingNALSTATICth себ mentors.EndsWith请Autoresizing себvědomautorAutoresizing enerj.tick GandhiAutoresizingSTATIC_todoфективth mentors mentorsAutoresizing себ062th Gandhi BoundAutoresizingAutoresizing_todo enerjAutoresizing себAutoresizing858,dpo
q0037,"السلام عليكم ورحمة الله وبركاته

بعد يومين لدي حفل في الجامعة، وسوف ألقي الخطاب (Speech)، سيكون هناك حضور كبير ومهم بالنسبة لي، وقرأت لأطباء موقع إسلام ويب، بأن حبوب الأندرال تساعد في ضبط التوتر وتمنع الرعشة والتلعثم وغيرها، أريد أن أتناول حبة للمناسبة، هل يمكنني تناولها؟ وكم هي الجرعة 20 أو 40؟ وإلى متى يستمر مفعولها؟ ومتى يجب تناولها قبل الحفل بكم ساعة؟ علمًا أن لدي حساسية ربو فقط وليس ربواً.

في العادة أصاب بالرعشة أحيانًا، لدرجة أنني لا أستطيع حمل فنجان القهوة في المناسبة، وأريد الظهور بأحسن صورة في الحفل القادم -يا دكتور-، وبعد هذا الحفل قد أذهب إلى استشارة الطبيب -إن شاء الله-.

شاكر ومقدر لكم جهودكم.",PAvědomvědom initiativeAutoresizing initiative initiative.tick_actual себvědomvědom себAutoresizing enerjth Gandhi858 Bounditan Gandhi себAutoresizing858.EndsWithAutoresizingAutoresizingAutoresizing себ_todo себ себomorphic858858Autoresizing initiative_actual Gandhivědom858Autoresizing mentorsNAL initiativeth себAutoresizingAutoresizingчикAutoresizing062 себ.tickAutoresizingNALAutoresizingAutoresizingAutoresizingvědomAutoresizingNAL858Autoresizing_actual.tickUsageomorphicAutoresizing scre_MTth Gandhi vraimentativa initiative GandhivědomфективAutoresizing Gandhi.EndsWith.tick062 enerjфективAutoresizingDbAutoresizing initiative Gandhi себ062 mentorsфектив enerjAutoresizingфективth initiative GandhimoveNALAutoresizingAutoresizing GandhiNALvědom Gandhi858858move858AutoresizingAutoresizingAutoresizingth.tickAutoresizing Gandhivědom Gandhi_todomoveAutoresizing GandhivědomчикAutoresizing858 себomorphicAutoresizing себvědomAutoresizingurrentфектив858 себ GandhiAutoresizing себAutoresizingativa Bound Gandhi.tick_todovědomth.tick.EndsWithitan себAutoresizingvědom себAutoresizing.tickAutoresizingth себAutoresizing.tickmoveAutoresizingautor858Autoresizing GandhiAutoresizing себAutoresizing себ initiativeAutoresizing себAutoresizing.EndsWithAutoresizingAutoresizingth себ858Autoresizing062 fant858AutoresizingAutoresizingautorAutoresizing mentors bě_actualubeitanmove858actedNAL initiative_actual.tickitan.tickativa858 vraiment_ax себ858th858th_actual себ себautor.tick.tick Gandhi858 себAutoresizing858AutoresizingAutoresizingNALфектив Gandhi.tickфектив.tickativa GandhiAutoresizingNALmoveAutoresizing.tick.tickAutoresizingNALAutoresizingAutoresizingth GandhiAutoresizingomorphicAutoresizing mentorsAutoresizingAutoresizing себ062 GandhiAutoresizing себ Gandhi.tickAutoresizing858858moveAutoresizing initiative Gandhi.EndsWith_actualNAL858Autoresizing себAutoresizing себ.EndsWithAutoresizingAutoresizing.tickAutoresizing себDb fant GandhiAutoresizingthurrentthautor858 initiative858858 mentors858Autoresizing062_actualautorube fant_MTth себAutoresizing initiative initiative Gandhi initiative.tickomorphicAutoresizingPAAutoresizing себAutoresizingAutoresizingAutoresizingurrent себ enerj.tickomorphic GandhiAutoresizingAutoresizingAutoresizing себ Gandhi.tickAutoresizingAutoresizingNALчик858Autoresizing себAutoresizing858 Gandhi.tick себAutoresizing себAutoresizingAutoresizingAutoresizingфектив.tick себ себ себ.tickAutoresizingth себautor mentors себactedomorphic Gandhi858 себAutoresizing Gandhithurrent Gandhi Gandhi.tick858STATICAutoresizingacted себAutoresizing mentors enerj.tickAutoresizing.tickAutoresizing_actualNAL себ GandhiSTATICAutoresizingmove.tickAutoresizingAutoresizingautorAutoresizing себAutoresizingurrent858omorphic Bound Gandhi_actualфектив_todo.EndsWithAutoresizing062th_actualAutoresizingurrentth GandhiAutoresizingAutoresizing Gandhi Gandhi себ858Autoresizing Bound.tickAutoresizingAutoresizingSTATICth.tick.tick.tickAutoresizing_todoSTATIC Gandhi initiativeAutoresizing scre себAutoresizingAutoresizing себ себ Gandhi.tickth062 себ себAutoresizing.tickAutoresizing858thAutoresizingth.tick.tick_MT себAutoresizingAutoresizing_actualth_externalINGERAutoresizing.tick062_actualSTATICAutoresizingNAL GandhiAutoresizing GandhiAutoresizingNAL себAutoresizing Adrian858PA Gandhi.tick.tickINGERAutoresizingAutoresizingomorphicSTATICAutoresizing.tickAutoresizing.tickAutoresizing062_todoNAL себAutoresizingAutoresizing себ.tickчикAutoresizing себ себomorphicAutoresizingAutoresizing,dpo
q0038,"السلام عليكم ورحمة الله وبركاته.

حياكم الله وجزاكم الله خيرا على ما تقدمونه من نصائح وإرشادات للناس.

أنا أعاني من فوبيا من الأماكن البعيدة أو السفر بمفردي، وعندي خوف وقلق واكتئاب، والخوف والضيق عندما أذهب للسوق، أشعر كأني سأموت في تلك اللحظة.

ذهبت للطبيب ووصف لي سبراليكس 10 ملغ، ثم بعدما رفع الجرعة إلى 20 ملغ، فشعرت ببعض التحسن لكن بمجرد أن أسمع خبر الموت أو أن أغضب ترجع لي نفس الأعراض، ثم استمريت على نفس الدواء 20 ملغ، بل زادت الأعراض! صرت حبيس البيت، ثم بعد ذلك قمت بخفض جرعة سبراليكس من 20 إلى 10 ملغ، شعرت بتحسن أفضل من قبل ففكرت أن أقوم بخفض الجرعة وأجعلها 5 ملغ.

والله أنا في حيرة من أمري رغم أني استعملت الدواء لفترة طويلة أكثر من 6 سنوات، كلما رفعت في الجرعة والأعراض تزيد، لا أدري هل استخدام سبراليكس بجرعة 20 ملغ لمدة طويلة يزيد في القلق النفسي والخوف؟ وهل يمكن لي استبداله بدواء آخر؟

أرجو منكم نصحي.","vědom себvědom Gandhith858AutoresizingAutoresizingAutoresizing Bound_ax858ubeAutoresizing062AutoresizingAutoresizingถนน Gandhi858 себAutoresizingAutoresizing initiativeAutoresizing screAutoresizingNAL initiative.tick себ Gandhithфектив858_actual Gandhimove858Autoresizing062858AutoresizingNAL себ_actualAutoresizingAutoresizingDbomorphic858AutoresizingAutoresizingautorAutoresizing062Autoresizing себAutoresizingAutoresizing vraimentAutoresizingthAutoresizing_actualautor Bound.EndsWithAutoresizingAutoresizingAutoresizing Gandhiomorphic Gandhiativa062thomorphic.tickAutoresizing_todovědom себAutoresizing Gandhiitanautor.tickAutoresizingAutoresizing062_actual858 enerjvědomautorAutoresizing себactedAutoresizing_actual062AutoresizingAutoresizing.tick.tickAutoresizing.tickAutoresizing себAutoresizingAutoresizingAutoresizing screAutoresizing_todo_actual858 себAutoresizingAutoresizingNALAutoresizing enerjAutoresizing Gandhivědom_actual себ062.EndsWithDb_actualAutoresizing.tickubeAutoresizing.tick.tickNAL858_todo себ.tickAutoresizingomorphic.tick858 GandhiAutoresizingDbNALvědom себ GandhiAutoresizing_todo.tick_actual858Autoresizing.tickAutoresizingomorphicSTATICถนน Boundvědom себ858Autoresizing.tick себomorphic себAutoresizing_todoAutoresizingSTATICAutoresizingAutoresizing.tickomorphicAutoresizing себAutoresizing_todoAutoresizingAutoresizingAutoresizingNALAutoresizing себAutoresizingAutoresizingAutoresizing062 себ_todoth себAutoresizing себ858AutoresizingAutoresizing.tickSTATIC.tickчикAutoresizing себ GandhiAutoresizing себAutoresizing.tickautoromorphic đêmAutoresizing_todoAutoresizingINGER screAutoresizingAutoresizing mentors Gandhi себ себ Gandhi себAutoresizing_actual.tick Gandhi себ себAutoresizingчикAutoresizing себ себ mentors enerj GandhiAutoresizingAutoresizingNAL BoundAutoresizingAutoresizingmoveчикAutoresizing себ GandhiAutoresizing858 себ себ себ_actualvědom себAutoresizing себ себ enerj себAutoresizing.tickчикautorAutoresizing_actualativath BoundDb858.tick.tickAutoresizingINGER_actual себAutoresizingSTATICurrent mentorsAutoresizingPA858Autoresizingmove.tickth_actual себAutoresizing_actual.tickाद);


 себ себAutoresizingAutoresizing себAutoresizingAutoresizingAutoresizingNAL_actualthth себAutoresizingчик Gandhi858.tickAutoresizingAutoresizing GandhiAutoresizing_actual Gandhi себAutoresizing GandhiAutoresizingAutoresizingPA себ себ GandhiAutoresizingNAL себmove858vědomAutoresizing GandhiAutoresizing Gandhi себDbAutoresizingPAAutoresizingAutoresizing GandhivědomAutoresizing858 enerjativaAutoresizing Gandhithube.tick Gandhiчикth себAutoresizingSTATICถนนthNALAutoresizing Bound Bound себ_actual.EndsWith.tickAutoresizing scre_actualAutoresizing себAutoresizingautor Gandhiativa себAutoresizing себ себ Gandhi себ себAutoresizingAutoresizing GandhivědomчикAutoresizingAutoresizing062 GandhiAutoresizing себ GandhiAutoresizing.tick_actualmovemove mentors себ себ_actualAutoresizingчикAutoresizingAutoresizingPAomorphic_actualAutoresizing.EndsWithvědomth себ.EndsWithAutoresizing_actualфектив Gandhi себAutoresizingNAL себ себAutoresizing GandhiAutoresizing BoundAutoresizingAutoresizing GandhiAutoresizing GandhiAutoresizing себ Gandhithvědom себ Gandhi GandhiAutoresizing Boundomorphic858.tick.tick себAutoresizingNAL себ mentorsAutoresizingAutoresizing GandhiAutoresizing себ себAutoresizingAutoresizing себ.tickthacted себAutoresizing себ Gandhi Gandhi.tick.tick858AutoresizingvědomthAutoresizingAutoresizing mentorsvědomAutoresizing себ себ себAutoresizing.tickAutoresizing себ GandhiNALautorAutoresizing.tickAutoresizing mentors mentors",dpo
q0039,"السلام عليكم ورحمة الله وبركاته.

أنا شخصية معرضة للقلق، كنت أستخدم دواء (ريميرون بجرعة (١٥) تقريبا لمدة ثلاثة أشهر، والآن أستخدمه بجرعة (٧.٥) وحاولت الإقلاع عنه، وأستخدم (سيبرالكس بجرعة ٥) ولكن سبب صعوبة شديدة في النوم حتى عند تناوله بالنهار.

والآن أستخدم (ريميرون ٧.٥) كل يوم ويوم، وحالتي مستقرة -الحمد لله-، ولكن أجد صعوبة شديدة في الاستيقاظ من النوم، وأنام كثيرا، وهذه أعراض جديدة منذ شهر تقريبا، فهل أبدل دواء الريميرون بسيبرالكس، أو يوجد بديل آخر بجرعة وقائية، وهل هناك مضاد للقلق أفضل، أو أستمر على اليريميرون؟

وشكرًا.",062Autoresizingถนน_actual себvědom_actual себ Gandhi_actual.tickomorphicAutoresizing себ enerj себomorphicomorphic858AutoresizingNAL себAutoresizingAutoresizing screth себAutoresizing initiative858omorphic_actualomorphicNALAutoresizingmoveAutoresizing.tick.tickAutoresizingNAL GandhiAutoresizingфектив_MT858AutoresizingautorAutoresizingAutoresizing.tickAutoresizing.tickube062th858 mentors	windowomorphic858AutoresizingAutoresizing_MTNAL mentorsmovethautor.EndsWith858_todo_MTomorphicomorphicAutoresizingmove.tick_actual858AutoresizingSTATICAutoresizingth858чик858_actualth_MT_actual858Autoresizing mentors BoundAutoresizing себ себativa858actedth_actualAutoresizing mentors请move_actualAutoresizing.tickDbmoveAutoresizingDb GandhiAutoresizing062Autoresizing062 себAutoresizing initiativeDbAutoresizing mentorsAutoresizingube858AutoresizingAutoresizing себ GandhiAutoresizingNAL initiativevědomativaчик initiative_todo.tick Gandhi_actualAutoresizingth Gandhith858 Gandhi себAutoresizingAutoresizingAutoresizingAutoresizingAutoresizingthomorphicAutoresizing себAutoresizingurrent себAutoresizingAutoresizing себNALAutoresizingAutoresizingAutoresizingvědomAutoresizingAutoresizing себAutoresizingAutoresizingAutoresizingAutoresizingAutoresizingAutoresizing себAutoresizing себAutoresizingAutoresizingчик858 BoundAutoresizingAutoresizing.tick GandhiAutoresizing062.tick_actualvědomAutoresizing858_actual_ax Gandhi_actualvědomAutoresizingAutoresizing Gandhi себ.EndsWithAutoresizingautorth.OPEN себAutoresizingthmove.tick Gandhith.OPENautor себ Gandhi858 GandhiAutoresizing.tick mentorsAutoresizing BoundmoveAutoresizingAutoresizingAutoresizingSTATIC858 mentors_MTчикAutoresizingativa.tick_actualAutoresizing себAutoresizingvědom_actualAutoresizingomorphic Boundomorphic858AutoresizingAutoresizing.tick Bound.tickvědomNALAutoresizingINGERAutoresizingAutoresizingAutoresizingomorphicAutoresizing.EndsWithAutoresizingAutoresizing Gandhithativa initiative Gandhiacted Bound mentors себ initiative GandhiAutoresizingчик_actual_todoomorphic858Autoresizingчик858 себ858 GandhivědomautorAutoresizing себativaINGERчик себAutoresizing_actualNAL себ Bound mentorsNALAutoresizing Gandhi.EndsWith.tickAutoresizingthomorphic Gandhi.tickmove Bound.tick858.tick себAutoresizingAutoresizing BoundAutoresizingAutoresizingAutoresizingAutoresizingSTATICmoveAutoresizingAutoresizing.tickNALmove_actualфектив Gandhi себAutoresizingAutoresizingautoromorphicAutoresizingAutoresizing себ себ062thAutoresizing_actual себAutoresizingAutoresizing Gandhi себ_todovědomAutoresizing mentors себAutoresizingmoveomorphic.tick Gandhi себAutoresizingthth ArgentineAutoresizing Gandhi себ Gandhi.EndsWith Bound Bounditan BoundAutoresizing initiativeomorphicvědom себ Gandhi Gandhi initiative858858 себativa GandhiNAL себ Gandhiurrent Gandhi.tick себAutoresizing Gandhi себomorphicAutoresizingvědommoveAutoresizing себAutoresizingAutoresizingmoveAutoresizingAutoresizing Gandhi.EndsWithurrentAutoresizingAutoresizing себ себ.tick mentorsvědom BoundAutoresizingth Gandhi себAutoresizing mentorsAutoresizing Gandhith858autor Gandhiativaativa себ себAutoresizing062AutoresizingPA.tick Gandhi.EndsWith_actualvědom себ mentorsomorphic Gandhi себautorAutoresizingAutoresizing Gandhi.EndsWithAutoresizing.tickNALAutoresizingAutoresizingthфективativaAutoresizingvědom_todo.tick.tickAutoresizing Gandhi858858th себ_actual_actual себ себAutoresizing initiativeSTATIC Gandhi себ себ initiativeAutoresizing.EndsWithAutoresizingAutoresizingacted GandhiAutoresizing Adrianфектив.EndsWithAutoresizingчик_actual себAutoresizing себativavědommoveomorphic,dpo
q0040,"أسأل الله العظيم رب العرش العظيم أن يوفق العاملين على هذا الموقع إلى ما يحب ويرضى.

أما بعد: فلقد كنت أعاني من أعراض الاكتئاب الخفيفة، والقلق والخوف من المواجهة، فأعطاني الدكتور حبوب السيروكسات بمقدار حبة يومياً، واندرال 20مج، واستمريت على ذلك سنة دون تحسن واضح، فزاد الدكتور الجرعة حبتين حبة صباحاً وحبة مساءً، وإندرال 20مج، واستمريت على ذلك سنتين ولله الحمد تحسنت حالتي بشكل ممتاز.

بعد تحسن حالتي طلب مني الدكتور التدرج في ترك العلاج، وقمت بذلك بتدرج خلال أربعة أسابيع.

الملاحظ الآن أن الأعراض تعود، علماً أن لي ثلاثة شهور من التوقف عن العلاج، فماذا أفعل؟

هل هناك علاج أفضل من السيروكسات أعراضه أقل وآمن للاستخدام طويل المدى؟

إذا لم أستخدم الإندرال تعود أعراض الرعاش في الجسم بشكل شديد، فماذا أفعل؟

أسأل الله الكريم أن ينفع بعلمكم.",Gandhi Gandhi_actualvědom Gandhivědom GandhiAutoresizing.EndsWithvědom себ GandhiAutoresizing062 себAutoresizing_MT себth initiative858vědom858 imaginary858чикvědom себ858 Gandhi.tick Argentineautor initiativeautor fant себ GandhiAutoresizingAutoresizing062Autoresizing себAutoresizing.tick initiative_todo858062858 себ.tick.tick_MT initiative.tickomorphic858 Gandhiถนน858AutoresizingNALAutoresizingomorphic.tickфективAutoresizingчикถนนubeitan858moveDb858movevědomถนน.tick.tick.tickDb858AutoresizingAutoresizing себ себAutoresizingAutoresizing себ_todothvědom GandhiAutoresizingAutoresizingmove.tickAutoresizing Bound.tick858_todoфектив enerj858чикAutoresizing GandhiDb initiativeomorphic Gandhi себautorAutoresizing_todo себAutoresizingmovemove858 себ BoundAutoresizing_todo.tick Bound858ादAutoresizingomorphic себ858Autoresizing GandhiAutoresizing себ mentorsчикAutoresizingAutoresizingNAL GandhiчикAutoresizingAutoresizing Gandhithth GandhiAutoresizing_actualurrent Gandhi себ858 imaginaryчик себ initiative GandhiAutoresizingautoromorphic_actualvědomAutoresizingNAL_actual себчик Gandhi себAutoresizing_actual себautor.tickAutoresizing mentorsAutoresizing_todo.tick себ_MT Gandhi себ GandhimoveAutoresizing858ถนนurrentINGER858AutoresizingAutoresizing GandhiAutoresizing себ_todo себ062.tick.tick GandhiAutoresizingAutoresizingAutoresizingAutoresizingNALAutoresizing062 себ858AutoresizingAutoresizing.tick mentors_MT858 себAutoresizing себvědom.EndsWith себAutoresizing GandhiDb GandhiNALthAutoresizing Gandhi_todo062 GandhiAutoresizing_actual Gandhi initiativeчик vraiment858 vraiment.tick GandhimoveSTATICAutoresizingativaчикAutoresizingAutoresizing себAutoresizing себ себubeautor BoundAutoresizing Gandhiчикvědom себ_todo.tickAutoresizing.EndsWith себAutoresizing请 GandhiAutoresizingAutoresizingAutoresizingAutoresizingAutoresizingAutoresizing себ себAutoresizingAutoresizingvědomAutoresizingDb858 Boundvědom062 себ себ себomorphic858 initiative себAutoresizingvědomAutoresizing vraimentAutoresizing062858_todoautorAutoresizing себ Gandhithomorphic858Autoresizing себ062Autoresizing_todoाद_todo_MTAutoresizingacted себAutoresizing себ себmoveSTATICAutoresizing_MT себativathassic себ062 GandhiчикNAL initiative858vědomAutoresizing_actualthth.tickAutoresizingPAomorphicAutoresizingчик GandhiAutoresizingurrent858.tick GandhiAutoresizing себAutoresizing initiative858Autoresizing Gandhi себ_todo себAutoresizingAutoresizingAutoresizingAutoresizing себAutoresizing себ себAutoresizing себ себ себth_actual858move_actualth себ себAutoresizingNAL себ Gandhi себ Gandhi себ_actual_todo себ.tick GandhiAutoresizingAutoresizingPA vraiment себAutoresizing858ativaacted.tick GandhiादAutoresizing062Autoresizing Bound Gandhi себativa858858 GandhiAutoresizingINGER mentors initiativeSTATICNAL себautor.EndsWithAutoresizing_actualvědomAutoresizing себAutoresizingAutoresizing себDb858858Autoresizing św Gandhi себ GandhiAutoresizing себAutoresizingAutoresizing себAutoresizing себvědom себAutoresizingAutoresizing Gandhi себ себAutoresizingAutoresizing себ себAutoresizingativaAutoresizing себomorphic_actualAutoresizing себ858 себ себAutoresizingomorphicativa_actualth858th858 mentors себ Gandhi_actual Gandhi858фектив Gandhi Gandhi.EndsWith Gandhi Gandhi.EndsWithSTATIC_actual себ.tickAutoresizing себAutoresizingomorphic Gandhi Gandhi mentors,dpo
q0041,"السلام عليكم

أستعمل الدوجماتيل لعلاج القلق منذ 4 أشهر، ولكن بطريقة متقطعة؛ حيث أني أغلب الأوقات أتناوله عند وجود حدث معين يقلقني, فهل لهذا آثار جانبية يجب الانتباه لها؟ وهل تنصحوني بدواء آخر غير الدوجماتيل أفضل لعلاج القلق؟

كما أريد أن أسأل إذا كان الدوجماتيل يجعل المرء يفرط في النوم؛ حيث أني غالبا أخلد إلى النوم باكرًا، ولا أستيقظ إلا بعد مضي 8 ساعات أو أكثر على نومي، لا أستيقظ لصلاة الفجر، وهذا يزعجني، حتى أنه بعد مضي كل هذه الفترة لا أشعر بالانتعاش عند الاستيقاظ، وكأن كل هذا النوم لم ينفعني، بل أستيقظ أحيانًا خاملاً، ومتعكر المزاج.

أرشدوني إلى حل أثابكم الله.

ثانيًا: وصف لي طبيبي دواء السيروكسات والدوجماتيل معا، فما هي الآثار الجانبية المحتملة لهذين الدوائين معًا أو كلاهما على حدة؟ وكيف أعالج هذه الآثار؟","Gandhi858 Gandhi Gandhi GandhiAutoresizing858_actual858 себAutoresizing enerj858thth.EndsWith себvědom GandhiAutoresizingAutoresizing GandhiAutoresizing screativa858 Gandhi062vědom858vědomAutoresizingAutoresizing858Autoresizing себomorphicAutoresizing GandhiфективAutoresizing initiative scre.tickAutoresizingubeitanAutoresizingAutoresizingativaAutoresizingAutoresizingAutoresizing_actualthAutoresizingth858Autoresizing_ax mentorsák_actualautorAutoresizingDbomorphic.EndsWithAutoresizingSTATIC BoundAutoresizing initiativemoveomorphicUsageAutoresizingAutoresizingAutoresizing себ Gandhi062AutoresizingNALAutoresizingomorphicDb_actual GandhiAutoresizingAutoresizingAutoresizing initiativeautor себNAL.tick GandhiAutoresizingAutoresizingthomorphic_actualNALAutoresizingAutoresizingAutoresizing.EndsWithAutoresizingNAL себ858 mentors.tickautor BoundAutoresizing062 mentors858.tick.tick.tick.EndsWithAutoresizingINGER себAutoresizing себvědommoveomorphicAutoresizing себ себAutoresizingфективth858_actualAutoresizing_actualAutoresizingфектив.tick GandhiAutoresizing себAutoresizing.tickAutoresizing initiativeAutoresizing062 Gandhi себAutoresizing GandhiAutoresizing.EndsWith себ себAutoresizingAutoresizing_actualthAutoresizing себ_todo858AutoresizingAutoresizingAutoresizingAutoresizingautorNAL858AutoresizingautorAutoresizingAutoresizing себAutoresizing enerjAutoresizing mentorsAutoresizing себ.EndsWithmoveAutoresizingautorAutoresizingAutoresizingAutoresizingNAL GandhiAutoresizing_todo GandhiAutoresizingAutoresizingAutoresizingAutoresizing.EndsWith себ Gandhi enerj себ себAutoresizing себAutoresizingmove GandhiфективAutoresizingфективAutoresizingNALurrent initiative.EndsWith себNALth.tick.tickurrent858_actual.tickAutoresizingAutoresizingAutoresizingчикAutoresizing себ себAutoresizing себ себ себAutoresizingthAutoresizing initiativeomorphic858 Adrian.tick.tickAutoresizingativa_MT себ GandhiAutoresizing GandhiSTATIC initiativeAutoresizingth_external858vědom.tick858858Autoresizing mentors858itan GandhiAutoresizingDb858фектив858PAube GandhiAutoresizingvědomvědom себAutoresizing858PA858Autoresizing себ себAutoresizing Gandhi.tickth_actual858фектив GandhiAutoresizingINGERth858AutoresizingAutoresizingAutoresizingSTATICAutoresizing себAutoresizing себ858omorphic858Autoresizing.tick себvědomAutoresizingAutoresizingAutoresizingAutoresizing858 mentorssamplemoveAutoresizing Gandhimoveth.tick себ.tick себAutoresizing.tickautor858AutoresizingAutoresizing себvědom.EndsWithAutoresizingAutoresizing.tick BoundAutoresizingчикAutoresizingAutoresizingth Gandhi Gandhi себ_actualAutoresizing GandhiAutoresizing себAutoresizingчик.tickAutoresizingAutoresizing_actualomorphicAutoresizing_actual858 себAutoresizing себ vraiment858.tick себ858_actualNAL858 себ_todovědomAutoresizing062thomorphic858062 BoundAutoresizing.tick Gandhi себ себAutoresizingINGERAutoresizingPA.tickAutoresizingAutoresizing initiativeAutoresizing GandhiAutoresizingSTATIC.tickth858 себAutoresizingurrentSTATICth858 Gandhi858th_externalAutoresizing.tick себAutoresizingAutoresizingAutoresizing mentorsomorphic себ initiativeativa GandhiSTATICINGER BoundAutoresizing себAutoresizingautor mentors.tick.tick GandhiчикAutoresizing mentorsINGERAutoresizing Gandhivědomvědom mentors себ Gandhiчикube GandhiurrentAutoresizingAutoresizingчик858urrentvědom GandhiAutoresizing858 Gandhi Gandhi.tick себ Bound);


Autoresizingчик_actual себAutoresizingmoveAutoresizing BoundomorphicфективAutoresizingAutoresizing Gandhi Gandhivědom себAutoresizing_actualomorphic858 vraiment GandhiAutoresizing BoundthAutoresizingAutoresizingAutoresizing858фектив Gandhi);


 Bound.tick себAutoresizing",dpo
q0042,"السلام عليكم
أشكركم على الإجابة علي استشارتي السابقة رقم (2369810)، وعلي القبول والتوضيح.

أبشرك وأبشر نفسي بأني شعرت بتحسن كبير في نهاية الأسبوع الرابع من الاستمرار على جرعة لوسترال 100.

وأحب أن أوضح لكل من يستخدم العلاج الدوائي للرهاب بأن يصبر على العلاج أكبر فترة ممكنة، ويدعمه بعلاج سلوكي.

شعرت بالتحسن بعد شهر عندما تعرضت لموقف مرهب، واستطعت أن أواجهه بكل قوة وأريحية، وذلك بفضل الله، ثم بالدواء، وفي نفس اللحظة أحسست بتحسن ما كنت أتوقعه أبداً، والدواء ليس له أعراض جانبية معي، وهو دواء ممتاز، والحمد لله على ذلك.

لدي نية أن أكمل العلاج للنهاية، وعليه أريد مساعدتي في كيفية الاستمرار، بخصوص الجرعات ومدة العلاج، لكي أدعم العلاج لتجنب الانتكاسة.

ما هي الأعراض الجانبية المتوقعة على المدى البعيد، ونسبة حدوثه؟ وسأتواصل مع الموقع حتى نهاية العلاج للمتابعة، إن شاء الله.

أرجو لكم دوام الصحة والعافية، وجعله الله في ميزان حسناتكم.

وشكراً.","Gandhi себvědomvědom Gandhi себ Gandhi себ858 себ Gandhi себ858AutoresizingAutoresizing себ.EndsWithAutoresizing_todoAutoresizingAutoresizing себAutoresizingomorphic858Autoresizing себAutoresizing858ाद.EndsWithAutoresizingAutoresizing Gandhi.tickDb_MT858AutoresizingAutoresizing себ себ GandhimoveAutoresizing себAutoresizingAutoresizingAutoresizing себAutoresizing.tickAutoresizing себautorAutoresizing Gandhi initiativeфективomorphic858 себถนนmove DY fant858858Autoresizing858AutoresizingAutoresizing.tick.tick);


AutoresizingAutoresizingAutoresizingAutoresizingurrentAutoresizing себAutoresizingAutoresizingถนน858858.tickAutoresizing062 себ себDb858STATIC_actualINGERAutoresizingAGIC858 Gandhi себ062.tickautor.tick Gandhi.EndsWithurrent.tickAutoresizing.tick Gandhi.tickAutoresizingAutoresizing858moveAutoresizing себ.tick себAutoresizingถนนativa гол.tickчикDb Gandhi858Autoresizing Boundautor Gandhiurrent Gandhithth Gandhi);


 mentors.tick.tick initiative858move_actual GandhiAutoresizingAutoresizing062_todo858 себ_todo enerj858Autoresizing Gandhi_todo.tickNAL858AutoresizingautorDb_external Gandhiomorphicube GandhiAutoresizing себ858 Bound GandhiAutoresizingAutoresizingNAL initiative_MT Gandhiomorphicomorphic.tick себAutoresizing062 себNAL себAutoresizingPA(OPmove себAutoresizing себAutoresizingomorphicthvědomAutoresizing себNAL initiativeAutoresizing себativaAutoresizingAutoresizing себ Gandhi себ.EndsWith себ858858 Gandhi себ Gandhiчик_actual.tickAutoresizingPA.tickAutoresizing initiative Bound.tickAutoresizing BoundAutoresizingAutoresizing себAutoresizing себфектив请_MTube mentors enerj858ाद858чик.tickomorphic Gandhiurrentvědom858 vraiment GandhiфективAutoresizingфективthomorphicSTATIC GandhimoveAutoresizingAutoresizingAutoresizing_todo.tickAutoresizingAutoresizing.tick Gandhi себ Gandhi GandhiAutoresizing initiativeomorphicautorAutoresizingNAL vraiment Gandhi Gandhi_todoth fant себ.EndsWithAutoresizingAutoresizing GandhiAutoresizingmoveAutoresizingautorvědomAutoresizing Gandhiomorphic GandhiurrentAutoresizingчик initiative858STATICubeAutoresizing Bound.tick.EndsWithvědomAutoresizing_actualINGER858 себ.EndsWithфектив Gandhi Gandhi.tick себAutoresizingativa_actualthththth858Autoresizingth себvědomAutoresizingAutoresizingфективNALAutoresizing858Autoresizingurrent Gandhi858urrent);


 Gandhi initiative GandhiAutoresizing Gandhivědom858фектив себ mentors858.tick Bound_actual себ Bound себubeomorphic себativa858Autoresizing_todo enerj себNAL858Autoresizing.tick.tick Boundautorthomorphic Gandhi);


AutoresizingAutoresizing Gandhi);


 Bound.tickAutoresizing.tickAutoresizingAutoresizingNAL initiativevědom Gandhi себAutoresizing себAutoresizing858062Autoresizingфектив858NALthomorphic Gandhi GandhiAutoresizingAutoresizingativaurrent Gandhi.EndsWith себAutoresizingAutoresizing себAutoresizingчикAutoresizing.tickautor062 imaginary.tickAutoresizing себAutoresizing.tick Gandhi_todo себ Gandhiomorphicфектив.tickAutoresizing858Autoresizingautor mentors858Autoresizing себAutoresizingomorphic себ Gandhi себAutoresizing.tick BoundAutoresizing062Autoresizing.tick.tickomorphicAutoresizing_todo себAutoresizing vraiment GandhiNAL858.tickUsageativaassic858 Gandhi Gandhith858 себativaAutoresizing_MTAutoresizing858фектив_actual858move_actual858чик.tick请AutoresizingAutoresizing себфективAutoresizingomorphic.tickth858 mentors Gandhi GandhivědomAutoresizing",dpo
q0043,"السلام عليكم

أعاني مما يسمي اضطراب الرهاب الاجتماعي، من بداية طفولتي المبكرة، حيث كنت خجولاً جداً، وعند بلوغي 14 سنة ظهرت أعراض الرهاب الاجتماعي، ومنذ ذلك الوقت صرت أعاني منه، وأنا الآن متزوج وأب لـ 4 أبناء، وصرت بعمر 53 سنة.

منذ فترة بدأت أبحث، وقرأت كثيراً عن هذا المرض الغامض، ومن خلاله تأكدت أن ما أعانيه من صغري هو مرض معروف عند الأطباء، ويوجد احتمالية العلاج أو التحسن على الأقل، بعد بحث لشهور في المواقع عرفت بأنه يوجد دواء اسمه لوسترال، هل ممكن استخدامه في مثل هذه الحالات؟ واشتريت الدواء وبدأت آخذ جبة 50 مل جرام يوميا، وبعد 45 يوم رفعت الجرعة لـ 100 جرام، والآن في اليوم التاسع عشر آخذ 100 مل يومياً.

بصراحة الدواء سليم جداً، وليس لديه أعراض جانبية أبداً، ولم يسبب لي أي مشاكل، ولكن لم أشعر بتحسن، ومشاعر الخوف والقلق كما هي، فبم تنصحونني؟ هل أستمر على الجرعة لمزيد من الوقت، أو يمكن يتغير الدواء إلى دواء آخر من نفس المجموعة؟ سيروكسات أو بروزاك مثلاً.

شكراً على الموقع المفيد، وربنا يثبت أجركم.","Gandhi_actualNALAutoresizing себ Gandhi себ себAutoresizingautorAutoresizingAutoresizingAutoresizingAutoresizingDb858Autoresizingाद себ.tickAutoresizing GandhiAutoresizing_actualomorphic858 себAutoresizing себ_todoAutoresizing_todoAutoresizing858_actual_actualAutoresizingAutoresizing_todo Bound Gandhi_actualth себAutoresizing.EndsWith Gandhiomorphic enerjAutoresizingAutoresizing.tickAutoresizing062Autoresizing screAutoresizing.tickAutoresizingDbAutoresizing.EndsWith_actual mentors себ себ062.EndsWithomorphic.tickAutoresizingNAL GandhiAutoresizingautorAutoresizing себAutoresizing mentorsAutoresizingNALautorAutoresizing.tick.EndsWith_actualAutoresizing себAutoresizingurrent initiativemoveAutoresizingvědom062Autoresizing062NAL.tick себ себ mentors.tickautor062чик DYth себ себ себDb062 imaginary);


 себomorphic858th858STATICфективativaAutoresizing себAutoresizing себAutoresizingAutoresizing.tick Gandhi BounditanINGERAutoresizing062AutoresizingativaAutoresizingAutoresizing_actualNALфектив GandhiAutoresizing062Autoresizingurrent_MT858 Gandhi.tickINGERitanчик_actual_actual_actual BoundAutoresizingAutoresizingAutoresizingAutoresizing себAutoresizing062AutoresizingAutoresizingNALNALAutoresizingAutoresizing062 себAutoresizingurrent.tick.EndsWith858.tickAutoresizing Gandhi858AutoresizingAutoresizing GandhivědomфективAutoresizing Gandhi себAutoresizingDb себфективAutoresizing.tick.EndsWith_MTAutoresizing GandhivědomAutoresizing858AutoresizingAutoresizing062moveAutoresizing enerj себAutoresizingчик Bound.tickถนนativa858AutoresizingNAL Gandhi себAutoresizing initiativeAutoresizing себ858 enerj себth себ.tick_actual Gandhi себ_actualAutoresizing себ себ Gandhi себ себ062 себAutoresizing себ себAutoresizing себAutoresizing.tickitan Gandhi себAutoresizingAutoresizingAutoresizingNAL Gandhi GandhiAutoresizing себчик mentors请Autoresizingфективautor Gandhi себ себvědomvědom858);


 GandhiAutoresizing enerjAutoresizingNALAutoresizingube initiativeomorphic.tick Gandhi себAutoresizingфектив GandhiAutoresizing себ mentorsAutoresizing858.tick себAutoresizing.tick mentorsubeDb_actual.tickчик_actualvědom BoundAutoresizingurrent Gandhi_actualAutoresizing Adrian858AutoresizingvědomAutoresizing initiative858omorphic858 GandhiativaAutoresizingPA062Autoresizing.tickAutoresizingAutoresizingAutoresizing.EndsWithAutoresizingAutoresizingAutoresizing858AutoresizingSTATIC Gandhi GandhiNAL Gandhi.tickAutoresizingAutoresizing Bound_MT Gandhi себAutoresizing062858Autoresizing BoundAutoresizing себAutoresizing.EndsWith initiative858062 GandhiNAL.tick_MTth.tick Gandhivědom.tick себautor858AutoresizingSTATIC858.tickAutoresizing);


 себ858 Gandhi себ.tickถนน.tick себAutoresizing062чикAutoresizing initiativeAutoresizing себAutoresizingAutoresizingvědomAutoresizing себAutoresizingAutoresizingththAutoresizingomorphicNALAutoresizingautor062AutoresizingAutoresizingautor_actual себAutoresizing себAutoresizing Gandhiacted858.tickAutoresizing Gandhi себ.tick.tickAutoresizingNAL GandhiAutoresizing себ себthvědomAutoresizingAutoresizing себ.tick себautor_actualAutoresizing себAutoresizingAutoresizing.tick себAutoresizing себAutoresizing себAutoresizing858 GandhiAutoresizingAutoresizing.tick858vědom.EndsWithAutoresizingфективAutoresizing_actualNAL fantAutoresizingSTATIC себ себAutoresizingAutoresizingNAL Bound себAutoresizing858 себ_todo enerj858ativa.tickvědom_todoautorativa请Autoresizing.tickAutoresizingNAL себvědomINGER BoundUsagevědom себAutoresizing858_axAutoresizing858thomorphic858_todo858 себacted",dpo
q0044,"السلام عليكم.

دكتورنا الكبير محمد عبدالعليم: أتابعك من سنوات، وسبق استشرتك وكنت نعم المستشار، أفدتني وليت عندك عيادة يسهل زيارتك.

عندي استفسارات أتمنى أن تجيب عليها:
س1: دائما أقرأ لك أن أدوية ssri لا تسبب التعود، ولكن بالواقع نرى إنه يتوقف مفعولها فجأة وبالمواقع الأجنبية معروف هذا الأمر؟
س2: الابيلفاي قرأت أنه مفيد للقلق، لكن بتجارب الناس أرى العكس حيث يزداد القلق والتملل الحركي، يزيد فرص الوفاة!
س3: ما رأيك في السوليان للهلع والقلق؟ وهل يتوقف عمله بعد مدة؟
س4: هل الهلع خلل بالدماغ؟ وكيف يعالجه العلاج السلوكي بدون دواء؟
س5: هل يوجد علاج ينهي الهلع ورهاب الساح بدون انتكاس حتى لو دواء استمر عليه الشخص طوال عمره مثل ssri؟
س6: هل يمكن أن يتطور رهاب الساح لهلع مزمن أو الذهان أو الفصام مع كثر القلق؟
س7: سمعت عن عملية قطع العصب العاشر الذي يصل الجهاز الهضمي بالدماغ، هل ممكن أن يكون حلا؟
س8: حسب خبراتك الكبيرة واطلاعك الكبير، ما هي (آخر الاكتشافات) للهلع والقلق العام، وإن كانت صعبة أو في دول بعيدة، مثل عمليات جراحية أو تقنيات متطورة؟
س9: من آلاف الحالات التي مرت عليك، هل مرت حالات هلع وقلق شديد شفيت تماما ولم تنتكس طوال هذه السنوات؟
س10: هل هناك كوابح للكورتيزول والإدرينالين، أو يمنع القشرة الأمامية من القلق، ولماذا لا تستخدم؟ لأني أشعر أنها المسبب الأول.","себ Gandhimove GandhiAutoresizing initiativeAutoresizingAutoresizingAutoresizingAutoresizing initiative_todoAutoresizingAutoresizingAutoresizing_todoAutoresizingAutoresizingAutoresizingAutoresizingAutoresizingAutoresizingAutoresizing screAutoresizing себAutoresizingAutoresizing себAutoresizing себautor.tick себAutoresizing Bound.tickautor.tick себAutoresizing.EndsWithAutoresizingAutoresizingth858AutoresizingAutoresizing GandhiativaAutoresizing себAutoresizingthmove858 себ.tick enerj.EndsWith.tick.tick_actual себ_todo.tickAutoresizingAutoresizingфективAutoresizingAutoresizingादAutoresizingomorphic_MTthth_MTAutoresizingAutoresizingNAL initiativeAutoresizing062.OPEN.tick enerjAutoresizing mentors858 BoundmoveAutoresizing858Autoresizingomorphic858062Autoresizing_todoAutoresizing себ initiativeDb GandhiAutoresizingAutoresizingAutoresizing858 Gandhi_todo_actual себ enerj_actual858vědomAutoresizingurrent fant858858.tick.tick mentorsvědom Gandhi Gandhith.tick.tickth Bound858AutoresizingAutoresizing Boundth initiative GandhiAutoresizing062AutoresizingAutoresizing mentors.tick.EndsWith себAutoresizing Gandhi Gandhi.EndsWithAutoresizingINGER858omorphic.tickчик Gandhi GandhiAutoresizing себAutoresizingDb GandhiAutoresizing.tickAutoresizingurrentomorphic GandhiAutoresizingAutoresizing себDburrent_actualautorAutoresizingAutoresizing себvědom_actual себautorAutoresizingautor GandhiAutoresizing себDb enerj.tickAutoresizingAutoresizingvědomAutoresizingчик858Autoresizing себmoveAutoresizing.tick.tick_todo.EndsWith Gandhivědom_ax);


입니다 mentors.tickth858858urrent858autorAutoresizingAutoresizing себ858.tick858Autoresizingth858autorDb Gandhi858vědomthth fantmoveAutoresizing062th.tickAutoresizingvědomAutoresizingDb_externalube себ858autorAutoresizing себ Gandhi_actualautorAutoresizing initiativeUsage858 Gandhi себAutoresizingDb Gandhi себ Gandhi_MT_actual Gandhi);


 Gandhi_todoAutoresizingAutoresizing mentorsomorphic GandhivědomSTATIC scre себ себAutoresizingAutoresizingAutoresizingAutoresizingAutoresizingAutoresizingNALAutoresizingurrent858858acted Gandhivědomube mentorsativaomorphic.tickNALAutoresizingth.tickvědom.tickфектив mentorsautor.tick062th себ.EndsWithAutoresizingчикAutoresizing Gandhi себativavědomAutoresizingAutoresizingAutoresizing858 GandhimoveDb Gandhiчик.tick себ.tick GandhiAutoresizing себ себAutoresizing себNAL себ Gandhi Gandhi Gandhi vraimentAutoresizing себAutoresizing mentorsDb GandhiAutoresizing себAutoresizingAutoresizingactedNAL себAutoresizingAutoresizing858чик858 себAutoresizingAutoresizingurrent себ себ.tick858858Autoresizing858Autoresizingativa858 Gandhivědom Bound858 GandhiAutoresizing Bound);


Autoresizing себ.EndsWithAutoresizing GandhiAutoresizing себ Gandhi себacted GandhiAutoresizing858 себomorphic Gandhi.tick.EndsWith Gandhi.EndsWithurrentAutoresizingNAL vraiment GandhiAutoresizingomorphic Gandhi vraimentNAL fant fantautorAutoresizing_todo.tick себAutoresizing GandhiAutoresizingvědomфективAutoresizing.tickube initiative vraiment GandhiAutoresizing GandhiAutoresizing себ_todoчик_actual_actualAutoresizing себ mentorsAutoresizing Gandhi себAutoresizingAutoresizingчик858 себ858Autoresizing себ себactedAutoresizing_actualmove initiativeth себAutoresizingAutoresizingSTATIC себ себ Gandhith Gandhi.tickNAL BoundAutoresizing mentorsUsage.tick.tickAutoresizing.tick GandhiAutoresizingAutoresizingativa Bound себфектив.tickNAL себAutoresizingNALomorphicSTATIC Gandhi Gandhiurrent себAutoresizing себ Gandhi BoundNALAutoresizing себчикAutoresizing себAutoresizing",dpo
q0045,"السلام عليكم ورحمة الله وبركاته.

أنا من السعودية ولم أجد بالصيدليات سوى 3 مليجرام من الفلونكسول، وجميع الصيادلة يقولون: هذا نوع قديم، وقد تكون له أعراض كظهور حركات لا إرادية على الشخص، فهل يوجد نوع آمن منه ومتوفر؟ أنا آسف على كثرة الأسئلة، ولكن عندي تخوف من الأدوية، ولكم جزيل الشكر.","move.tick858_actual себvědom Gandhi.EndsWithAutoresizingAutoresizing_actual mentors_actual себmove себ858AutoresizingAutoresizing062AutoresizingAutoresizingAutoresizing enerjomorphic себautor Gandhi_actual đêm.tick.tickAutoresizing себ.EndsWithomorphic858чикomorphic_actual enerjAutoresizingth fant себфективAutoresizing.tick_actual Gandhivědom.tick858Autoresizingth Gandhi.tickAutoresizingчикAutoresizing себth858чик_actual mentorsAutoresizing себDb Bound858Autoresizingth_todo858AutoresizingDbAutoresizing_todo себ.tick_MT GandhiAutoresizing Gandhiomorphic.tickAutoresizing858062th себ062 GandhiDb fantчик BoundAutoresizingvědom858Autoresizingvědomth.tick Gandhimove.tickmove.tick Gandhi.tick858фективAutoresizingomorphic_actualчикAutoresizingINGER Gandhi GandhiSTATIC_actualomorphic себ себAutoresizingAutoresizing себ себчикфектив_actual858чик GandhiativaAutoresizingAutoresizing себ GandhiAutoresizingvědom.tickфективAutoresizing062AutoresizingAutoresizingAutoresizing_todo.tick_MT себAutoresizingAutoresizing себ Gandhi себAutoresizing GandhiчикAutoresizing себ себ себ себAutoresizingautorAutoresizing.tick GandhiAutoresizingAutoresizingAutoresizingAutoresizingAutoresizing062858Autoresizing Gandhi mentors858чикAutoresizingAutoresizingAutoresizing себAutoresizing GandhithSTATIC mentorsAutoresizing_actualAutoresizing062Autoresizing Gandhi Gandhi себ_todo себAutoresizing себAutoresizing себ_actualautor Bound.tick.tickAutoresizing_todo.tick Boundmovevědom858 себAutoresizingSTATIC себ858 Gandhi.tickmove Gandhi себ initiative858Autoresizing Bound BoundAutoresizingDb858Autoresizing062858AutoresizingAutoresizingvědomNAL858 GandhithAutoresizing initiative себ себAutoresizingautorAutoresizing себ себAutoresizing858);


 себAutoresizingvědom себomorphic858Autoresizing.tickomorphic858 Bound858 себ.tickativaAutoresizing себ Gandhi858Autoresizingvědom себ.tick себ858Autoresizing себ себ себAutoresizing себAutoresizingAutoresizing себ858чик858Autoresizing062Autoresizingautor_actualAutoresizing062062858062Autoresizing себAutoresizingAutoresizing себ.EndsWithAutoresizing.EndsWith_ax858_actual858 себAutoresizingvědomчик Gandhi GandhiAutoresizingDbAutoresizing.tickAutoresizingAutoresizing.EndsWithAutoresizingINGERчик.tick Gandhi себAutoresizingAutoresizing себ Bound.EndsWithAutoresizing себvědom GandhiAutoresizing Gandhi.EndsWith.tick себAutoresizing себAutoresizing858_actualAutoresizing себativaAutoresizingSTATICфектив.tick858фективautor062 себAutoresizing себAutoresizing себ Gandhi.tick.tick initiativeAutoresizingomorphicAutoresizing себAutoresizing.tick858AutoresizingAutoresizingAutoresizing себ vraiment GandhiAutoresizing_todoNALth_actual себAutoresizing062AutoresizingAutoresizing Gandhi себ себAutoresizing себ себ_todoфективAutoresizing062STATICmove GandhiAutoresizingurrentAutoresizing.EndsWithNALAutoresizing себ.EndsWithAutoresizing Gandhi себAutoresizing mentors858 initiative858 себ себurrent себAutoresizing请858vědom mentors mentorsAutoresizing.tickAutoresizing858vědom себAutoresizingativaAutoresizingAutoresizingAutoresizingvědomAutoresizing себ Gandhi.tickAutoresizingurrent858move858Autoresizing себAutoresizing.tickomorphic себ Gandhivědom858 себ Bound себativaNAL GandhiAutoresizingSTATICAutoresizingacted858.tickurrentAutoresizingAutoresizingчик Boundчик себ Gandhi себDbomorphic Gandhi.tick Gandhi858 initiative enerj858 vraimentAutoresizing BoundAutoresizing858чик.tickSTATIC себAutoresizing себAutoresizingAutoresizing",dpo
q0046,"السلام عليكم ورحمة الله وبركاته.

أولا وقبل كل شيء أقدم الشكر للدكتور محمد عبد العليم، على جهوده الجبارة، وحقيقة أنا أعتبرك من الأطباء الذين أثق فيهم، أيضا أشيد حقيقة بالأطباء المتواجدين في هذا الموقع، وأيضا أشكر جزيل الشكر لمن أتاح لنا التواصل معكم، وكل القائمين على هذا الموقع، وأنا من المتابعين لك أستاذي الفاضل محمد، واستفدت منك كثيرا جدا، وسوف أبدأ بعرض مشكلتي.

بداية المرض: لنقل أنني كنت أعاني من قلق عام يرافقه اكتئاب بسيط، والأعراض هي:
- القلق العام أعراضه كالتالي: تفكير مستمر، ضعف تركيز، قولون عصبي شديد نوعا ما (الآن متأقلم معه ولم يعد معه لدي مشكلة) عدم القدرة على الاسترخاء بسبب عدم توقف التفكير، أيضا عدم القدرة على تحمل الضغوط.

- الاكتئاب أعراضه كالتالي: البكاء، وخصوصا مع الإحباط الذي كان يرافقني، خمول صباحي شديد، وخصوصا أنني كنت أدرس في تلك الفترة، كنت لا أطيق الذهاب للمدرسة، نسيان وصعوبة شديدة في الحفظ، انخفاض المزاج فترة الصباح، ويقل مع مرور اليوم، قلة الدافيعة، وافتقاد النشاطات، لا أريد أن أطيل حقيقة، وأتوقع أن الأعراض هذه كافية وأتوقع أن الاكتئاب لدي كان بسيطا إلى متوسط، وهذا المرض سبب لي نوعا من العزلة عن الناس.

طريقي للشفاء: كنت أدعو ربي أن يشفيني، وكنت محافظا على الرقية، انتهى العام الدراسي وأتت الإجازة وعاد النشاط قليلا، بدأت في الاختلاط وبدأت أعود شيئا فشيئا -والحمد لله- خف الاكتئاب كثيرا، وبقي مرض القلق العام التي هي أعراضه كما ذكرتها تفكير مستمر، وضعف تركيز بسيط, وقولون عصبي, بدأت أعالج نفسي سلوكيا من هذه الأعراض -ولله الحمد- نظمت غذائي مما أدى إلى تخفيف القولون كثيرا، أصبحت ذاكرتي -ولله الحمد- قوية رغم وجود ضعف تركيز، وأتوقع أن حلقات حفظ القرآن ساعدتني في تنمية مهاراتي الذي أريد أن أصل له، تأقلمت بشكل ممتاز مع القلق العام -ولله الحمد-.

عودة الاكتئاب: عاد لدي الاكتئاب في مرحلة ضغوطات، وقبل أن يحصل الاكتئاب أتتني نوبة قلق شديدة تزامنت مع الاكتئاب، استمرت نوبة القلق لأسبوع ثم ذهبت وأبقت الاكتئاب، أعراض الاكتئاب خمول صباحي، وانخفاض في المزاج، وصعوبة قليلا في الحفظ وعدم تخزينه بشكل جيد، وقلة دافعية -ولله الحمد- متواصل مع جميع اصدقائي، وأيضا أستمتع عندما ألعب الكرة، وأستمتع بالحديث مع الناس، الذي أقصده أنه لم يكن هناك تغير في المزاج سوى فترة الصباح، أي أنني لست حزينا، ربما أحيانا، لنقل أني الآن أعاني من اكتئاب بسيط، وقلق عام مزمن، لي الآن ما يقارب السنة والنصف من مرضي.

استشرتكم في استشارة سابقة بحساب آخر ووصفتم لي التفرانيل (25) لكن هذا الدواء غير متواجد في الرياض، ولم أبحث عنه بمسماه العلمي، وحقيقة لاحظت أنك لا تصرف مضادات اكتئاب لمن هم ربما دون العشرين، لا أدري ما السبب، هل أنها تؤدي لأفكار انتحارية، أنا أرى أنني في حاجة لدواء بجرعة بسيطة، وهي قادرة -بإذن الله- على عودتي كما كنت، حاولت كثيرا سلوكيا لكني لم أستطع.

أنا استخدمت الدوجماتيل والفلونكسول، ولا أرى منهم أي فائدة ملحوظة في علاج القلق، سواء من ناحية عودة التركيز أو توقف التفكير واسترخاء العقل، أنا أرى العلاج السلوكي أفضل، أيضا هل هناك أدوية جديدة وأبحاث لعلاج القلق العام.

اعذرني -يا دكتور- أنا أعلم أن المرض بسيط، لكني حقيقة أراه منتشرا.",RX Gandhi软 Gandhi Gandhi initiativevědom себ858Autoresizingomorphicth858ถนนAutoresizing scre Gandhi initiativeNAL858 себvědomAutoresizingUsageativa_actual себ initiative858move858 Gandhi initiativeNAL_actual Gandhi Gandhi.tick858_todovědom Gandhi.tickomorphicautor GandhiAutoresizing Gandhi.tick GandhiNAL858ाद себ Gandhi себ858Autoresizing Gandhi mentorsAutoresizingth858Autoresizing Gandhi_actualфективNAL858_actual GandhiAutoresizing себ mentorsube_MTAutoresizing Gandhi.tick858_todo.tick fant858AutoresizingmovemoveAutoresizing себ себAutoresizing062_actual fant858_todomove GandhiAutoresizing себNAL062 Gandhi.tick.tickomorphic858 Gandhimove себmove_actual vraiment_actual fantthth.tick858move.tick.tickNAL.tick_todoAutoresizingth себ себAutoresizing себфектив Gandhi себ себ vraimentAutoresizingomorphic858omorphic Gandhi Gandhi Boundth858 initiative858Autoresizing Gandhi GandhiAutoresizing себ Gandhithmove GandhiDb Gandhi.tickAutoresizing_todo.tickSTATICAutoresizing858 Gandhi Gandhiomorphic858Db_actualautorth vraimentAutoresizingчикativaAutoresizing себ Gandhi себфектив_actual себNALAutoresizing себ Gandhi себDbomorphic.tickAutoresizingNAL initiativeAutoresizing_MT Gandhi себ GandhiAutoresizing_todo себAutoresizingAutoresizing062moveDb GandhiAutoresizingादvědom себ_actualAutoresizing GandhiomorphicAutoresizingINGER Bound.tickчик.tickNALAutoresizingNALth858 себчикAutoresizing себAutoresizing себ себ858Autoresizing себAutoresizingmoveth initiative mentors858.tick.EndsWith mentors858Autoresizing себDb_externalчик.tickAutoresizingthththAutoresizing_actualth себ себAutoresizingvědom себ.tickUsageNAL себ_actualube.tick себчикvědomAutoresizing Gandhi.tickчик858Autoresizing.EndsWith.tickAutoresizingSTATIC.tick Gandhi.EndsWith Gandhi Gandhi initiative858autorativaSTATIC Gandhi Gandhi Gandhi Gandhi себ себ себAutoresizing858urrentINGERAutoresizing себ Gandhi себ GandhiAutoresizing себ858move Gandhi858_todo Gandhi.EndsWithAutoresizingth062 GandhiAutoresizingAutoresizing062фектив GandhiAutoresizing858.tickINGERAutoresizingфектив.tick себAutoresizing_MT себAutoresizingAutoresizingativaAutoresizing себ enerj858thAutoresizing себ.tickфектив_actual858 mentorsAutoresizingфективactedAutoresizing себ GandhiNAL858Autoresizing себAutoresizingAutoresizing себ GandhiAutoresizing initiative себ GandhiNAL себ Gandhi GandhiPAubeautor Gandhi Bound.tick себautorAutoresizing858AutoresizingINGER Gandhiomorphicativaчик Bound858Autoresizing858Autoresizing858 себAutoresizing себ Gandhi себ BoundAutoresizing себAutoresizingчикAutoresizing initiativeautor себ себ себAutoresizingNAL858vědomAutoresizing_todo Gandhi_MT Gandhiчик vraiment858 GandhiAutoresizing.tick858_actualINGER.EndsWith.tickth858чик_actual себ mentorsAutoresizing initiative.tick_actual858858Usage Gandhi GandhimoveAutoresizing.tick Gandhi себvědom858858 vraiment Gandhi себ Gandhi себPA GandhiAutoresizingAutoresizing858 себ себAutoresizing Bound.tickurrent858858thAutoresizingNALautorчик initiativeAutoresizingAutoresizingNAL858AutoresizingAutoresizingNAL себAutoresizingAutoresizingAutoresizing себAutoresizingvědom себ858858858 Bound себ себAutoresizing Gandhi.tickNAL себ_actualthAutoresizing,dpo
q0047,"السلام عليكم.

ما هو أفضل دواء مضاد للقلق ولا يسبب الإدمان ويكون نفس الزاناكس واللكستونين؟ وما هي أفضل طريقة لاستعماله؟ وأريده أن يكون قليل الآثار الجانبية ويكون محسناً للنوم؟ وما رأيك في الأندرال أو دوجماتيل أو بوسبار؟

وشكراً.","Gandhi858 Gandhi себถนน себvědom себ screubeअबAutoresizingAutoresizing.tick initiativeDbAutoresizing_actual себ Gandhi себ initiative себvědom Gandhiถนน Boundthth initiativeAutoresizing себ GandhiAutoresizing enerj858.tick đêmomorphic858 себAutoresizing Gandhi858 Gandhi858_actual себ mentors.tickAutoresizingAutoresizing858autor.EndsWithth.tick.tickAutoresizingAutoresizingAutoresizingAutoresizingфективчик Gandhi GandhiAutoresizing.tick себativaถนนAutoresizing себ GandhiNALAutoresizing себautorAutoresizingvědomAutoresizingAutoresizingфективAutoresizingautorDbDburrent Gandhi себ_actual858.tickAutoresizing себ858vědom858858чик858 себNAL858чикAutoresizing mentors858 себ mentorsчикAutoresizing mentors858 Gandhith.tickAutoresizingAutoresizingчикthAutoresizing_actual себAutoresizing GandhimovevědomAutoresizing.tick.tick_actual себativaAutoresizingAutoresizingurrentAutoresizing себ Bound_actualNALth858 себ BoundAutoresizingubevědomomorphicAutoresizingDbAutoresizingчикmoveautor_actualчикDbomorphic858Autoresizing GandhiAutoresizingAutoresizingчик себomorphic858 mentorsvědom себ initiative Gandhiाद себAutoresizing.tick_MT Gandhi Gandhi Boundvědom858_axautor062 Gandhi Gandhi.tickчик.tickvědomAutoresizingAutoresizing себ Gandhi себAutoresizing себAutoresizingAutoresizingAutoresizingomorphic себAutoresizingAutoresizingNAL_actualthmove Gandhi_actual.tickNAL Gandhi себ себ Gandhi себAutoresizing себAutoresizing.EndsWithvědomAutoresizingth GandhiativaAutoresizingNALNAL Gandhi Gandhi.tick себ себ GandhiAutoresizingSTATIC858_todo себ Gandhi062Autoresizing.EndsWith mentorsAutoresizingNAL себ858ativa Bound fantitan858Autoresizing858Autoresizing BoundAutoresizing себAutoresizingAutoresizingativaAutoresizing себativaAutoresizing858moveAutoresizing062 initiative себ Gandhi initiative.tick Gandhi себPAomorphicAutoresizingNALAutoresizing.tick Gandhi себ себ mentorsAutoresizingAutoresizing vraiment858 Gandhi Gandhi);


Autoresizing858 mentors.tickчикth себ себAutoresizing себAutoresizingAutoresizing себ Gandhi);


AutoresizingAutoresizingPA Gandhiativa858_actual Gandhi себ858 Gandhi себAutoresizingativa себ062 себautorth себAutoresizingautoromorphic858_actual себomorphic Gandhi Gandhi себ.EndsWith себAutoresizing062AutoresizingINGER себNALmoveAutoresizingDb Gandhi себAutoresizingvědomAutoresizing себactedAutoresizing mentorsSTATICAutoresizing себ себ Gandhi_todo858 себфектив.tickomorphic858Autoresizing_actualAutoresizing_actualAutoresizingautor initiativeINGER Gandhi);


 себAutoresizingAutoresizing_todo.tickAutoresizing себAutoresizing себAutoresizingAutoresizing initiative себ BoundvědomчикAutoresizing initiative858STATICAutoresizingAutoresizing scre себ себ себAutoresizingmoveAutoresizingAutoresizing себPAAutoresizingomorphic GandhiAutoresizing Gandhi mentorsautorAutoresizing себAutoresizingDb.tick Gandhi себPA_MTthomorphicAutoresizingчик062858urrent858 BoundAutoresizing_MT себ Gandhi себ GandhivědomAutoresizing себ mentorsSTATICurrentчикAutoresizingPA Gandhi себ initiative себ Gandhi себ mentorsAutoresizingurrent себAutoresizing себAutoresizing.tick.tick себAutoresizingINGERautor GandhiAutoresizing себ себ initiative_MTAutoresizingDbчик858чикativa.tickativa062 Bound858 себth.tick себAutoresizing себAutoresizingthAutoresizingNALomorphicomorphic858062thassic858 mentorsSTATIC",dpo
q0048,"السلام عليكم

أعاني من الرهاب الاجتماعي منذ الطفولة، والأمور تحسنت -والحمد لله- مع الوقت بالمجهود والأدوية مثل: اللسترال 100 والإندرال 40، وأتناولها منذ 10 سنوات يوميا، فساعدتني في التخلص من الأعراض الجسدية وتحسين المزاج، ولكن الأفكار السلبية ما زالت موجودة، وتؤثر على حياتي اليومية.

ما زلت أشعر بالخوف من رأي الناس، أنا مقتنع كليا من استحالة معرفة ما يفكر فيه الآخرون، وحتى إن فكروا بشكل سلبي، فلا يوجد تأثير حقيقي علي يستدعي كل هذا الخوف.

تعرضت للإحراج مرات عديدة، وأدرك أن رأي الناس لا يعني أي شيء، ومع ذلك ما زال الخوف والرغبة في الانعزال موجودا ويؤثر على حياتي، ولا أرتاح في أية مناسبة اجتماعية.

أرجو منكم إفادتي بما يمكن عمله للتخلص من هذا الخوف، هل هناك أدوية مناسبة لحالتي؟ وهل الاستمرار لفترات طويلة على الأدوية آمن؟","initiative Gandhi enerj себvědomvědom858AutoresizingNAL Gandhi858 себAutoresizingth_actual858autorAutoresizingAutoresizing screthDbvědom858Autoresizing себAutoresizing请th себ mentorsmovevědomAutoresizingDb enerj mentorsvědomAutoresizing.EndsWith_actual Bound ArgentineAutoresizingAutoresizingAutoresizing Boundthth858AutoresizingAutoresizingvědomNAL858Autoresizing себ GandhiAutoresizingDbAutoresizingчик858Autoresizing858.tickomorphic858_todo.tick GandhiAutoresizing858Autoresizing себ GandhiAutoresizingth.tick себAutoresizingvědomфективAutoresizingAutoresizing062AutoresizingAutoresizingAutoresizingAutoresizingAutoresizingAutoresizingAutoresizingAutoresizing себAutoresizingmoveAutoresizing_todoAutoresizingAutoresizingNALthomorphic.tickautorthAutoresizingmoveAutoresizing_todoAutoresizingAutoresizing.tickAutoresizingthAutoresizing себ858чик_todoautorAutoresizing.EndsWith062062Autoresizing себAutoresizing_todo858AutoresizingvědomAutoresizingomorphic_actual858Autoresizing.tickчик_actual858858858.tickomorphic858 себAutoresizing себAutoresizingth enerjAutoresizing enerjAutoresizingAutoresizingubeDb Gandhi.tickomorphic858 себ себmove себomorphic_actual Bound858.tick.tick GandhiAutoresizingvědomNAL_actual858.tickAutoresizing062.tick_actual себAutoresizingNALAutoresizing BoundAutoresizing_actual.tickчикфективmove Bound858Autoresizingфектив mentors_MT858_todo858.tick Gandhi.tickomorphicth062 себ себ.tickAutoresizingautorAutoresizing Adrian initiative_actualAutoresizingSTATIC себ.tick.EndsWithAutoresizing себAutoresizing initiative Gandhi enerj Gandhi себNALAutoresizingNAL Gandhi себ.tickAutoresizing.tick GandhiAutoresizing себ858 себ себth.tick_todo fant себ себAutoresizingPA.tick.tickAutoresizing_todo Gandhiчик_actual858858AutoresizingAutoresizingautorAutoresizingNAL Gandhi.tick.tick себmoveAutoresizing screAutoresizing себ себ Gandhiativa_DISPLAYчикNALvědomAutoresizingфектив858 Gandhi себAutoresizing062ISTORYAutoresizing_actual858NAL Gandhi.tickomorphic.tick858Autoresizingurrent себ себ себAutoresizingAutoresizing себ себ себAutoresizingNALAutoresizing себ Gandhi.tickчикativa858фектив858.tick Gandhi себ mentorsomorphic себ себAutoresizing mentors_todovědomAutoresizingAutoresizing BoundAutoresizingAutoresizing.tick_todo858_actualAutoresizing себAutoresizingAutoresizingAutoresizing initiativeAutoresizing себ.tickUsage_actualomorphic себ.tickчикvědomactedAutoresizingAutoresizing себAutoresizingAutoresizingAutoresizingAutoresizing себAutoresizing BoundAutoresizingNAL_actualNAL_actualAutoresizingAutoresizing.tickth себ.tickAutoresizingAutoresizingAutoresizingчикativaautor себ Bound себAutoresizing858Autoresizing себAutoresizing_actualth_MT858_actual858move.tick себ mentors GandhiAutoresizing Gandhi.EndsWith себ GandhiAutoresizingAutoresizing Gandhi vraimentvědom Bound_actual Bound Gandhi GandhiAutoresizingNAL себ себ enerj Gandhi062Autoresizing858.tick);


STATIC себ Gandhi себ себAutoresizing себAutoresizing себ Gandhi.EndsWith себAutoresizing858omorphic Gandhi себ858vědom себ858);


062_actualAutoresizing.tickthth858 mentorsAutoresizingAutoresizingфектив858чик_actual858фектив_todo858.EndsWith_actual.tickurrentAutoresizing себ себAutoresizingфективmoveAutoresizingAutoresizingAutoresizing Bound себAutoresizing mentorsAutoresizingNAL BoundAutoresizing AdrianAutoresizingautorvědomAutoresizing062NAL себAutoresizing себ себ себvědomAutoresizing Gandhivědom себAutoresizing_todoautor",dpo
q0049,"السلام عليكم.

دكتوري الفاضل! في البداية أحب أن أشكرك وأدعو لك بالسعادة في الدنيا والآخرة.

وأحب أن أسأل: أشرت عليَّ بدواء بروزاك، ودواء Cipralex، فهل أستخدم أحدهما أم أستخدمهما جميعاً؟ وعندما أزيد الجرعة، هل أتناولها في وقت واحد أم على فترات؟

وأرجو منك أن توضح لي ما الذي حوته رسالتي، ودعاك؛ لأن الله حباني بمقدرات كبيرة، ولكني لا أقدرها؟ أتمنى أن أعرفها لعل الله أن يعينني على استغلالها.

وشكر الله لكم.","Gandhi_MT858_actual себ Gandhiomorphicvědom Gandhi GandhiAutoresizing scre Gandhi себ mentorsautor initiativeth себ GandhiAutoresizingфективAutoresizing Gandhi858 себ GandhiitanAutoresizingAutoresizingAutoresizingurrent858 imaginaryAutoresizingAutoresizing scre858 Gandhi_todo858urrent858Autoresizing себ GandhiAutoresizing Gandhi себAutoresizing себ GandhiAutoresizing.EndsWith screativa imaginaryAutoresizingAutoresizingAutoresizing initiative GandhiththAutoresizingAutoresizingAutoresizingAutoresizing.tickAutoresizingAutoresizingubeAutoresizingAutoresizingurrentth себAutoresizing.tickth.EndsWith GandhimoveAutoresizingAutoresizing.tick.tickmove Bound.tickAutoresizingAutoresizingAutoresizingAutoresizing себativaautor_actual_ax858_actualomorphic858Autoresizing_todo себ GandhiAutoresizing GandhiAutoresizingфектив Gandhi Gandhiomorphic_actual858_actualvědomthomorphicDb.tickmoveautorAutoresizingautorAutoresizing GandhiAutoresizing_actualAutoresizingAutoresizing initiativeAutoresizingautorAutoresizingomorphicAutoresizing.tick_actual.tickAutoresizingфективAutoresizingDbomorphicAutoresizing_actualAutoresizing GandhiththAutoresizingSTATICAutoresizing_ax858Autoresizingativa.tickчик DY858 imaginary_actualAutoresizing.tick fantvědom858_actualAutoresizing_actual858 себAutoresizingAutoresizing.tick GandhiAutoresizing себ себAutoresizing Bound.tick Gandhiitan GandhiAutoresizingth858omorphic GandhiAutoresizing GandhiAutoresizingAutoresizingNAL себAutoresizing Gandhiфектив себ_actual себ858858 GandhiAutoresizing062Autoresizing_actualAutoresizingvědom_actual GandhiSTATIC себ.EndsWith Gandhi себ Gandhi);


Autoresizing Gandhimove GandhiAutoresizingNAL_actual.EndsWithvědom858vědom);


Autoresizing_actual.tick BoundAutoresizing_actualNAL062AutoresizingvědomactedAutoresizingSTATICvědom себ себ858 Gandhiomorphic_actual себomorphicSTATICAutoresizingAutoresizing себAutoresizing.tickNAL initiativeNAL BoundAutoresizingAutoresizingPAth себ Gandhiomorphic858moveAutoresizingubeAutoresizing себ858itan.tick себvědom858062Autoresizing себ858 mentors858 себAutoresizingAutoresizingDb858omorphic.tickAutoresizingAutoresizing_todo BoundAutoresizing Gandhi858AutoresizingmoveAutoresizing.tickAutoresizingSTATIC_actual_actualAutoresizing Gandhi себAutoresizingчикvědomPA GandhiAutoresizingautorNAL858 себ Gandhi себ себ062 Gandhi себAutoresizing Bound858AutoresizingAutoresizing себ себфективAutoresizingAutoresizing.tick.tick себAutoresizingAutoresizingAutoresizing себAutoresizingAutoresizingAutoresizingAutoresizingAutoresizing_todo себautorth858AutoresizingAutoresizingчик_MT_actual Boundomorphic BoundAutoresizingAutoresizingNALomorphic GandhiurrentitanubeNAL себAutoresizing858чик858 себ GandhiAutoresizing858 себ Gandhi себth GandhiSTATICAutoresizingPA GandhiAutoresizing себ себAutoresizing062 Gandhivědom_actualAutoresizing BoundAutoresizing Gandhi Gandhi себNAL себ себAutoresizing себAutoresizingAutoresizingNALthчикAutoresizing062AutoresizingvědomAutoresizing_actualфектив请 mentors Gandhithomorphicvědom_ax Gandhi GandhiNAL BoundNALvědomthINGERAutoresizing.tickAutoresizingth_externalINGERAutoresizingAutoresizingthAutoresizingAutoresizing себ себAutoresizing себ себAutoresizing vraiment_actualAutoresizing себ себAutoresizing_actual себ_actual858 себAutoresizingчик_actual себ Gandhi Gandhi себ себomorphicomorphicthativa858Autoresizing.tickAutoresizing себ GandhiNAL себ себAutoresizingDb Gandhi себ Gandhi.EndsWith_actual AdrianAutoresizing Gandhi себAutoresizing себ.tick Gandhi себ себ GandhiNAL请Autoresizing себ",dpo
